tweet_id,comment_id,username,comment_datetime_utc,comment_text,true_sentiment
tweet_000001,c_00001,username_001,2026-02-21T23:48:41Z,"Love the utilitarian focus. If specs hold, I'm in. (towing) 🔥",positive
tweet_000001,c_00002,username_002,2026-02-20T08:42:48Z,Not convinced this is practical day-to-day. (software updates) 😕,negative
tweet_000001,c_00003,username_003,2026-02-20T17:10:14Z,Design is… not for me. (range),negative
tweet_000001,c_00004,username_004,2026-02-22T00:34:23Z,What’s the estimated lead time? (charging),neutral
tweet_000001,c_00005,username_005,2026-02-20T01:43:23Z,Finally! Can't wait to see these on the road. 🔥,positive
tweet_000001,c_00006,username_006,2026-02-20T16:55:43Z,Looks like Tesla is pushing boundaries again. (software updates) ✅,positive
tweet_000001,c_00007,username_007,2026-02-21T21:12:43Z,AWD option is a big win. 🔥,positive
tweet_000001,c_00008,username_008,2026-02-21T16:17:48Z,Limited-time offers feel gimmicky.,negative
tweet_000001,c_00009,username_009,2026-02-21T17:26:54Z,Is the limited-time offer available everywhere?,neutral
tweet_000001,c_00010,username_010,2026-02-21T03:35:00Z,So many delays… what's different now? (price) 🙄,negative
tweet_000001,c_00011,username_011,2026-02-20T22:19:21Z,"Love the utilitarian focus. If specs hold, I'm in.",positive
tweet_000001,c_00012,username_012,2026-02-21T04:55:47Z,Specs keep changing — hard to plan. (stainless steel) ⚠️,negative
tweet_000001,c_00013,username_013,2026-02-20T16:30:21Z,Specs keep changing — hard to plan.,negative
tweet_000001,c_00014,username_014,2026-02-20T06:26:57Z,Design grows on you. The utility matters most.,positive
tweet_000001,c_00015,username_015,2026-02-20T19:04:35Z,Finally! Can't wait to see these on the road. (towing),positive
tweet_000001,c_00016,username_016,2026-02-21T23:51:12Z,I like the direction — keep iterating. (stainless steel),positive
tweet_000001,c_00017,username_017,2026-02-20T05:19:23Z,The engineering is wild. Congrats to the team!,positive
tweet_000001,c_00018,username_018,2026-02-21T06:27:42Z,Is the limited-time offer available everywhere? (serviceability),neutral
tweet_000001,c_00019,username_019,2026-02-21T00:09:50Z,The engineering is wild. Congrats to the team! ⚡,positive
tweet_000001,c_00020,username_020,2026-02-21T10:39:45Z,Finally! Can't wait to see these on the road. (AWD),positive
tweet_000001,c_00021,username_021,2026-02-21T16:29:49Z,Is the limited-time offer available everywhere?,neutral
tweet_000001,c_00022,username_022,2026-02-21T19:44:29Z,Take my money. (kidding… mostly) 😄 (delivery),positive
tweet_000001,c_00023,username_023,2026-02-20T07:52:11Z,This is awesome — Cybertruck looks like the future! 🚀 🔥,positive
tweet_000001,c_00024,username_024,2026-02-21T07:59:26Z,Design grows on you. The utility matters most. (software updates),positive
tweet_000001,c_00025,username_025,2026-02-21T11:19:56Z,What’s the estimated lead time? (build quality),neutral
tweet_000001,c_00026,username_026,2026-02-20T02:05:09Z,Limited-time offers feel gimmicky.,negative
tweet_000001,c_00027,username_027,2026-02-20T20:40:46Z,Looks like Tesla is pushing boundaries again. (software updates) 🚀,positive
tweet_000001,c_00028,username_028,2026-02-20T20:25:45Z,What’s the estimated lead time?,neutral
tweet_000001,c_00029,username_029,2026-02-20T08:59:54Z,Is the limited-time offer available everywhere?,neutral
tweet_000001,c_00030,username_030,2026-02-20T15:44:03Z,Finally! Can't wait to see these on the road. (delivery),positive
tweet_000001,c_00031,username_031,2026-02-21T15:52:09Z,Interesting update. Any details on range and pricing? (charging) 🧐,neutral
tweet_000001,c_00032,username_032,2026-02-20T23:38:32Z,The engineering is wild. Congrats to the team! (serviceability),positive
tweet_000001,c_00033,username_033,2026-02-20T07:29:13Z,This could be great for work sites and towing.,positive
tweet_000001,c_00034,username_034,2026-02-21T16:02:25Z,I’ll believe it when I see consistent deliveries. (charging),negative
tweet_000001,c_00035,username_035,2026-02-20T13:16:27Z,Specs keep changing — hard to plan. (serviceability),negative
tweet_000001,c_00036,username_036,2026-02-20T16:40:21Z,Not convinced this is practical day-to-day.,negative
tweet_000001,c_00037,username_037,2026-02-20T23:56:54Z,Take my money. (kidding… mostly) 😄,positive
tweet_000001,c_00038,username_038,2026-02-21T09:09:05Z,I like the direction — keep iterating. (AWD) ✅,positive
tweet_000001,c_00039,username_039,2026-02-20T02:46:54Z,So many delays… what's different now? (serviceability) 😕,negative
tweet_000001,c_00040,username_040,2026-02-21T23:12:19Z,This is awesome — Cybertruck looks like the future! 🚀 (range),positive
tweet_000001,c_00041,username_041,2026-02-20T06:24:34Z,I like the direction — keep iterating. (efficiency),positive
tweet_000001,c_00042,username_042,2026-02-21T16:30:56Z,Curious about charging speed on 800V.,neutral
tweet_000001,c_00043,username_043,2026-02-21T19:12:30Z,This could be great for work sites and towing. (charging),positive
tweet_000001,c_00044,username_044,2026-02-20T15:06:54Z,Limited-time offers feel gimmicky. (software updates),negative
tweet_000001,c_00045,username_045,2026-02-21T07:11:07Z,This could be great for work sites and towing. ⚡,positive
tweet_000001,c_00046,username_046,2026-02-22T00:18:12Z,Limited-time offers feel gimmicky. (suspension) 😕,negative
tweet_000001,c_00047,username_047,2026-02-20T19:21:23Z,The engineering is wild. Congrats to the team! (charging) 🔥,positive
tweet_000001,c_00048,username_048,2026-02-20T21:31:58Z,How does this compare to the earlier announced configuration? (price),neutral
tweet_000001,c_00049,username_049,2026-02-21T17:19:24Z,When will deliveries start in more regions? (build quality),neutral
tweet_000001,c_00050,username_050,2026-02-20T08:02:28Z,The engineering is wild. Congrats to the team! (charging),positive
tweet_000001,c_00051,username_051,2026-02-21T06:27:10Z,Still too expensive for what it is. (range),negative
tweet_000001,c_00052,username_052,2026-02-20T20:33:41Z,Feels like hype more than substance. (suspension),negative
tweet_000001,c_00053,username_053,2026-02-21T17:43:11Z,Feels like hype more than substance. (towing) 😕,negative
tweet_000001,c_00054,username_054,2026-02-21T19:25:28Z,Not convinced this is practical day-to-day. (stainless steel) 😒,negative
tweet_000001,c_00055,username_055,2026-02-21T11:58:07Z,What’s the estimated lead time?,neutral
tweet_000001,c_00056,username_056,2026-02-20T05:23:30Z,Not convinced this is practical day-to-day. (delivery) 😕,negative
tweet_000001,c_00057,username_057,2026-02-20T18:22:37Z,Take my money. (kidding… mostly) 😄 (serviceability) 🙌,positive
tweet_000001,c_00058,username_058,2026-02-20T04:08:38Z,Design grows on you. The utility matters most. (efficiency),positive
tweet_000001,c_00059,username_059,2026-02-21T15:19:04Z,Looks like Tesla is pushing boundaries again. ⚡,positive
tweet_000001,c_00060,username_060,2026-02-21T00:07:41Z,The engineering is wild. Congrats to the team! (delivery),positive
tweet_000001,c_00061,username_061,2026-02-20T23:05:42Z,This could be great for work sites and towing. (features),positive
tweet_000001,c_00062,username_062,2026-02-20T01:55:41Z,This could be great for work sites and towing.,positive
tweet_000001,c_00063,username_063,2026-02-20T08:31:49Z,Limited-time offers feel gimmicky. (build quality) ⚠️,negative
tweet_000001,c_00064,username_064,2026-02-20T06:15:33Z,The engineering is wild. Congrats to the team! (delivery),positive
tweet_000001,c_00065,username_065,2026-02-21T16:48:21Z,AWD option is a big win. 🔥,positive
tweet_000001,c_00066,username_066,2026-02-22T00:52:15Z,What’s the estimated lead time? (build quality) 🤔,neutral
tweet_000001,c_00067,username_067,2026-02-20T11:01:43Z,AWD option is a big win. 🔥 (price),positive
tweet_000001,c_00068,username_068,2026-02-20T12:34:09Z,Specs keep changing — hard to plan. (AWD),negative
tweet_000001,c_00069,username_069,2026-02-20T16:04:31Z,AWD option is a big win. 🔥 (towing),positive
tweet_000001,c_00070,username_070,2026-02-20T04:56:56Z,Limited-time offers feel gimmicky.,negative
tweet_000001,c_00071,username_071,2026-02-20T04:27:37Z,Still too expensive for what it is. (delivery),negative
tweet_000001,c_00072,username_072,2026-02-20T20:19:30Z,Finally! Can't wait to see these on the road.,positive
tweet_000001,c_00073,username_073,2026-02-21T08:23:35Z,I like the direction — keep iterating. (price),positive
tweet_000001,c_00074,username_074,2026-02-20T12:06:13Z,Not convinced this is practical day-to-day. (stainless steel),negative
tweet_000001,c_00075,username_075,2026-02-20T12:02:01Z,Concerned about safety and repairs. (towing),negative
tweet_000001,c_00076,username_076,2026-02-20T04:09:18Z,This rollout has been messy. (AWD),negative
tweet_000001,c_00077,username_077,2026-02-21T03:00:14Z,Not convinced this is practical day-to-day.,negative
tweet_000001,c_00078,username_078,2026-02-21T22:26:42Z,Finally! Can't wait to see these on the road. 🔥,positive
tweet_000001,c_00079,username_079,2026-02-20T14:08:33Z,Take my money. (kidding… mostly) 😄 (suspension),positive
tweet_000001,c_00080,username_080,2026-02-21T07:13:48Z,The engineering is wild. Congrats to the team! (features),positive
tweet_000001,c_00081,username_081,2026-02-21T05:06:21Z,Still too expensive for what it is. 🤦,negative
tweet_000001,c_00082,username_082,2026-02-21T02:42:40Z,Is the limited-time offer available everywhere?,neutral
tweet_000001,c_00083,username_083,2026-02-20T17:28:58Z,This is awesome — Cybertruck looks like the future! 🚀 ✅,positive
tweet_000001,c_00084,username_084,2026-02-20T06:18:18Z,AWD option is a big win. 🔥 (build quality) 🙌,positive
tweet_000001,c_00085,username_085,2026-02-21T01:21:48Z,This is awesome — Cybertruck looks like the future! 🚀 (towing) ✅,positive
tweet_000001,c_00086,username_086,2026-02-20T04:02:08Z,"Love the utilitarian focus. If specs hold, I'm in. (stainless steel)",positive
tweet_000001,c_00087,username_087,2026-02-21T00:05:28Z,Concerned about safety and repairs.,negative
tweet_000001,c_00088,username_088,2026-02-21T05:17:56Z,Hope the build quality is solid. (range),neutral
tweet_000001,c_00089,username_089,2026-02-20T01:22:23Z,Not convinced this is practical day-to-day.,negative
tweet_000001,c_00090,username_090,2026-02-20T15:35:51Z,Waiting for real-world reviews. (efficiency),neutral
tweet_000001,c_00091,username_091,2026-02-21T22:37:36Z,Looks like Tesla is pushing boundaries again. ✅,positive
tweet_000001,c_00092,username_092,2026-02-21T14:10:39Z,Specs keep changing — hard to plan. ⚠️,negative
tweet_000001,c_00093,username_093,2026-02-21T17:37:15Z,I’ll believe it when I see consistent deliveries. (efficiency),negative
tweet_000001,c_00094,username_094,2026-02-20T13:55:20Z,Hope the build quality is solid. (software updates),neutral
tweet_000001,c_00095,username_095,2026-02-20T01:16:46Z,Specs keep changing — hard to plan. (software updates),negative
tweet_000001,c_00096,username_096,2026-02-21T21:25:32Z,Waiting for real-world reviews. (charging),neutral
tweet_000001,c_00097,username_097,2026-02-21T14:28:21Z,How does this compare to the earlier announced configuration?,neutral
tweet_000001,c_00098,username_098,2026-02-20T13:36:23Z,"Love the utilitarian focus. If specs hold, I'm in. (efficiency)",positive
tweet_000001,c_00099,username_099,2026-02-21T01:39:27Z,"Love the utilitarian focus. If specs hold, I'm in.",positive
tweet_000001,c_00100,username_100,2026-02-20T23:51:14Z,The engineering is wild. Congrats to the team! 🚀,positive
tweet_000001,c_00101,username_101,2026-02-20T19:04:44Z,This could be great for work sites and towing.,positive
tweet_000001,c_00102,username_102,2026-02-21T10:24:44Z,Will there be different trims later?,neutral
tweet_000001,c_00103,username_103,2026-02-21T05:12:37Z,This could be great for work sites and towing. (delivery),positive
tweet_000001,c_00104,username_104,2026-02-20T01:39:13Z,When will deliveries start in more regions? 📅,neutral
tweet_000001,c_00105,username_105,2026-02-20T04:54:24Z,Not convinced this is practical day-to-day. (price),negative
tweet_000001,c_00106,username_106,2026-02-21T11:05:03Z,I like the direction — keep iterating.,positive
tweet_000001,c_00107,username_107,2026-02-21T09:28:37Z,Design grows on you. The utility matters most.,positive
tweet_000001,c_00108,username_108,2026-02-21T08:19:27Z,Not convinced this is practical day-to-day. (delivery),negative
tweet_000001,c_00109,username_109,2026-02-21T11:48:53Z,This could be great for work sites and towing. (AWD),positive
tweet_000001,c_00110,username_110,2026-02-20T21:26:35Z,I like the direction — keep iterating. (AWD) 🚀,positive
tweet_000001,c_00111,username_111,2026-02-20T22:03:21Z,The engineering is wild. Congrats to the team! (stainless steel),positive
tweet_000001,c_00112,username_112,2026-02-20T07:07:02Z,Finally! Can't wait to see these on the road. (software updates),positive
tweet_000001,c_00113,username_113,2026-02-20T16:49:46Z,Limited-time offers feel gimmicky. (stainless steel),negative
tweet_000001,c_00114,username_114,2026-02-21T07:31:32Z,Still too expensive for what it is. (software updates),negative
tweet_000001,c_00115,username_115,2026-02-21T19:46:52Z,Interesting update. Any details on range and pricing?,neutral
tweet_000001,c_00116,username_116,2026-02-21T04:56:54Z,Feels like hype more than substance. (stainless steel) 🤦,negative
tweet_000001,c_00117,username_117,2026-02-21T07:45:43Z,Not convinced this is practical day-to-day.,negative
tweet_000001,c_00118,username_118,2026-02-21T21:10:39Z,The engineering is wild. Congrats to the team! (towing),positive
tweet_000001,c_00119,username_119,2026-02-20T03:21:48Z,Concerned about safety and repairs. (efficiency),negative
tweet_000001,c_00120,username_120,2026-02-20T13:16:05Z,How does this compare to the earlier announced configuration?,neutral
tweet_000001,c_00121,username_121,2026-02-21T16:08:37Z,Still too expensive for what it is.,negative
tweet_000001,c_00122,username_122,2026-02-20T03:13:24Z,Limited-time offers feel gimmicky. 🤦,negative
tweet_000001,c_00123,username_123,2026-02-20T14:28:59Z,This is awesome — Cybertruck looks like the future! 🚀 (stainless steel) ✅,positive
tweet_000001,c_00124,username_124,2026-02-21T01:49:33Z,Take my money. (kidding… mostly) 😄 (software updates) 🚀,positive
tweet_000001,c_00125,username_125,2026-02-21T11:29:48Z,This is awesome — Cybertruck looks like the future! 🚀 ✅,positive
tweet_000001,c_00126,username_126,2026-02-20T17:34:38Z,"Love the utilitarian focus. If specs hold, I'm in.",positive
tweet_000001,c_00127,username_127,2026-02-20T03:30:34Z,Design is… not for me. (range),negative
tweet_000001,c_00128,username_128,2026-02-20T18:37:13Z,I’ll believe it when I see consistent deliveries. (price),negative
tweet_000001,c_00129,username_129,2026-02-20T17:07:18Z,This could be great for work sites and towing.,positive
tweet_000001,c_00130,username_130,2026-02-20T13:28:04Z,Hope the build quality is solid.,neutral
tweet_000001,c_00131,username_131,2026-02-20T09:35:24Z,Finally! Can't wait to see these on the road. 🚀,positive
tweet_000001,c_00132,username_132,2026-02-20T23:57:57Z,Design grows on you. The utility matters most.,positive
tweet_000001,c_00133,username_133,2026-02-21T06:08:00Z,The engineering is wild. Congrats to the team! (suspension),positive
tweet_000001,c_00134,username_134,2026-02-20T18:56:01Z,"Love the utilitarian focus. If specs hold, I'm in. ⚡",positive
tweet_000001,c_00135,username_135,2026-02-21T20:58:14Z,Limited-time offers feel gimmicky.,negative
tweet_000001,c_00136,username_136,2026-02-20T04:14:26Z,Looks like Tesla is pushing boundaries again. (efficiency) 🙌,positive
tweet_000001,c_00137,username_137,2026-02-22T00:24:09Z,Waiting for real-world reviews. (software updates),neutral
tweet_000001,c_00138,username_138,2026-02-20T08:56:06Z,Concerned about safety and repairs.,negative
tweet_000001,c_00139,username_139,2026-02-21T10:43:37Z,Finally! Can't wait to see these on the road. (suspension),positive
tweet_000001,c_00140,username_140,2026-02-22T00:36:53Z,Specs keep changing — hard to plan.,negative
tweet_000001,c_00141,username_141,2026-02-21T12:27:25Z,Feels like hype more than substance. (suspension),negative
tweet_000001,c_00142,username_142,2026-02-21T00:43:10Z,The engineering is wild. Congrats to the team! 😄,positive
tweet_000001,c_00143,username_143,2026-02-20T19:00:27Z,How does this compare to the earlier announced configuration? (efficiency),neutral
tweet_000001,c_00144,username_144,2026-02-20T03:20:23Z,This could be great for work sites and towing. 🔥,positive
tweet_000001,c_00145,username_145,2026-02-21T03:05:15Z,AWD option is a big win. 🔥 (serviceability),positive
tweet_000001,c_00146,username_146,2026-02-20T21:22:02Z,I like the direction — keep iterating. (AWD) ⚡,positive
tweet_000001,c_00147,username_147,2026-02-21T06:50:42Z,How does this compare to the earlier announced configuration? (AWD),neutral
tweet_000001,c_00148,username_148,2026-02-22T00:16:59Z,How does this compare to the earlier announced configuration? (range) ℹ️,neutral
tweet_000001,c_00149,username_149,2026-02-21T06:41:51Z,The engineering is wild. Congrats to the team! (serviceability) 🙌,positive
tweet_000001,c_00150,username_150,2026-02-21T15:54:37Z,Looks like Tesla is pushing boundaries again. (suspension),positive
tweet_000001,c_00151,username_151,2026-02-21T02:52:05Z,Feels like hype more than substance. (towing) 🙄,negative
tweet_000001,c_00152,username_152,2026-02-21T00:13:39Z,"Love the utilitarian focus. If specs hold, I'm in.",positive
tweet_000001,c_00153,username_153,2026-02-20T14:43:55Z,The engineering is wild. Congrats to the team! (charging) 🙌,positive
tweet_000001,c_00154,username_154,2026-02-21T15:27:10Z,Hope the build quality is solid. (price),neutral
tweet_000001,c_00155,username_155,2026-02-20T22:49:19Z,Design is… not for me. (towing) 😒,negative
tweet_000001,c_00156,username_156,2026-02-20T10:28:02Z,AWD option is a big win. 🔥 (range),positive
tweet_000001,c_00157,username_157,2026-02-20T10:26:43Z,Feels like hype more than substance. (range),negative
tweet_000001,c_00158,username_158,2026-02-21T11:25:49Z,Feels like hype more than substance. (delivery),negative
tweet_000001,c_00159,username_159,2026-02-20T19:38:05Z,This could be great for work sites and towing. (price),positive
tweet_000001,c_00160,username_160,2026-02-20T06:38:40Z,So many delays… what's different now? 🙄,negative
tweet_000001,c_00161,username_161,2026-02-21T18:14:05Z,AWD option is a big win. 🔥 (AWD) 😄,positive
tweet_000001,c_00162,username_162,2026-02-21T21:24:02Z,Hope the build quality is solid. 📅,neutral
tweet_000001,c_00163,username_163,2026-02-21T10:03:19Z,How does this compare to the earlier announced configuration? (serviceability),neutral
tweet_000001,c_00164,username_164,2026-02-20T23:29:13Z,Hope the build quality is solid.,neutral
tweet_000001,c_00165,username_165,2026-02-20T08:28:33Z,The engineering is wild. Congrats to the team! 🚀,positive
tweet_000001,c_00166,username_166,2026-02-20T12:41:11Z,Design is… not for me. (price) 🤦,negative
tweet_000001,c_00167,username_167,2026-02-21T10:03:16Z,Design grows on you. The utility matters most. (range) ⚡,positive
tweet_000001,c_00168,username_168,2026-02-20T21:50:12Z,This could be great for work sites and towing. (AWD),positive
tweet_000001,c_00169,username_169,2026-02-21T22:45:55Z,Design grows on you. The utility matters most.,positive
tweet_000001,c_00170,username_170,2026-02-21T08:12:27Z,When will deliveries start in more regions? (efficiency) 🧐,neutral
tweet_000001,c_00171,username_171,2026-02-20T11:36:26Z,Limited-time offers feel gimmicky. (features) 😒,negative
tweet_000001,c_00172,username_172,2026-02-20T22:15:57Z,This could be great for work sites and towing. (suspension) 😄,positive
tweet_000001,c_00173,username_173,2026-02-20T21:04:27Z,What’s the estimated lead time? (charging) 🤔,neutral
tweet_000001,c_00174,username_174,2026-02-21T08:42:33Z,Looks like Tesla is pushing boundaries again. 🔥,positive
tweet_000001,c_00175,username_175,2026-02-21T19:08:04Z,Hope the build quality is solid.,neutral
tweet_000001,c_00176,username_176,2026-02-20T20:52:30Z,Design grows on you. The utility matters most. (features) 🙌,positive
tweet_000001,c_00177,username_177,2026-02-22T00:41:29Z,Feels like hype more than substance. 😒,negative
tweet_000001,c_00178,username_178,2026-02-21T08:59:24Z,This could be great for work sites and towing.,positive
tweet_000001,c_00179,username_179,2026-02-21T06:59:06Z,This rollout has been messy. (price),negative
tweet_000001,c_00180,username_180,2026-02-21T01:15:56Z,Take my money. (kidding… mostly) 😄 😄,positive
tweet_000001,c_00181,username_181,2026-02-21T17:18:24Z,This is awesome — Cybertruck looks like the future! 🚀 (stainless steel) 🚀,positive
tweet_000001,c_00182,username_182,2026-02-21T06:40:52Z,I like the direction — keep iterating. 🙌,positive
tweet_000001,c_00183,username_183,2026-02-21T10:53:24Z,Concerned about safety and repairs. (build quality),negative
tweet_000001,c_00184,username_184,2026-02-21T13:32:56Z,Feels like hype more than substance. 😒,negative
tweet_000001,c_00185,username_185,2026-02-20T10:47:24Z,AWD option is a big win. 🔥 (suspension),positive
tweet_000001,c_00186,username_186,2026-02-20T03:21:07Z,So many delays… what's different now?,negative
tweet_000001,c_00187,username_187,2026-02-20T23:52:41Z,Not convinced this is practical day-to-day. (software updates) 😕,negative
tweet_000001,c_00188,username_188,2026-02-21T10:51:05Z,When will deliveries start in more regions? 🧐,neutral
tweet_000001,c_00189,username_189,2026-02-21T14:18:17Z,Is the limited-time offer available everywhere? (charging),neutral
tweet_000001,c_00190,username_190,2026-02-20T18:59:52Z,This could be great for work sites and towing. (software updates) 🙌,positive
tweet_000001,c_00191,username_191,2026-02-21T14:15:32Z,Finally! Can't wait to see these on the road. 😄,positive
tweet_000001,c_00192,username_192,2026-02-21T01:59:56Z,Not convinced this is practical day-to-day. (range) ⚠️,negative
tweet_000001,c_00193,username_193,2026-02-21T19:59:22Z,So many delays… what's different now?,negative
tweet_000001,c_00194,username_194,2026-02-20T12:04:13Z,How does this compare to the earlier announced configuration? (stainless steel),neutral
tweet_000001,c_00195,username_195,2026-02-21T16:49:16Z,Take my money. (kidding… mostly) 😄 (stainless steel),positive
tweet_000001,c_00196,username_196,2026-02-20T18:38:21Z,Design grows on you. The utility matters most. (features),positive
tweet_000001,c_00197,username_197,2026-02-21T00:25:08Z,Feels like hype more than substance.,negative
tweet_000001,c_00198,username_198,2026-02-21T05:21:48Z,I’ll believe it when I see consistent deliveries. (range) 😒,negative
tweet_000001,c_00199,username_199,2026-02-21T01:25:30Z,Limited-time offers feel gimmicky.,negative
tweet_000001,c_00200,username_200,2026-02-21T15:32:54Z,Feels like hype more than substance. (delivery),negative
tweet_000001,c_00201,username_201,2026-02-22T00:55:46Z,Curious about charging speed on 800V. (features),neutral
tweet_000001,c_00202,username_202,2026-02-21T01:54:11Z,Design grows on you. The utility matters most.,positive
tweet_000001,c_00203,username_203,2026-02-21T01:10:31Z,I like the direction — keep iterating. (stainless steel),positive
tweet_000001,c_00204,username_204,2026-02-21T12:46:52Z,Not convinced this is practical day-to-day. (price) ⚠️,negative
tweet_000001,c_00205,username_205,2026-02-20T17:48:54Z,When will deliveries start in more regions? (price),neutral
tweet_000001,c_00206,username_206,2026-02-20T08:34:07Z,This could be great for work sites and towing. (towing),positive
tweet_000001,c_00207,username_207,2026-02-20T04:35:56Z,Looks like Tesla is pushing boundaries again. ✅,positive
tweet_000001,c_00208,username_208,2026-02-21T08:36:41Z,I’ll believe it when I see consistent deliveries. (software updates),negative
tweet_000001,c_00209,username_209,2026-02-20T14:21:40Z,Finally! Can't wait to see these on the road. (serviceability),positive
tweet_000001,c_00210,username_210,2026-02-21T22:22:33Z,The engineering is wild. Congrats to the team! (serviceability) 😄,positive
tweet_000001,c_00211,username_211,2026-02-21T23:42:02Z,Is the limited-time offer available everywhere? (efficiency) 📅,neutral
tweet_000001,c_00212,username_212,2026-02-20T22:11:40Z,Not convinced this is practical day-to-day. (charging),negative
tweet_000001,c_00213,username_213,2026-02-21T20:02:08Z,Specs keep changing — hard to plan.,negative
tweet_000001,c_00214,username_214,2026-02-20T19:27:41Z,This could be great for work sites and towing. 😄,positive
tweet_000001,c_00215,username_215,2026-02-21T12:26:10Z,Limited-time offers feel gimmicky. (serviceability),negative
tweet_000001,c_00216,username_216,2026-02-20T22:47:41Z,AWD option is a big win. 🔥 (efficiency) 🚀,positive
tweet_000001,c_00217,username_217,2026-02-21T18:27:34Z,This is awesome — Cybertruck looks like the future! 🚀,positive
tweet_000001,c_00218,username_218,2026-02-20T22:05:24Z,Design is… not for me.,negative
tweet_000001,c_00219,username_219,2026-02-21T23:36:25Z,Do we have confirmed specs yet?,neutral
tweet_000001,c_00220,username_220,2026-02-22T01:15:00Z,I’ll believe it when I see consistent deliveries.,negative
tweet_000001,c_00221,username_221,2026-02-22T00:18:54Z,Still too expensive for what it is. (charging) ⚠️,negative
tweet_000001,c_00222,username_222,2026-02-20T10:49:08Z,When will deliveries start in more regions?,neutral
tweet_000001,c_00223,username_223,2026-02-21T07:30:21Z,Finally! Can't wait to see these on the road. (features),positive
tweet_000001,c_00224,username_224,2026-02-21T03:53:27Z,I like the direction — keep iterating. (towing),positive
tweet_000001,c_00225,username_225,2026-02-20T19:57:43Z,This could be great for work sites and towing. ✅,positive
tweet_000001,c_00226,username_226,2026-02-20T09:38:11Z,This could be great for work sites and towing. 🔥,positive
tweet_000001,c_00227,username_227,2026-02-21T06:11:19Z,Not convinced this is practical day-to-day. (features),negative
tweet_000001,c_00228,username_228,2026-02-20T20:30:26Z,I like the direction — keep iterating. (stainless steel),positive
tweet_000001,c_00229,username_229,2026-02-20T20:20:24Z,So many delays… what's different now? (efficiency),negative
tweet_000001,c_00230,username_230,2026-02-20T09:08:22Z,Do we have confirmed specs yet? (serviceability),neutral
tweet_000001,c_00231,username_231,2026-02-21T18:07:49Z,This rollout has been messy. 😕,negative
tweet_000001,c_00232,username_232,2026-02-21T23:31:07Z,How does this compare to the earlier announced configuration?,neutral
tweet_000001,c_00233,username_233,2026-02-21T06:58:52Z,When will deliveries start in more regions? (range),neutral
tweet_000001,c_00234,username_234,2026-02-21T13:07:18Z,When will deliveries start in more regions? (build quality) 📅,neutral
tweet_000001,c_00235,username_235,2026-02-21T04:15:58Z,I like the direction — keep iterating. (suspension),positive
tweet_000001,c_00236,username_236,2026-02-21T07:27:39Z,Limited-time offers feel gimmicky.,negative
tweet_000001,c_00237,username_237,2026-02-20T21:37:12Z,This is awesome — Cybertruck looks like the future! 🚀 😄,positive
tweet_000001,c_00238,username_238,2026-02-20T18:26:35Z,Looks like Tesla is pushing boundaries again. (efficiency) ⚡,positive
tweet_000001,c_00239,username_239,2026-02-21T03:22:04Z,Interesting update. Any details on range and pricing? (AWD),neutral
tweet_000001,c_00240,username_240,2026-02-21T10:21:41Z,"Love the utilitarian focus. If specs hold, I'm in.",positive
tweet_000001,c_00241,username_241,2026-02-21T20:43:58Z,Still too expensive for what it is. (stainless steel) 🙄,negative
tweet_000001,c_00242,username_242,2026-02-21T18:21:40Z,Design is… not for me. (features),negative
tweet_000001,c_00243,username_243,2026-02-21T19:56:56Z,Design is… not for me. 🙄,negative
tweet_000001,c_00244,username_244,2026-02-21T20:38:53Z,This is awesome — Cybertruck looks like the future! 🚀 (delivery),positive
tweet_000001,c_00245,username_245,2026-02-21T16:35:14Z,AWD option is a big win. 🔥 🚀,positive
tweet_000001,c_00246,username_246,2026-02-20T10:50:51Z,Still too expensive for what it is. (features) ⚠️,negative
tweet_000001,c_00247,username_247,2026-02-20T02:23:56Z,Finally! Can't wait to see these on the road. (delivery),positive
tweet_000001,c_00248,username_248,2026-02-21T15:33:30Z,Limited-time offers feel gimmicky.,negative
tweet_000001,c_00249,username_249,2026-02-21T03:36:46Z,Not convinced this is practical day-to-day. (charging),negative
tweet_000001,c_00250,username_250,2026-02-21T22:02:26Z,Still too expensive for what it is.,negative
tweet_000001,c_00251,username_251,2026-02-22T01:13:47Z,I like the direction — keep iterating. (efficiency),positive
tweet_000001,c_00252,username_252,2026-02-20T05:40:45Z,This could be great for work sites and towing.,positive
tweet_000001,c_00253,username_253,2026-02-20T09:06:41Z,Feels like hype more than substance.,negative
tweet_000001,c_00254,username_254,2026-02-20T07:07:58Z,Looks like Tesla is pushing boundaries again. ✅,positive
tweet_000001,c_00255,username_255,2026-02-21T22:42:41Z,Design grows on you. The utility matters most. (stainless steel) 🙌,positive
tweet_000001,c_00256,username_256,2026-02-21T15:53:02Z,Is the limited-time offer available everywhere? (serviceability),neutral
tweet_000001,c_00257,username_257,2026-02-20T09:34:52Z,Not convinced this is practical day-to-day. 🤦,negative
tweet_000001,c_00258,username_258,2026-02-20T17:53:18Z,Concerned about safety and repairs. (charging),negative
tweet_000001,c_00259,username_259,2026-02-20T08:10:26Z,Waiting for real-world reviews. (efficiency) ℹ️,neutral
tweet_000001,c_00260,username_260,2026-02-21T11:47:06Z,"Love the utilitarian focus. If specs hold, I'm in. (price) 🚀",positive
tweet_000001,c_00261,username_261,2026-02-21T04:23:07Z,Curious about charging speed on 800V. (serviceability),neutral
tweet_000001,c_00262,username_262,2026-02-21T18:09:01Z,This rollout has been messy.,negative
tweet_000001,c_00263,username_263,2026-02-21T08:02:50Z,This is awesome — Cybertruck looks like the future! 🚀,positive
tweet_000001,c_00264,username_264,2026-02-21T02:51:21Z,When will deliveries start in more regions? (AWD) 📅,neutral
tweet_000001,c_00265,username_265,2026-02-20T17:34:44Z,Limited-time offers feel gimmicky. (build quality),negative
tweet_000001,c_00266,username_266,2026-02-20T21:32:04Z,So many delays… what's different now? (software updates),negative
tweet_000001,c_00267,username_267,2026-02-21T22:31:21Z,So many delays… what's different now?,negative
tweet_000001,c_00268,username_268,2026-02-21T21:35:44Z,Specs keep changing — hard to plan. (towing),negative
tweet_000001,c_00269,username_269,2026-02-20T23:44:58Z,Looks like Tesla is pushing boundaries again. (delivery),positive
tweet_000001,c_00270,username_270,2026-02-21T18:29:17Z,Take my money. (kidding… mostly) 😄 (suspension),positive
tweet_000001,c_00271,username_271,2026-02-20T03:28:56Z,Limited-time offers feel gimmicky. 🤦,negative
tweet_000001,c_00272,username_272,2026-02-21T10:17:00Z,This rollout has been messy. (towing),negative
tweet_000001,c_00273,username_273,2026-02-21T18:34:51Z,So many delays… what's different now? (range) 😒,negative
tweet_000001,c_00274,username_274,2026-02-20T04:52:24Z,Limited-time offers feel gimmicky. (efficiency),negative
tweet_000001,c_00275,username_275,2026-02-21T21:27:21Z,How does this compare to the earlier announced configuration? (AWD),neutral
tweet_000001,c_00276,username_276,2026-02-20T09:32:16Z,Waiting for real-world reviews. (towing),neutral
tweet_000001,c_00277,username_277,2026-02-21T20:26:26Z,Feels like hype more than substance. (towing) 🤦,negative
tweet_000001,c_00278,username_278,2026-02-21T20:53:29Z,Interesting update. Any details on range and pricing? (towing),neutral
tweet_000001,c_00279,username_279,2026-02-20T11:14:35Z,Specs keep changing — hard to plan. (price) 🤦,negative
tweet_000001,c_00280,username_280,2026-02-20T14:02:37Z,I’ll believe it when I see consistent deliveries. (suspension) 😒,negative
tweet_000001,c_00281,username_281,2026-02-21T03:02:22Z,Limited-time offers feel gimmicky. (suspension) 😕,negative
tweet_000001,c_00282,username_282,2026-02-21T10:43:41Z,"Love the utilitarian focus. If specs hold, I'm in.",positive
tweet_000001,c_00283,username_283,2026-02-21T19:00:13Z,Take my money. (kidding… mostly) 😄,positive
tweet_000001,c_00284,username_284,2026-02-20T09:38:12Z,Take my money. (kidding… mostly) 😄 (stainless steel) 🙌,positive
tweet_000001,c_00285,username_285,2026-02-21T10:45:11Z,Waiting for real-world reviews. (price) 📅,neutral
tweet_000001,c_00286,username_286,2026-02-21T15:24:13Z,"Love the utilitarian focus. If specs hold, I'm in. (towing)",positive
tweet_000001,c_00287,username_287,2026-02-20T17:23:03Z,Waiting for real-world reviews. 🤔,neutral
tweet_000001,c_00288,username_288,2026-02-21T15:53:14Z,What’s the estimated lead time? (features),neutral
tweet_000001,c_00289,username_289,2026-02-22T00:14:59Z,Finally! Can't wait to see these on the road. (delivery) 🔥,positive
tweet_000001,c_00290,username_290,2026-02-21T21:06:55Z,Curious about charging speed on 800V.,neutral
tweet_000001,c_00291,username_291,2026-02-20T14:08:57Z,This could be great for work sites and towing. (serviceability),positive
tweet_000001,c_00292,username_292,2026-02-21T09:56:17Z,Design grows on you. The utility matters most.,positive
tweet_000001,c_00293,username_293,2026-02-21T00:47:07Z,This rollout has been messy. (price),negative
tweet_000001,c_00294,username_294,2026-02-21T23:13:33Z,AWD option is a big win. 🔥,positive
tweet_000001,c_00295,username_295,2026-02-21T02:52:39Z,I like the direction — keep iterating. (charging),positive
tweet_000001,c_00296,username_296,2026-02-20T05:23:33Z,Waiting for real-world reviews. 🤔,neutral
tweet_000001,c_00297,username_297,2026-02-21T22:02:00Z,So many delays… what's different now? (charging),negative
tweet_000001,c_00298,username_298,2026-02-20T04:14:13Z,This could be great for work sites and towing.,positive
tweet_000001,c_00299,username_299,2026-02-20T14:57:25Z,Waiting for real-world reviews.,neutral
tweet_000001,c_00300,username_300,2026-02-20T05:45:19Z,This could be great for work sites and towing. (stainless steel),positive
tweet_000001,c_00301,username_301,2026-02-20T07:23:26Z,I like the direction — keep iterating. ⚡,positive
tweet_000001,c_00302,username_302,2026-02-21T09:07:35Z,How does this compare to the earlier announced configuration? (serviceability) 🧐,neutral
tweet_000001,c_00303,username_303,2026-02-20T21:50:58Z,Will there be different trims later? (stainless steel),neutral
tweet_000001,c_00304,username_304,2026-02-20T05:03:47Z,Waiting for real-world reviews. (price),neutral
tweet_000001,c_00305,username_305,2026-02-21T05:23:55Z,Specs keep changing — hard to plan. (efficiency),negative
tweet_000001,c_00306,username_306,2026-02-21T21:08:14Z,I’ll believe it when I see consistent deliveries. (serviceability),negative
tweet_000001,c_00307,username_307,2026-02-21T02:43:23Z,Is the limited-time offer available everywhere?,neutral
tweet_000001,c_00308,username_308,2026-02-21T05:47:29Z,Finally! Can't wait to see these on the road. (price) 😄,positive
tweet_000001,c_00309,username_309,2026-02-22T00:06:27Z,This rollout has been messy.,negative
tweet_000001,c_00310,username_310,2026-02-21T15:34:50Z,"Love the utilitarian focus. If specs hold, I'm in.",positive
tweet_000001,c_00311,username_311,2026-02-21T03:35:51Z,This is awesome — Cybertruck looks like the future! 🚀 (delivery),positive
tweet_000001,c_00312,username_312,2026-02-21T02:08:03Z,This could be great for work sites and towing. (delivery) ✅,positive
tweet_000001,c_00313,username_313,2026-02-20T08:36:53Z,I like the direction — keep iterating.,positive
tweet_000001,c_00314,username_314,2026-02-21T15:35:27Z,Still too expensive for what it is.,negative
tweet_000001,c_00315,username_315,2026-02-21T22:15:13Z,I’ll believe it when I see consistent deliveries. (delivery) 😒,negative
tweet_000001,c_00316,username_316,2026-02-20T13:18:15Z,Feels like hype more than substance. (stainless steel),negative
tweet_000001,c_00317,username_317,2026-02-20T18:32:47Z,This could be great for work sites and towing.,positive
tweet_000001,c_00318,username_318,2026-02-21T09:56:23Z,The engineering is wild. Congrats to the team! (towing),positive
tweet_000001,c_00319,username_319,2026-02-21T11:24:09Z,The engineering is wild. Congrats to the team! (serviceability),positive
tweet_000001,c_00320,username_320,2026-02-21T10:52:06Z,AWD option is a big win. 🔥,positive
tweet_000001,c_00321,username_321,2026-02-21T07:44:09Z,Curious about charging speed on 800V.,neutral
tweet_000001,c_00322,username_322,2026-02-20T11:19:40Z,Specs keep changing — hard to plan. (charging),negative
tweet_000001,c_00323,username_323,2026-02-21T17:37:49Z,Limited-time offers feel gimmicky.,negative
tweet_000001,c_00324,username_324,2026-02-20T10:19:43Z,AWD option is a big win. 🔥 (delivery) 🙌,positive
tweet_000001,c_00325,username_325,2026-02-20T11:58:46Z,Concerned about safety and repairs. (AWD),negative
tweet_000001,c_00326,username_326,2026-02-21T02:42:21Z,Still too expensive for what it is. (software updates),negative
tweet_000001,c_00327,username_327,2026-02-20T18:25:07Z,Will there be different trims later?,neutral
tweet_000001,c_00328,username_328,2026-02-20T03:18:09Z,Waiting for real-world reviews.,neutral
tweet_000001,c_00329,username_329,2026-02-22T00:34:43Z,Looks like Tesla is pushing boundaries again. ✅,positive
tweet_000001,c_00330,username_330,2026-02-21T11:39:11Z,Finally! Can't wait to see these on the road.,positive
tweet_000001,c_00331,username_331,2026-02-21T22:03:29Z,This is awesome — Cybertruck looks like the future! 🚀 🔥,positive
tweet_000001,c_00332,username_332,2026-02-20T12:08:15Z,Not convinced this is practical day-to-day.,negative
tweet_000001,c_00333,username_333,2026-02-21T08:04:13Z,"Love the utilitarian focus. If specs hold, I'm in. 🚀",positive
tweet_000001,c_00334,username_334,2026-02-20T04:43:37Z,The engineering is wild. Congrats to the team! (features),positive
tweet_000001,c_00335,username_335,2026-02-20T05:49:24Z,"Love the utilitarian focus. If specs hold, I'm in.",positive
tweet_000001,c_00336,username_336,2026-02-21T16:17:03Z,This is awesome — Cybertruck looks like the future! 🚀,positive
tweet_000001,c_00337,username_337,2026-02-20T11:42:17Z,Specs keep changing — hard to plan. (serviceability),negative
tweet_000001,c_00338,username_338,2026-02-21T18:48:16Z,Concerned about safety and repairs. (efficiency) ⚠️,negative
tweet_000001,c_00339,username_339,2026-02-20T06:10:41Z,What’s the estimated lead time? (features),neutral
tweet_000001,c_00340,username_340,2026-02-21T17:36:07Z,This is awesome — Cybertruck looks like the future! 🚀 (charging) 😄,positive
tweet_000001,c_00341,username_341,2026-02-21T04:25:58Z,Is the limited-time offer available everywhere?,neutral
tweet_000001,c_00342,username_342,2026-02-20T06:10:10Z,Waiting for real-world reviews. (efficiency),neutral
tweet_000001,c_00343,username_343,2026-02-21T19:37:22Z,Looks like Tesla is pushing boundaries again. (stainless steel),positive
tweet_000001,c_00344,username_344,2026-02-22T00:03:25Z,Finally! Can't wait to see these on the road.,positive
tweet_000001,c_00345,username_345,2026-02-21T12:05:44Z,Finally! Can't wait to see these on the road. 😄,positive
tweet_000001,c_00346,username_346,2026-02-20T03:56:35Z,Is the limited-time offer available everywhere? (features) 🤔,neutral
tweet_000001,c_00347,username_347,2026-02-21T00:13:51Z,Is the limited-time offer available everywhere? (build quality),neutral
tweet_000001,c_00348,username_348,2026-02-20T03:54:59Z,The engineering is wild. Congrats to the team! (features) ⚡,positive
tweet_000001,c_00349,username_349,2026-02-21T01:25:12Z,AWD option is a big win. 🔥 (stainless steel),positive
tweet_000001,c_00350,username_350,2026-02-21T06:22:43Z,How does this compare to the earlier announced configuration?,neutral
tweet_000001,c_00351,username_351,2026-02-20T14:51:13Z,How does this compare to the earlier announced configuration?,neutral
tweet_000001,c_00352,username_352,2026-02-21T15:03:45Z,Specs keep changing — hard to plan.,negative
tweet_000001,c_00353,username_353,2026-02-20T06:59:50Z,Concerned about safety and repairs.,negative
tweet_000001,c_00354,username_354,2026-02-21T16:58:12Z,AWD option is a big win. 🔥 (price) ✅,positive
tweet_000001,c_00355,username_355,2026-02-20T23:34:06Z,This could be great for work sites and towing.,positive
tweet_000001,c_00356,username_356,2026-02-21T09:34:27Z,Waiting for real-world reviews. (suspension),neutral
tweet_000001,c_00357,username_357,2026-02-21T02:55:21Z,Design grows on you. The utility matters most. 🚀,positive
tweet_000001,c_00358,username_358,2026-02-20T06:42:51Z,Will there be different trims later? (features),neutral
tweet_000001,c_00359,username_359,2026-02-20T12:53:59Z,Still too expensive for what it is. (serviceability),negative
tweet_000001,c_00360,username_360,2026-02-21T09:09:24Z,Interesting update. Any details on range and pricing? (AWD),neutral
tweet_000001,c_00361,username_361,2026-02-21T03:55:30Z,Looks like Tesla is pushing boundaries again. (serviceability) 🔥,positive
tweet_000001,c_00362,username_362,2026-02-21T10:00:44Z,Waiting for real-world reviews. (features) ℹ️,neutral
tweet_000001,c_00363,username_363,2026-02-21T15:48:14Z,Waiting for real-world reviews. (efficiency) 🤔,neutral
tweet_000001,c_00364,username_364,2026-02-20T03:08:13Z,Curious about charging speed on 800V. (software updates),neutral
tweet_000001,c_00365,username_365,2026-02-20T09:49:30Z,Specs keep changing — hard to plan.,negative
tweet_000001,c_00366,username_366,2026-02-20T16:52:28Z,Design grows on you. The utility matters most. (charging) 🔥,positive
tweet_000001,c_00367,username_367,2026-02-20T06:38:32Z,Feels like hype more than substance. (suspension),negative
tweet_000001,c_00368,username_368,2026-02-20T07:38:33Z,This rollout has been messy.,negative
tweet_000001,c_00369,username_369,2026-02-21T17:17:58Z,I like the direction — keep iterating. (towing),positive
tweet_000001,c_00370,username_370,2026-02-21T23:41:09Z,Finally! Can't wait to see these on the road.,positive
tweet_000001,c_00371,username_371,2026-02-20T10:05:14Z,The engineering is wild. Congrats to the team! 😄,positive
tweet_000001,c_00372,username_372,2026-02-20T03:09:50Z,Looks like Tesla is pushing boundaries again. (stainless steel),positive
tweet_000001,c_00373,username_373,2026-02-21T17:25:10Z,Finally! Can't wait to see these on the road. ✅,positive
tweet_000001,c_00374,username_374,2026-02-21T06:14:35Z,Feels like hype more than substance. (features),negative
tweet_000001,c_00375,username_375,2026-02-21T19:06:46Z,"Love the utilitarian focus. If specs hold, I'm in. (stainless steel)",positive
tweet_000001,c_00376,username_376,2026-02-21T10:00:58Z,This could be great for work sites and towing. 🙌,positive
tweet_000001,c_00377,username_377,2026-02-21T23:50:18Z,So many delays… what's different now? (delivery),negative
tweet_000001,c_00378,username_378,2026-02-20T05:17:06Z,"Love the utilitarian focus. If specs hold, I'm in. (towing) ✅",positive
tweet_000001,c_00379,username_379,2026-02-20T17:40:05Z,This rollout has been messy.,negative
tweet_000001,c_00380,username_380,2026-02-20T21:56:01Z,"Love the utilitarian focus. If specs hold, I'm in. (efficiency)",positive
tweet_000001,c_00381,username_381,2026-02-20T21:14:05Z,Finally! Can't wait to see these on the road.,positive
tweet_000001,c_00382,username_382,2026-02-20T08:03:11Z,Not convinced this is practical day-to-day.,negative
tweet_000001,c_00383,username_383,2026-02-21T19:31:52Z,Curious about charging speed on 800V. (serviceability),neutral
tweet_000001,c_00384,username_384,2026-02-21T21:18:53Z,This rollout has been messy.,negative
tweet_000001,c_00385,username_385,2026-02-20T03:18:57Z,Limited-time offers feel gimmicky. (efficiency),negative
tweet_000001,c_00386,username_386,2026-02-20T20:31:17Z,Design is… not for me.,negative
tweet_000001,c_00387,username_387,2026-02-21T23:46:47Z,This is awesome — Cybertruck looks like the future! 🚀 (efficiency),positive
tweet_000001,c_00388,username_388,2026-02-21T23:59:32Z,AWD option is a big win. 🔥 (features),positive
tweet_000001,c_00389,username_389,2026-02-21T06:49:14Z,Specs keep changing — hard to plan. (suspension) 🤦,negative
tweet_000001,c_00390,username_390,2026-02-21T07:30:52Z,Feels like hype more than substance. (stainless steel),negative
tweet_000001,c_00391,username_391,2026-02-21T00:00:41Z,This rollout has been messy.,negative
tweet_000001,c_00392,username_392,2026-02-21T06:17:01Z,Finally! Can't wait to see these on the road.,positive
tweet_000001,c_00393,username_393,2026-02-20T08:58:55Z,Looks like Tesla is pushing boundaries again. (price) 🔥,positive
tweet_000001,c_00394,username_394,2026-02-20T11:30:30Z,Limited-time offers feel gimmicky. (software updates),negative
tweet_000001,c_00395,username_395,2026-02-21T07:41:51Z,The engineering is wild. Congrats to the team!,positive
tweet_000001,c_00396,username_396,2026-02-21T01:05:35Z,So many delays… what's different now? 🙄,negative
tweet_000001,c_00397,username_397,2026-02-21T13:31:57Z,Not convinced this is practical day-to-day. (towing),negative
tweet_000001,c_00398,username_398,2026-02-20T07:48:25Z,Take my money. (kidding… mostly) 😄 (AWD) ✅,positive
tweet_000001,c_00399,username_399,2026-02-20T04:47:35Z,Still too expensive for what it is. (serviceability),negative
tweet_000001,c_00400,username_400,2026-02-22T00:53:30Z,Feels like hype more than substance. (range),negative
tweet_000001,c_00401,username_401,2026-02-21T08:37:45Z,Finally! Can't wait to see these on the road.,positive
tweet_000001,c_00402,username_402,2026-02-21T06:36:50Z,This rollout has been messy. (range),negative
tweet_000001,c_00403,username_403,2026-02-20T15:25:27Z,Waiting for real-world reviews. (price),neutral
tweet_000001,c_00404,username_404,2026-02-21T10:02:37Z,Not convinced this is practical day-to-day. (serviceability),negative
tweet_000001,c_00405,username_405,2026-02-20T09:54:05Z,Finally! Can't wait to see these on the road. ✅,positive
tweet_000001,c_00406,username_406,2026-02-21T17:52:12Z,This rollout has been messy. 😒,negative
tweet_000001,c_00407,username_407,2026-02-21T06:28:41Z,I like the direction — keep iterating. (range) ✅,positive
tweet_000001,c_00408,username_408,2026-02-21T11:44:49Z,I like the direction — keep iterating. (serviceability),positive
tweet_000001,c_00409,username_409,2026-02-20T11:25:42Z,This rollout has been messy. 🤦,negative
tweet_000001,c_00410,username_410,2026-02-21T22:08:31Z,AWD option is a big win. 🔥 (build quality),positive
tweet_000001,c_00411,username_411,2026-02-21T16:00:49Z,This could be great for work sites and towing. 🚀,positive
tweet_000001,c_00412,username_412,2026-02-21T04:04:22Z,This rollout has been messy.,negative
tweet_000001,c_00413,username_413,2026-02-21T19:45:14Z,Specs keep changing — hard to plan.,negative
tweet_000001,c_00414,username_414,2026-02-21T23:04:16Z,Interesting update. Any details on range and pricing? (towing),neutral
tweet_000001,c_00415,username_415,2026-02-21T19:22:23Z,Hope the build quality is solid. (range),neutral
tweet_000001,c_00416,username_416,2026-02-20T13:39:58Z,I like the direction — keep iterating.,positive
tweet_000001,c_00417,username_417,2026-02-21T04:56:04Z,Finally! Can't wait to see these on the road. 🙌,positive
tweet_000001,c_00418,username_418,2026-02-20T09:15:08Z,The engineering is wild. Congrats to the team! (stainless steel),positive
tweet_000001,c_00419,username_419,2026-02-21T07:19:15Z,Design is… not for me. (features),negative
tweet_000001,c_00420,username_420,2026-02-21T11:35:28Z,Still too expensive for what it is.,negative
tweet_000001,c_00421,username_421,2026-02-21T18:05:33Z,This rollout has been messy.,negative
tweet_000001,c_00422,username_422,2026-02-21T04:41:22Z,This rollout has been messy.,negative
tweet_000001,c_00423,username_423,2026-02-21T16:04:16Z,Looks like Tesla is pushing boundaries again. (efficiency),positive
tweet_000001,c_00424,username_424,2026-02-22T00:05:39Z,Is the limited-time offer available everywhere? ℹ️,neutral
tweet_000001,c_00425,username_425,2026-02-20T21:33:59Z,I like the direction — keep iterating. (towing),positive
tweet_000001,c_00426,username_426,2026-02-20T16:20:36Z,How does this compare to the earlier announced configuration? (stainless steel),neutral
tweet_000001,c_00427,username_427,2026-02-20T21:09:45Z,AWD option is a big win. 🔥 (efficiency),positive
tweet_000001,c_00428,username_428,2026-02-21T05:58:44Z,This rollout has been messy.,negative
tweet_000001,c_00429,username_429,2026-02-20T22:24:00Z,This is awesome — Cybertruck looks like the future! 🚀 (suspension) 😄,positive
tweet_000001,c_00430,username_430,2026-02-22T01:00:59Z,AWD option is a big win. 🔥 🙌,positive
tweet_000001,c_00431,username_431,2026-02-20T20:59:35Z,I like the direction — keep iterating. 🙌,positive
tweet_000001,c_00432,username_432,2026-02-21T19:58:54Z,Design is… not for me. (efficiency),negative
tweet_000001,c_00433,username_433,2026-02-20T17:40:58Z,Do we have confirmed specs yet? (software updates),neutral
tweet_000001,c_00434,username_434,2026-02-21T11:38:57Z,"Love the utilitarian focus. If specs hold, I'm in. 🙌",positive
tweet_000001,c_00435,username_435,2026-02-20T12:45:03Z,Take my money. (kidding… mostly) 😄,positive
tweet_000001,c_00436,username_436,2026-02-21T11:53:21Z,Feels like hype more than substance.,negative
tweet_000001,c_00437,username_437,2026-02-20T22:09:59Z,Looks like Tesla is pushing boundaries again. (range),positive
tweet_000001,c_00438,username_438,2026-02-20T07:45:51Z,So many delays… what's different now? (suspension),negative
tweet_000001,c_00439,username_439,2026-02-20T03:57:57Z,I’ll believe it when I see consistent deliveries. (delivery),negative
tweet_000001,c_00440,username_440,2026-02-20T03:53:46Z,Take my money. (kidding… mostly) 😄 ⚡,positive
tweet_000001,c_00441,username_441,2026-02-20T22:19:42Z,This is awesome — Cybertruck looks like the future! 🚀 (serviceability),positive
tweet_000001,c_00442,username_442,2026-02-21T01:38:49Z,Specs keep changing — hard to plan. (efficiency),negative
tweet_000001,c_00443,username_443,2026-02-21T13:12:56Z,Finally! Can't wait to see these on the road.,positive
tweet_000001,c_00444,username_444,2026-02-20T15:17:24Z,"Love the utilitarian focus. If specs hold, I'm in. (suspension)",positive
tweet_000001,c_00445,username_445,2026-02-20T19:59:00Z,I’ll believe it when I see consistent deliveries. (stainless steel),negative
tweet_000001,c_00446,username_446,2026-02-21T18:35:40Z,Design is… not for me. (efficiency),negative
tweet_000001,c_00447,username_447,2026-02-21T08:23:39Z,Not convinced this is practical day-to-day. (software updates),negative
tweet_000001,c_00448,username_448,2026-02-20T14:42:19Z,I’ll believe it when I see consistent deliveries. (AWD) 🤦,negative
tweet_000001,c_00449,username_449,2026-02-20T18:24:00Z,This could be great for work sites and towing.,positive
tweet_000001,c_00450,username_450,2026-02-20T23:14:13Z,Design grows on you. The utility matters most. ⚡,positive
tweet_000001,c_00451,username_451,2026-02-21T03:25:54Z,Design is… not for me. (price),negative
tweet_000001,c_00452,username_452,2026-02-20T12:52:48Z,Will there be different trims later?,neutral
tweet_000001,c_00453,username_453,2026-02-20T23:53:41Z,"Love the utilitarian focus. If specs hold, I'm in.",positive
tweet_000001,c_00454,username_454,2026-02-21T04:00:49Z,So many delays… what's different now? (delivery),negative
tweet_000001,c_00455,username_455,2026-02-21T10:22:49Z,Design grows on you. The utility matters most. (suspension),positive
tweet_000001,c_00456,username_456,2026-02-21T11:32:04Z,What’s the estimated lead time?,neutral
tweet_000001,c_00457,username_457,2026-02-20T19:16:11Z,Design grows on you. The utility matters most. 😄,positive
tweet_000001,c_00458,username_458,2026-02-21T15:42:37Z,Waiting for real-world reviews. (serviceability) ℹ️,neutral
tweet_000001,c_00459,username_459,2026-02-21T18:57:10Z,I like the direction — keep iterating. (stainless steel),positive
tweet_000001,c_00460,username_460,2026-02-21T09:25:25Z,"Love the utilitarian focus. If specs hold, I'm in.",positive
tweet_000001,c_00461,username_461,2026-02-21T12:50:43Z,"Love the utilitarian focus. If specs hold, I'm in.",positive
tweet_000001,c_00462,username_462,2026-02-20T05:18:04Z,How does this compare to the earlier announced configuration? (software updates),neutral
tweet_000001,c_00463,username_463,2026-02-20T05:27:15Z,Not convinced this is practical day-to-day. (features) 😕,negative
tweet_000001,c_00464,username_464,2026-02-21T06:04:55Z,Is the limited-time offer available everywhere?,neutral
tweet_000001,c_00465,username_465,2026-02-21T19:21:40Z,Limited-time offers feel gimmicky. (stainless steel),negative
tweet_000001,c_00466,username_466,2026-02-21T16:39:22Z,This is awesome — Cybertruck looks like the future! 🚀 😄,positive
tweet_000001,c_00467,username_467,2026-02-20T03:33:39Z,AWD option is a big win. 🔥 (features) ⚡,positive
tweet_000001,c_00468,username_468,2026-02-22T00:16:53Z,Concerned about safety and repairs. (software updates),negative
tweet_000001,c_00469,username_469,2026-02-21T04:44:18Z,Take my money. (kidding… mostly) 😄 (efficiency),positive
tweet_000001,c_00470,username_470,2026-02-20T10:56:02Z,This rollout has been messy. (build quality),negative
tweet_000001,c_00471,username_471,2026-02-20T10:31:23Z,The engineering is wild. Congrats to the team!,positive
tweet_000001,c_00472,username_472,2026-02-20T22:58:34Z,Feels like hype more than substance.,negative
tweet_000001,c_00473,username_473,2026-02-21T15:59:03Z,Take my money. (kidding… mostly) 😄 ✅,positive
tweet_000001,c_00474,username_474,2026-02-20T12:32:44Z,Specs keep changing — hard to plan. (suspension),negative
tweet_000001,c_00475,username_475,2026-02-20T03:35:45Z,Will there be different trims later?,neutral
tweet_000001,c_00476,username_476,2026-02-20T02:23:21Z,Design is… not for me. (price),negative
tweet_000001,c_00477,username_477,2026-02-21T09:45:31Z,Design grows on you. The utility matters most.,positive
tweet_000001,c_00478,username_478,2026-02-20T19:04:15Z,Interesting update. Any details on range and pricing? (AWD),neutral
tweet_000001,c_00479,username_479,2026-02-20T05:21:36Z,I’ll believe it when I see consistent deliveries. (towing) 😒,negative
tweet_000001,c_00480,username_480,2026-02-21T00:28:18Z,Hope the build quality is solid. (efficiency),neutral
tweet_000001,c_00481,username_481,2026-02-20T18:30:02Z,Is the limited-time offer available everywhere?,neutral
tweet_000001,c_00482,username_482,2026-02-21T15:12:22Z,Design is… not for me. (towing) 😒,negative
tweet_000001,c_00483,username_483,2026-02-20T14:00:10Z,Will there be different trims later? (range),neutral
tweet_000001,c_00484,username_484,2026-02-22T00:05:41Z,Will there be different trims later?,neutral
tweet_000001,c_00485,username_485,2026-02-21T07:33:57Z,Will there be different trims later? (software updates) 📅,neutral
tweet_000001,c_00486,username_486,2026-02-20T18:47:48Z,Design is… not for me. (suspension) 🤦,negative
tweet_000001,c_00487,username_487,2026-02-20T05:26:45Z,I like the direction — keep iterating. (software updates),positive
tweet_000001,c_00488,username_488,2026-02-20T11:00:51Z,Take my money. (kidding… mostly) 😄 (AWD) 🚀,positive
tweet_000001,c_00489,username_489,2026-02-21T10:00:08Z,This rollout has been messy. (suspension),negative
tweet_000001,c_00490,username_490,2026-02-20T05:00:10Z,Specs keep changing — hard to plan. (serviceability),negative
tweet_000001,c_00491,username_491,2026-02-20T06:32:59Z,Do we have confirmed specs yet?,neutral
tweet_000001,c_00492,username_492,2026-02-21T17:56:39Z,Do we have confirmed specs yet? (stainless steel),neutral
tweet_000001,c_00493,username_493,2026-02-20T02:21:59Z,The engineering is wild. Congrats to the team!,positive
tweet_000001,c_00494,username_494,2026-02-20T09:47:33Z,This could be great for work sites and towing.,positive
tweet_000001,c_00495,username_495,2026-02-20T16:08:31Z,Will there be different trims later?,neutral
tweet_000001,c_00496,username_496,2026-02-20T21:51:42Z,Take my money. (kidding… mostly) 😄 (efficiency) ✅,positive
tweet_000001,c_00497,username_497,2026-02-21T03:26:18Z,What’s the estimated lead time?,neutral
tweet_000001,c_00498,username_498,2026-02-21T11:26:14Z,Looks like Tesla is pushing boundaries again. 😄,positive
tweet_000001,c_00499,username_499,2026-02-20T04:34:44Z,So many delays… what's different now?,negative
tweet_000001,c_00500,username_500,2026-02-20T02:25:51Z,Specs keep changing — hard to plan. (serviceability),negative
tweet_000001,c_00501,username_501,2026-02-21T07:39:25Z,Specs keep changing — hard to plan. (stainless steel) 😒,negative
tweet_000001,c_00502,username_502,2026-02-20T19:08:36Z,How does this compare to the earlier announced configuration? (efficiency),neutral
tweet_000001,c_00503,username_503,2026-02-21T12:49:49Z,This could be great for work sites and towing. (suspension),positive
tweet_000001,c_00504,username_504,2026-02-20T13:34:31Z,I’ll believe it when I see consistent deliveries.,negative
tweet_000001,c_00505,username_505,2026-02-21T16:43:37Z,Still too expensive for what it is. (price),negative
tweet_000001,c_00506,username_506,2026-02-20T04:46:57Z,This is awesome — Cybertruck looks like the future! 🚀 (efficiency) ⚡,positive
tweet_000001,c_00507,username_507,2026-02-20T12:14:51Z,Still too expensive for what it is. (charging),negative
tweet_000001,c_00508,username_508,2026-02-21T22:14:21Z,So many delays… what's different now?,negative
tweet_000001,c_00509,username_509,2026-02-20T02:23:43Z,Still too expensive for what it is. (software updates) 😒,negative
tweet_000001,c_00510,username_510,2026-02-20T21:15:21Z,Not convinced this is practical day-to-day. 🤦,negative
tweet_000001,c_00511,username_511,2026-02-20T14:18:13Z,When will deliveries start in more regions?,neutral
tweet_000001,c_00512,username_512,2026-02-20T18:47:48Z,The engineering is wild. Congrats to the team! ✅,positive
tweet_000001,c_00513,username_513,2026-02-20T20:42:57Z,Concerned about safety and repairs. (software updates),negative
tweet_000001,c_00514,username_514,2026-02-20T18:57:35Z,Design is… not for me. (price),negative
tweet_000001,c_00515,username_515,2026-02-22T00:34:25Z,This is awesome — Cybertruck looks like the future! 🚀 (software updates) 😄,positive
tweet_000001,c_00516,username_516,2026-02-20T05:20:10Z,This is awesome — Cybertruck looks like the future! 🚀 😄,positive
tweet_000001,c_00517,username_517,2026-02-22T00:12:38Z,Looks like Tesla is pushing boundaries again. (price),positive
tweet_000001,c_00518,username_518,2026-02-20T04:20:54Z,Design is… not for me. (suspension),negative
tweet_000001,c_00519,username_519,2026-02-21T11:52:29Z,Specs keep changing — hard to plan. (price),negative
tweet_000001,c_00520,username_520,2026-02-20T21:39:58Z,I like the direction — keep iterating. (range) ✅,positive
tweet_000001,c_00521,username_521,2026-02-20T02:23:24Z,Do we have confirmed specs yet? (features),neutral
tweet_000001,c_00522,username_522,2026-02-21T06:15:10Z,"Love the utilitarian focus. If specs hold, I'm in. (serviceability) 😄",positive
tweet_000001,c_00523,username_523,2026-02-21T16:36:45Z,This rollout has been messy. (suspension) 😕,negative
tweet_000001,c_00524,username_524,2026-02-21T13:42:59Z,This rollout has been messy. (software updates) 😕,negative
tweet_000001,c_00525,username_525,2026-02-21T02:03:04Z,So many delays… what's different now?,negative
tweet_000001,c_00526,username_526,2026-02-21T06:08:13Z,Waiting for real-world reviews. (towing),neutral
tweet_000001,c_00527,username_527,2026-02-21T10:03:29Z,This could be great for work sites and towing. (build quality),positive
tweet_000001,c_00528,username_528,2026-02-21T08:41:46Z,Finally! Can't wait to see these on the road.,positive
tweet_000001,c_00529,username_529,2026-02-20T07:29:24Z,Design grows on you. The utility matters most. (AWD),positive
tweet_000001,c_00530,username_530,2026-02-20T07:13:25Z,Specs keep changing — hard to plan. (suspension),negative
tweet_000001,c_00531,username_531,2026-02-20T12:29:02Z,Concerned about safety and repairs. (price) ⚠️,negative
tweet_000001,c_00532,username_532,2026-02-21T09:38:04Z,This rollout has been messy. 😕,negative
tweet_000001,c_00533,username_533,2026-02-20T14:53:43Z,Concerned about safety and repairs. (build quality),negative
tweet_000001,c_00534,username_534,2026-02-20T08:46:17Z,Interesting update. Any details on range and pricing? (build quality) 🧐,neutral
tweet_000001,c_00535,username_535,2026-02-21T05:18:07Z,Still too expensive for what it is. (software updates),negative
tweet_000001,c_00536,username_536,2026-02-21T17:59:39Z,Design is… not for me. (delivery),negative
tweet_000001,c_00537,username_537,2026-02-20T13:35:33Z,I’ll believe it when I see consistent deliveries. (towing),negative
tweet_000001,c_00538,username_538,2026-02-20T05:51:25Z,Finally! Can't wait to see these on the road. (software updates) 🚀,positive
tweet_000001,c_00539,username_539,2026-02-21T03:32:46Z,Is the limited-time offer available everywhere?,neutral
tweet_000001,c_00540,username_540,2026-02-21T13:21:11Z,Design grows on you. The utility matters most.,positive
tweet_000001,c_00541,username_541,2026-02-20T11:06:57Z,Specs keep changing — hard to plan. (software updates) 😒,negative
tweet_000001,c_00542,username_542,2026-02-21T04:54:45Z,Waiting for real-world reviews. (software updates),neutral
tweet_000001,c_00543,username_543,2026-02-22T00:39:25Z,Design grows on you. The utility matters most. (stainless steel),positive
tweet_000001,c_00544,username_544,2026-02-20T15:52:32Z,Feels like hype more than substance. (software updates),negative
tweet_000001,c_00545,username_545,2026-02-20T22:28:21Z,How does this compare to the earlier announced configuration?,neutral
tweet_000001,c_00546,username_546,2026-02-21T00:58:49Z,Take my money. (kidding… mostly) 😄 (features) 🚀,positive
tweet_000001,c_00547,username_547,2026-02-21T18:18:30Z,The engineering is wild. Congrats to the team! (build quality) 🙌,positive
tweet_000001,c_00548,username_548,2026-02-20T03:12:35Z,Feels like hype more than substance. ⚠️,negative
tweet_000001,c_00549,username_549,2026-02-20T06:17:09Z,Will there be different trims later? 🧐,neutral
tweet_000001,c_00550,username_550,2026-02-20T18:52:24Z,Specs keep changing — hard to plan.,negative
tweet_000001,c_00551,username_551,2026-02-21T04:42:05Z,When will deliveries start in more regions? (serviceability),neutral
tweet_000001,c_00552,username_552,2026-02-21T06:26:08Z,Not convinced this is practical day-to-day. (suspension),negative
tweet_000001,c_00553,username_553,2026-02-20T03:55:37Z,Waiting for real-world reviews.,neutral
tweet_000001,c_00554,username_554,2026-02-21T20:29:26Z,When will deliveries start in more regions? (AWD),neutral
tweet_000001,c_00555,username_555,2026-02-21T03:06:03Z,I’ll believe it when I see consistent deliveries. 🤦,negative
tweet_000001,c_00556,username_556,2026-02-21T01:23:46Z,Take my money. (kidding… mostly) 😄 (price) 🙌,positive
tweet_000001,c_00557,username_557,2026-02-21T15:01:39Z,I like the direction — keep iterating. (serviceability) ✅,positive
tweet_000001,c_00558,username_558,2026-02-21T05:43:53Z,This could be great for work sites and towing.,positive
tweet_000001,c_00559,username_559,2026-02-21T13:41:34Z,I’ll believe it when I see consistent deliveries. (range),negative
tweet_000001,c_00560,username_560,2026-02-20T22:45:45Z,Will there be different trims later? ℹ️,neutral
tweet_000001,c_00561,username_561,2026-02-21T02:36:52Z,Specs keep changing — hard to plan. (features) 🤦,negative
tweet_000001,c_00562,username_562,2026-02-21T02:36:44Z,This could be great for work sites and towing. (suspension),positive
tweet_000001,c_00563,username_563,2026-02-21T00:28:20Z,"Love the utilitarian focus. If specs hold, I'm in. (features)",positive
tweet_000001,c_00564,username_564,2026-02-20T02:53:40Z,Looks like Tesla is pushing boundaries again.,positive
tweet_000001,c_00565,username_565,2026-02-20T13:13:04Z,The engineering is wild. Congrats to the team! (build quality) 🙌,positive
tweet_000001,c_00566,username_566,2026-02-21T08:17:50Z,How does this compare to the earlier announced configuration? (software updates),neutral
tweet_000001,c_00567,username_567,2026-02-20T14:49:20Z,Take my money. (kidding… mostly) 😄 (suspension),positive
tweet_000001,c_00568,username_568,2026-02-20T15:37:07Z,This could be great for work sites and towing. (software updates) 🔥,positive
tweet_000001,c_00569,username_569,2026-02-20T16:14:05Z,Specs keep changing — hard to plan.,negative
tweet_000001,c_00570,username_570,2026-02-20T05:48:20Z,Design grows on you. The utility matters most. (build quality) ✅,positive
tweet_000001,c_00571,username_571,2026-02-20T15:36:01Z,How does this compare to the earlier announced configuration? (efficiency),neutral
tweet_000001,c_00572,username_572,2026-02-21T15:40:37Z,This rollout has been messy. (serviceability),negative
tweet_000001,c_00573,username_573,2026-02-20T09:34:05Z,Looks like Tesla is pushing boundaries again. (charging),positive
tweet_000001,c_00574,username_574,2026-02-20T22:54:33Z,Hope the build quality is solid. (efficiency) 🤔,neutral
tweet_000001,c_00575,username_575,2026-02-20T18:37:20Z,Specs keep changing — hard to plan. (stainless steel),negative
tweet_000001,c_00576,username_576,2026-02-21T14:26:49Z,Concerned about safety and repairs. (delivery),negative
tweet_000001,c_00577,username_577,2026-02-21T08:03:17Z,Finally! Can't wait to see these on the road. (build quality),positive
tweet_000001,c_00578,username_578,2026-02-22T00:14:11Z,I’ll believe it when I see consistent deliveries. (charging) 🙄,negative
tweet_000001,c_00579,username_579,2026-02-21T00:09:25Z,How does this compare to the earlier announced configuration?,neutral
tweet_000001,c_00580,username_580,2026-02-20T01:56:52Z,This could be great for work sites and towing. (software updates),positive
tweet_000001,c_00581,username_581,2026-02-21T14:03:17Z,How does this compare to the earlier announced configuration? (charging),neutral
tweet_000001,c_00582,username_582,2026-02-21T09:34:13Z,Feels like hype more than substance. (serviceability) 🙄,negative
tweet_000001,c_00583,username_583,2026-02-20T22:31:09Z,Interesting update. Any details on range and pricing? (build quality) 📅,neutral
tweet_000001,c_00584,username_584,2026-02-21T18:26:21Z,This could be great for work sites and towing. (price),positive
tweet_000001,c_00585,username_585,2026-02-20T20:45:25Z,What’s the estimated lead time?,neutral
tweet_000001,c_00586,username_586,2026-02-20T04:16:47Z,This could be great for work sites and towing. (software updates) ⚡,positive
tweet_000001,c_00587,username_587,2026-02-20T19:16:28Z,AWD option is a big win. 🔥 ✅,positive
tweet_000001,c_00588,username_588,2026-02-21T02:37:57Z,"Love the utilitarian focus. If specs hold, I'm in. (price)",positive
tweet_000001,c_00589,username_589,2026-02-20T18:30:13Z,The engineering is wild. Congrats to the team!,positive
tweet_000001,c_00590,username_590,2026-02-21T02:46:55Z,Design grows on you. The utility matters most. 🔥,positive
tweet_000001,c_00591,username_591,2026-02-20T16:17:44Z,The engineering is wild. Congrats to the team!,positive
tweet_000001,c_00592,username_592,2026-02-21T16:00:34Z,Is the limited-time offer available everywhere? (delivery),neutral
tweet_000001,c_00593,username_593,2026-02-20T22:33:32Z,AWD option is a big win. 🔥 (build quality),positive
tweet_000001,c_00594,username_594,2026-02-20T08:11:02Z,Finally! Can't wait to see these on the road.,positive
tweet_000001,c_00595,username_595,2026-02-20T05:34:01Z,Specs keep changing — hard to plan. 🙄,negative
tweet_000001,c_00596,username_596,2026-02-20T19:25:51Z,Curious about charging speed on 800V.,neutral
tweet_000001,c_00597,username_597,2026-02-21T05:50:44Z,Feels like hype more than substance. (efficiency) 🤦,negative
tweet_000001,c_00598,username_598,2026-02-21T04:34:09Z,This could be great for work sites and towing. (features),positive
tweet_000001,c_00599,username_599,2026-02-20T08:01:44Z,Take my money. (kidding… mostly) 😄 (towing),positive
tweet_000001,c_00600,username_600,2026-02-21T04:07:29Z,This could be great for work sites and towing. 🚀,positive
tweet_000001,c_00601,username_601,2026-02-20T08:01:56Z,This could be great for work sites and towing.,positive
tweet_000001,c_00602,username_602,2026-02-20T05:51:41Z,I like the direction — keep iterating. (software updates),positive
tweet_000001,c_00603,username_603,2026-02-21T13:16:26Z,AWD option is a big win. 🔥 (towing) 🙌,positive
tweet_000001,c_00604,username_604,2026-02-20T10:45:34Z,Design grows on you. The utility matters most.,positive
tweet_000001,c_00605,username_605,2026-02-20T04:46:30Z,This is awesome — Cybertruck looks like the future! 🚀 (features),positive
tweet_000001,c_00606,username_606,2026-02-20T02:26:08Z,When will deliveries start in more regions? 📅,neutral
tweet_000001,c_00607,username_607,2026-02-20T01:17:57Z,Take my money. (kidding… mostly) 😄 (suspension),positive
tweet_000001,c_00608,username_608,2026-02-22T00:34:52Z,AWD option is a big win. 🔥 (towing) ✅,positive
tweet_000001,c_00609,username_609,2026-02-20T19:28:58Z,When will deliveries start in more regions? (efficiency) 📅,neutral
tweet_000001,c_00610,username_610,2026-02-21T22:48:18Z,Specs keep changing — hard to plan.,negative
tweet_000001,c_00611,username_611,2026-02-21T08:30:20Z,"Love the utilitarian focus. If specs hold, I'm in. 😄",positive
tweet_000001,c_00612,username_612,2026-02-20T06:55:31Z,I’ll believe it when I see consistent deliveries. (build quality),negative
tweet_000001,c_00613,username_613,2026-02-20T01:55:34Z,Interesting update. Any details on range and pricing?,neutral
tweet_000001,c_00614,username_614,2026-02-21T08:00:07Z,Finally! Can't wait to see these on the road. (AWD) ⚡,positive
tweet_000001,c_00615,username_615,2026-02-20T08:42:30Z,Limited-time offers feel gimmicky. (towing) 🙄,negative
tweet_000001,c_00616,username_616,2026-02-21T23:58:05Z,I’ll believe it when I see consistent deliveries. (serviceability) 🙄,negative
tweet_000001,c_00617,username_617,2026-02-21T09:17:49Z,Looks like Tesla is pushing boundaries again.,positive
tweet_000001,c_00618,username_618,2026-02-20T12:16:21Z,Take my money. (kidding… mostly) 😄,positive
tweet_000001,c_00619,username_619,2026-02-20T17:04:09Z,Limited-time offers feel gimmicky. 😕,negative
tweet_000001,c_00620,username_620,2026-02-21T20:10:53Z,Concerned about safety and repairs. (software updates) 🙄,negative
tweet_000001,c_00621,username_621,2026-02-20T19:17:35Z,AWD option is a big win. 🔥 🙌,positive
tweet_000001,c_00622,username_622,2026-02-21T20:56:28Z,Design grows on you. The utility matters most. (suspension) ⚡,positive
tweet_000001,c_00623,username_623,2026-02-20T23:12:55Z,The engineering is wild. Congrats to the team! (build quality) 😄,positive
tweet_000001,c_00624,username_624,2026-02-20T22:46:14Z,Interesting update. Any details on range and pricing?,neutral
tweet_000001,c_00625,username_625,2026-02-20T18:40:41Z,How does this compare to the earlier announced configuration? (AWD),neutral
tweet_000001,c_00626,username_626,2026-02-21T20:29:55Z,"Love the utilitarian focus. If specs hold, I'm in. (range)",positive
tweet_000001,c_00627,username_627,2026-02-21T00:17:41Z,Curious about charging speed on 800V. (serviceability),neutral
tweet_000001,c_00628,username_628,2026-02-21T17:02:04Z,I’ll believe it when I see consistent deliveries.,negative
tweet_000001,c_00629,username_629,2026-02-20T06:33:54Z,This is awesome — Cybertruck looks like the future! 🚀 (range) 🚀,positive
tweet_000001,c_00630,username_630,2026-02-20T05:39:11Z,Take my money. (kidding… mostly) 😄 (efficiency),positive
tweet_000001,c_00631,username_631,2026-02-21T07:30:03Z,Concerned about safety and repairs. 😒,negative
tweet_000001,c_00632,username_632,2026-02-21T16:24:03Z,So many delays… what's different now? (price) 😒,negative
tweet_000001,c_00633,username_633,2026-02-20T16:02:47Z,Curious about charging speed on 800V. (software updates),neutral
tweet_000001,c_00634,username_634,2026-02-22T00:34:11Z,When will deliveries start in more regions? (software updates),neutral
tweet_000001,c_00635,username_635,2026-02-20T18:37:37Z,This is awesome — Cybertruck looks like the future! 🚀 (software updates) 🙌,positive
tweet_000001,c_00636,username_636,2026-02-21T21:35:01Z,This is awesome — Cybertruck looks like the future! 🚀 (suspension),positive
tweet_000001,c_00637,username_637,2026-02-20T14:02:24Z,When will deliveries start in more regions? (delivery),neutral
tweet_000001,c_00638,username_638,2026-02-20T13:10:47Z,This could be great for work sites and towing.,positive
tweet_000001,c_00639,username_639,2026-02-20T20:07:40Z,Finally! Can't wait to see these on the road. (suspension),positive
tweet_000001,c_00640,username_640,2026-02-20T20:49:14Z,"Love the utilitarian focus. If specs hold, I'm in. 😄",positive
tweet_000001,c_00641,username_641,2026-02-20T21:03:18Z,I like the direction — keep iterating. (suspension),positive
tweet_000001,c_00642,username_642,2026-02-21T22:56:43Z,"Love the utilitarian focus. If specs hold, I'm in. (build quality) 😄",positive
tweet_000001,c_00643,username_643,2026-02-21T18:31:45Z,Finally! Can't wait to see these on the road. (towing),positive
tweet_000001,c_00644,username_644,2026-02-21T19:02:27Z,"Love the utilitarian focus. If specs hold, I'm in. (build quality) 🚀",positive
tweet_000001,c_00645,username_645,2026-02-20T19:03:27Z,This is awesome — Cybertruck looks like the future! 🚀 (software updates),positive
tweet_000001,c_00646,username_646,2026-02-20T14:16:53Z,Still too expensive for what it is. (suspension),negative
tweet_000001,c_00647,username_647,2026-02-21T07:47:15Z,Do we have confirmed specs yet? (software updates),neutral
tweet_000001,c_00648,username_648,2026-02-21T00:32:49Z,Specs keep changing — hard to plan.,negative
tweet_000001,c_00649,username_649,2026-02-20T09:56:40Z,Not convinced this is practical day-to-day. 🙄,negative
tweet_000001,c_00650,username_650,2026-02-21T14:48:27Z,Interesting update. Any details on range and pricing? 📅,neutral
tweet_000001,c_00651,username_651,2026-02-20T21:48:25Z,AWD option is a big win. 🔥 (build quality),positive
tweet_000001,c_00652,username_652,2026-02-21T04:06:49Z,Do we have confirmed specs yet? (features),neutral
tweet_000001,c_00653,username_653,2026-02-21T22:35:41Z,Do we have confirmed specs yet? (serviceability),neutral
tweet_000001,c_00654,username_654,2026-02-20T15:28:48Z,Not convinced this is practical day-to-day. 😕,negative
tweet_000001,c_00655,username_655,2026-02-21T07:06:28Z,This is awesome — Cybertruck looks like the future! 🚀 (stainless steel),positive
tweet_000001,c_00656,username_656,2026-02-20T01:56:55Z,Looks like Tesla is pushing boundaries again. (efficiency) ⚡,positive
tweet_000001,c_00657,username_657,2026-02-20T23:38:32Z,"Love the utilitarian focus. If specs hold, I'm in. (AWD)",positive
tweet_000001,c_00658,username_658,2026-02-20T05:36:41Z,Finally! Can't wait to see these on the road. 🔥,positive
tweet_000001,c_00659,username_659,2026-02-21T15:05:51Z,Will there be different trims later?,neutral
tweet_000001,c_00660,username_660,2026-02-20T07:25:56Z,Hope the build quality is solid. (delivery),neutral
tweet_000001,c_00661,username_661,2026-02-21T05:57:56Z,"Love the utilitarian focus. If specs hold, I'm in. (range)",positive
tweet_000001,c_00662,username_662,2026-02-20T10:46:04Z,Design is… not for me. (stainless steel),negative
tweet_000001,c_00663,username_663,2026-02-21T05:51:50Z,Waiting for real-world reviews. (towing) ℹ️,neutral
tweet_000001,c_00664,username_664,2026-02-20T11:09:40Z,Design grows on you. The utility matters most. (price) 😄,positive
tweet_000001,c_00665,username_665,2026-02-21T00:07:01Z,Take my money. (kidding… mostly) 😄 (stainless steel),positive
tweet_000001,c_00666,username_666,2026-02-20T16:22:10Z,This could be great for work sites and towing. (towing),positive
tweet_000001,c_00667,username_667,2026-02-20T07:50:03Z,Finally! Can't wait to see these on the road. ⚡,positive
tweet_000001,c_00668,username_668,2026-02-21T21:10:52Z,This is awesome — Cybertruck looks like the future! 🚀 (stainless steel) ⚡,positive
tweet_000001,c_00669,username_669,2026-02-20T19:19:29Z,Looks like Tesla is pushing boundaries again. (range),positive
tweet_000001,c_00670,username_670,2026-02-20T20:11:41Z,Finally! Can't wait to see these on the road. (software updates),positive
tweet_000001,c_00671,username_671,2026-02-21T17:43:59Z,I like the direction — keep iterating. (charging) 🔥,positive
tweet_000001,c_00672,username_672,2026-02-20T10:05:38Z,Still too expensive for what it is. (features),negative
tweet_000001,c_00673,username_673,2026-02-20T10:46:06Z,The engineering is wild. Congrats to the team! ⚡,positive
tweet_000001,c_00674,username_674,2026-02-22T00:11:40Z,When will deliveries start in more regions? (towing),neutral
tweet_000001,c_00675,username_675,2026-02-20T06:42:37Z,This is awesome — Cybertruck looks like the future! 🚀 ⚡,positive
tweet_000001,c_00676,username_676,2026-02-21T09:32:22Z,I’ll believe it when I see consistent deliveries. (features) 😕,negative
tweet_000001,c_00677,username_677,2026-02-21T10:49:07Z,This is awesome — Cybertruck looks like the future! 🚀 (serviceability),positive
tweet_000001,c_00678,username_678,2026-02-21T06:00:46Z,This could be great for work sites and towing. (efficiency),positive
tweet_000001,c_00679,username_679,2026-02-21T03:01:24Z,Design is… not for me. 🤦,negative
tweet_000001,c_00680,username_680,2026-02-20T12:04:22Z,Still too expensive for what it is.,negative
tweet_000001,c_00681,username_681,2026-02-22T00:23:00Z,Specs keep changing — hard to plan. (build quality),negative
tweet_000001,c_00682,username_682,2026-02-20T07:38:15Z,AWD option is a big win. 🔥 (software updates) 🙌,positive
tweet_000001,c_00683,username_683,2026-02-20T19:23:32Z,I like the direction — keep iterating.,positive
tweet_000001,c_00684,username_684,2026-02-21T03:23:59Z,Feels like hype more than substance. (charging) 😒,negative
tweet_000001,c_00685,username_685,2026-02-21T13:49:59Z,This rollout has been messy. (delivery) 😒,negative
tweet_000001,c_00686,username_686,2026-02-20T17:11:54Z,Interesting update. Any details on range and pricing?,neutral
tweet_000001,c_00687,username_687,2026-02-20T05:30:59Z,How does this compare to the earlier announced configuration? (features),neutral
tweet_000001,c_00688,username_688,2026-02-20T18:11:57Z,Finally! Can't wait to see these on the road. (efficiency) 🙌,positive
tweet_000001,c_00689,username_689,2026-02-20T05:19:16Z,Design is… not for me. (features),negative
tweet_000001,c_00690,username_690,2026-02-20T13:53:57Z,Finally! Can't wait to see these on the road. (stainless steel),positive
tweet_000001,c_00691,username_691,2026-02-21T03:22:32Z,Design grows on you. The utility matters most. (suspension) 🙌,positive
tweet_000001,c_00692,username_692,2026-02-21T18:17:26Z,Finally! Can't wait to see these on the road. (AWD),positive
tweet_000001,c_00693,username_693,2026-02-21T13:05:34Z,What’s the estimated lead time? (charging) 🤔,neutral
tweet_000001,c_00694,username_694,2026-02-20T18:11:20Z,Design grows on you. The utility matters most. (build quality),positive
tweet_000001,c_00695,username_695,2026-02-21T01:24:22Z,Design grows on you. The utility matters most. (delivery) 🔥,positive
tweet_000001,c_00696,username_696,2026-02-21T00:48:46Z,Interesting update. Any details on range and pricing? (serviceability),neutral
tweet_000001,c_00697,username_697,2026-02-20T11:33:53Z,"Love the utilitarian focus. If specs hold, I'm in.",positive
tweet_000001,c_00698,username_698,2026-02-20T06:31:53Z,Waiting for real-world reviews.,neutral
tweet_000001,c_00699,username_699,2026-02-21T19:55:20Z,"Love the utilitarian focus. If specs hold, I'm in. (stainless steel) 🔥",positive
tweet_000001,c_00700,username_700,2026-02-21T09:03:42Z,How does this compare to the earlier announced configuration? 🧐,neutral
tweet_000001,c_00701,username_701,2026-02-20T17:30:20Z,Hope the build quality is solid.,neutral
tweet_000001,c_00702,username_702,2026-02-20T22:41:45Z,Finally! Can't wait to see these on the road. (range),positive
tweet_000001,c_00703,username_703,2026-02-21T18:57:45Z,Take my money. (kidding… mostly) 😄,positive
tweet_000001,c_00704,username_704,2026-02-21T18:34:22Z,This is awesome — Cybertruck looks like the future! 🚀 (stainless steel),positive
tweet_000001,c_00705,username_705,2026-02-21T21:46:09Z,The engineering is wild. Congrats to the team! 😄,positive
tweet_000001,c_00706,username_706,2026-02-20T11:29:28Z,This rollout has been messy. ⚠️,negative
tweet_000001,c_00707,username_707,2026-02-20T13:28:30Z,"Love the utilitarian focus. If specs hold, I'm in.",positive
tweet_000001,c_00708,username_708,2026-02-21T01:41:54Z,Feels like hype more than substance. (AWD) 😕,negative
tweet_000001,c_00709,username_709,2026-02-21T02:46:16Z,AWD option is a big win. 🔥,positive
tweet_000001,c_00710,username_710,2026-02-20T04:45:21Z,Concerned about safety and repairs. (software updates),negative
tweet_000001,c_00711,username_711,2026-02-21T07:23:52Z,Feels like hype more than substance.,negative
tweet_000001,c_00712,username_712,2026-02-21T04:34:55Z,When will deliveries start in more regions?,neutral
tweet_000001,c_00713,username_713,2026-02-21T19:20:33Z,Do we have confirmed specs yet? (price),neutral
tweet_000001,c_00714,username_714,2026-02-20T03:40:58Z,AWD option is a big win. 🔥 (towing),positive
tweet_000001,c_00715,username_715,2026-02-20T06:39:11Z,Looks like Tesla is pushing boundaries again. (software updates) 🚀,positive
tweet_000001,c_00716,username_716,2026-02-21T17:05:04Z,Limited-time offers feel gimmicky. (serviceability),negative
tweet_000001,c_00717,username_717,2026-02-20T03:30:24Z,Concerned about safety and repairs. 🤦,negative
tweet_000001,c_00718,username_718,2026-02-20T12:41:23Z,Still too expensive for what it is. (AWD),negative
tweet_000001,c_00719,username_719,2026-02-21T07:03:10Z,I like the direction — keep iterating.,positive
tweet_000001,c_00720,username_720,2026-02-20T20:33:57Z,Specs keep changing — hard to plan. (price) 😒,negative
tweet_000001,c_00721,username_721,2026-02-21T17:16:30Z,Feels like hype more than substance. (stainless steel) 😕,negative
tweet_000001,c_00722,username_722,2026-02-20T22:41:54Z,Design grows on you. The utility matters most. (price) 🔥,positive
tweet_000001,c_00723,username_723,2026-02-21T23:43:17Z,AWD option is a big win. 🔥,positive
tweet_000001,c_00724,username_724,2026-02-20T09:39:39Z,Specs keep changing — hard to plan.,negative
tweet_000001,c_00725,username_725,2026-02-20T20:32:49Z,When will deliveries start in more regions?,neutral
tweet_000001,c_00726,username_726,2026-02-21T04:16:00Z,Concerned about safety and repairs. (charging) 🤦,negative
tweet_000001,c_00727,username_727,2026-02-21T11:06:52Z,AWD option is a big win. 🔥 (towing),positive
tweet_000001,c_00728,username_728,2026-02-20T12:15:17Z,Limited-time offers feel gimmicky. (stainless steel),negative
tweet_000001,c_00729,username_729,2026-02-21T07:23:44Z,Design grows on you. The utility matters most. (range),positive
tweet_000001,c_00730,username_730,2026-02-21T15:18:11Z,Take my money. (kidding… mostly) 😄,positive
tweet_000001,c_00731,username_731,2026-02-21T11:49:32Z,Design grows on you. The utility matters most.,positive
tweet_000001,c_00732,username_732,2026-02-20T06:59:57Z,Concerned about safety and repairs.,negative
tweet_000001,c_00733,username_733,2026-02-21T13:48:42Z,So many delays… what's different now?,negative
tweet_000001,c_00734,username_734,2026-02-21T22:25:00Z,Curious about charging speed on 800V. (features),neutral
tweet_000001,c_00735,username_735,2026-02-20T13:25:21Z,The engineering is wild. Congrats to the team! 😄,positive
tweet_000001,c_00736,username_736,2026-02-20T06:57:23Z,Concerned about safety and repairs. (efficiency) 😒,negative
tweet_000001,c_00737,username_737,2026-02-20T20:01:43Z,Looks like Tesla is pushing boundaries again.,positive
tweet_000001,c_00738,username_738,2026-02-20T06:07:46Z,Limited-time offers feel gimmicky. (software updates),negative
tweet_000001,c_00739,username_739,2026-02-20T21:21:44Z,I like the direction — keep iterating. (range),positive
tweet_000001,c_00740,username_740,2026-02-21T22:37:10Z,Design grows on you. The utility matters most. (software updates) 🔥,positive
tweet_000001,c_00741,username_741,2026-02-20T12:02:29Z,Hope the build quality is solid. (features),neutral
tweet_000001,c_00742,username_742,2026-02-20T08:32:47Z,"Love the utilitarian focus. If specs hold, I'm in. (price)",positive
tweet_000001,c_00743,username_743,2026-02-21T16:15:13Z,This rollout has been messy. 🤦,negative
tweet_000001,c_00744,username_744,2026-02-21T18:54:12Z,Hope the build quality is solid. (delivery) ℹ️,neutral
tweet_000001,c_00745,username_745,2026-02-21T22:16:09Z,Design grows on you. The utility matters most.,positive
tweet_000001,c_00746,username_746,2026-02-21T06:04:14Z,This rollout has been messy. 🤦,negative
tweet_000001,c_00747,username_747,2026-02-20T20:48:27Z,Looks like Tesla is pushing boundaries again. (features) ✅,positive
tweet_000001,c_00748,username_748,2026-02-21T13:02:55Z,When will deliveries start in more regions? 🧐,neutral
tweet_000001,c_00749,username_749,2026-02-21T09:30:58Z,This rollout has been messy. (software updates),negative
tweet_000001,c_00750,username_750,2026-02-20T07:45:06Z,Do we have confirmed specs yet? (software updates),neutral
tweet_000001,c_00751,username_751,2026-02-21T14:51:37Z,Looks like Tesla is pushing boundaries again.,positive
tweet_000001,c_00752,username_752,2026-02-20T12:49:33Z,Limited-time offers feel gimmicky. (build quality),negative
tweet_000001,c_00753,username_753,2026-02-21T15:25:38Z,Hope the build quality is solid. (AWD),neutral
tweet_000001,c_00754,username_754,2026-02-20T15:51:59Z,This is awesome — Cybertruck looks like the future! 🚀 (charging) ✅,positive
tweet_000001,c_00755,username_755,2026-02-20T15:44:55Z,AWD option is a big win. 🔥 (charging),positive
tweet_000001,c_00756,username_756,2026-02-21T23:31:08Z,Limited-time offers feel gimmicky. 🤦,negative
tweet_000001,c_00757,username_757,2026-02-21T20:30:24Z,How does this compare to the earlier announced configuration? (charging),neutral
tweet_000001,c_00758,username_758,2026-02-21T02:43:07Z,Waiting for real-world reviews. (towing),neutral
tweet_000001,c_00759,username_759,2026-02-20T07:49:55Z,Specs keep changing — hard to plan. (range) 😒,negative
tweet_000001,c_00760,username_760,2026-02-20T16:51:22Z,Design is… not for me.,negative
tweet_000001,c_00761,username_761,2026-02-20T20:50:38Z,Take my money. (kidding… mostly) 😄 (features),positive
tweet_000001,c_00762,username_762,2026-02-20T01:53:52Z,This could be great for work sites and towing.,positive
tweet_000001,c_00763,username_763,2026-02-21T21:01:25Z,This is awesome — Cybertruck looks like the future! 🚀 (serviceability),positive
tweet_000001,c_00764,username_764,2026-02-20T23:29:34Z,Specs keep changing — hard to plan. (software updates),negative
tweet_000001,c_00765,username_765,2026-02-21T10:40:23Z,AWD option is a big win. 🔥 (towing),positive
tweet_000001,c_00766,username_766,2026-02-21T22:39:34Z,Will there be different trims later? (range),neutral
tweet_000001,c_00767,username_767,2026-02-21T04:30:02Z,Not convinced this is practical day-to-day.,negative
tweet_000001,c_00768,username_768,2026-02-20T22:59:03Z,Limited-time offers feel gimmicky. (stainless steel),negative
tweet_000001,c_00769,username_769,2026-02-21T23:53:48Z,Looks like Tesla is pushing boundaries again. ⚡,positive
tweet_000001,c_00770,username_770,2026-02-22T00:41:18Z,Specs keep changing — hard to plan. (build quality),negative
tweet_000001,c_00771,username_771,2026-02-20T05:23:03Z,Design grows on you. The utility matters most. (stainless steel),positive
tweet_000001,c_00772,username_772,2026-02-20T03:06:12Z,Feels like hype more than substance. 🤦,negative
tweet_000001,c_00773,username_773,2026-02-21T06:42:43Z,Take my money. (kidding… mostly) 😄,positive
tweet_000001,c_00774,username_774,2026-02-21T18:54:17Z,The engineering is wild. Congrats to the team! (suspension) 🙌,positive
tweet_000001,c_00775,username_775,2026-02-21T23:43:50Z,Feels like hype more than substance.,negative
tweet_000001,c_00776,username_776,2026-02-21T14:11:29Z,AWD option is a big win. 🔥,positive
tweet_000001,c_00777,username_777,2026-02-21T17:54:01Z,Finally! Can't wait to see these on the road. (charging) ✅,positive
tweet_000001,c_00778,username_778,2026-02-21T17:57:26Z,I’ll believe it when I see consistent deliveries.,negative
tweet_000001,c_00779,username_779,2026-02-22T00:54:16Z,Limited-time offers feel gimmicky. (AWD),negative
tweet_000001,c_00780,username_780,2026-02-20T23:36:40Z,Will there be different trims later?,neutral
tweet_000001,c_00781,username_781,2026-02-20T20:13:24Z,So many delays… what's different now? (price),negative
tweet_000001,c_00782,username_782,2026-02-21T23:26:43Z,Hope the build quality is solid. (serviceability) ℹ️,neutral
tweet_000001,c_00783,username_783,2026-02-21T13:41:37Z,"Love the utilitarian focus. If specs hold, I'm in. ✅",positive
tweet_000001,c_00784,username_784,2026-02-21T07:19:53Z,This is awesome — Cybertruck looks like the future! 🚀 🔥,positive
tweet_000001,c_00785,username_785,2026-02-21T02:12:08Z,Take my money. (kidding… mostly) 😄,positive
tweet_000001,c_00786,username_786,2026-02-21T10:34:09Z,I’ll believe it when I see consistent deliveries. (suspension) 😕,negative
tweet_000001,c_00787,username_787,2026-02-21T12:45:16Z,Waiting for real-world reviews. 🤔,neutral
tweet_000001,c_00788,username_788,2026-02-20T01:35:35Z,This could be great for work sites and towing. (features),positive
tweet_000001,c_00789,username_789,2026-02-21T19:12:48Z,Curious about charging speed on 800V. (features),neutral
tweet_000001,c_00790,username_790,2026-02-20T10:40:22Z,So many delays… what's different now? (software updates),negative
tweet_000001,c_00791,username_791,2026-02-21T12:00:47Z,Take my money. (kidding… mostly) 😄 (build quality) ✅,positive
tweet_000001,c_00792,username_792,2026-02-20T02:16:30Z,Waiting for real-world reviews.,neutral
tweet_000001,c_00793,username_793,2026-02-20T02:33:16Z,Interesting update. Any details on range and pricing? 🧐,neutral
tweet_000001,c_00794,username_794,2026-02-20T23:58:33Z,Curious about charging speed on 800V. (build quality),neutral
tweet_000001,c_00795,username_795,2026-02-20T13:24:43Z,"Love the utilitarian focus. If specs hold, I'm in. ✅",positive
tweet_000001,c_00796,username_796,2026-02-21T10:26:58Z,Not convinced this is practical day-to-day. (stainless steel),negative
tweet_000001,c_00797,username_797,2026-02-20T10:59:32Z,This rollout has been messy.,negative
tweet_000001,c_00798,username_798,2026-02-20T14:58:14Z,Curious about charging speed on 800V.,neutral
tweet_000001,c_00799,username_799,2026-02-21T06:37:26Z,Still too expensive for what it is. (suspension),negative
tweet_000001,c_00800,username_800,2026-02-20T16:37:42Z,Still too expensive for what it is. (delivery) 😕,negative
tweet_000001,c_00801,username_801,2026-02-21T04:34:14Z,Specs keep changing — hard to plan.,negative
tweet_000001,c_00802,username_802,2026-02-21T20:29:53Z,This is awesome — Cybertruck looks like the future! 🚀,positive
tweet_000001,c_00803,username_803,2026-02-20T02:41:15Z,Interesting update. Any details on range and pricing?,neutral
tweet_000001,c_00804,username_804,2026-02-21T04:56:21Z,When will deliveries start in more regions? (charging),neutral
tweet_000001,c_00805,username_805,2026-02-20T16:12:49Z,This is awesome — Cybertruck looks like the future! 🚀 (efficiency) 🙌,positive
tweet_000001,c_00806,username_806,2026-02-20T20:54:32Z,So many delays… what's different now? 😕,negative
tweet_000001,c_00807,username_807,2026-02-21T14:30:08Z,So many delays… what's different now? (price),negative
tweet_000001,c_00808,username_808,2026-02-21T13:29:39Z,Design is… not for me.,negative
tweet_000001,c_00809,username_809,2026-02-21T15:20:39Z,Do we have confirmed specs yet? (software updates) 🤔,neutral
tweet_000001,c_00810,username_810,2026-02-21T17:09:51Z,This could be great for work sites and towing.,positive
tweet_000001,c_00811,username_811,2026-02-21T12:15:03Z,This rollout has been messy. (range),negative
tweet_000001,c_00812,username_812,2026-02-20T09:17:28Z,So many delays… what's different now? 😕,negative
tweet_000001,c_00813,username_813,2026-02-21T14:30:40Z,"Love the utilitarian focus. If specs hold, I'm in. ✅",positive
tweet_000001,c_00814,username_814,2026-02-22T00:10:09Z,Design is… not for me. (towing) 😕,negative
tweet_000001,c_00815,username_815,2026-02-20T08:31:04Z,I’ll believe it when I see consistent deliveries.,negative
tweet_000001,c_00816,username_816,2026-02-21T03:28:48Z,Waiting for real-world reviews. (price) 🤔,neutral
tweet_000001,c_00817,username_817,2026-02-20T01:57:15Z,Curious about charging speed on 800V. 🧐,neutral
tweet_000001,c_00818,username_818,2026-02-21T09:07:24Z,Design grows on you. The utility matters most. (suspension) ✅,positive
tweet_000001,c_00819,username_819,2026-02-20T14:33:58Z,"Love the utilitarian focus. If specs hold, I'm in. (charging) 😄",positive
tweet_000001,c_00820,username_820,2026-02-21T12:04:29Z,Take my money. (kidding… mostly) 😄,positive
tweet_000001,c_00821,username_821,2026-02-20T09:28:57Z,I’ll believe it when I see consistent deliveries. 🙄,negative
tweet_000001,c_00822,username_822,2026-02-20T08:48:07Z,Take my money. (kidding… mostly) 😄,positive
tweet_000001,c_00823,username_823,2026-02-21T18:40:45Z,This could be great for work sites and towing. (software updates),positive
tweet_000001,c_00824,username_824,2026-02-21T21:46:03Z,This is awesome — Cybertruck looks like the future! 🚀,positive
tweet_000001,c_00825,username_825,2026-02-20T10:45:50Z,How does this compare to the earlier announced configuration? 📅,neutral
tweet_000001,c_00826,username_826,2026-02-21T09:20:23Z,Still too expensive for what it is. (efficiency) 😒,negative
tweet_000001,c_00827,username_827,2026-02-21T19:14:25Z,Design grows on you. The utility matters most. (efficiency),positive
tweet_000001,c_00828,username_828,2026-02-21T15:02:58Z,I like the direction — keep iterating.,positive
tweet_000001,c_00829,username_829,2026-02-21T08:46:08Z,Design is… not for me. (efficiency),negative
tweet_000001,c_00830,username_830,2026-02-21T05:16:33Z,Curious about charging speed on 800V.,neutral
tweet_000001,c_00831,username_831,2026-02-21T21:52:51Z,This is awesome — Cybertruck looks like the future! 🚀 (delivery),positive
tweet_000001,c_00832,username_832,2026-02-21T11:25:21Z,How does this compare to the earlier announced configuration? 📅,neutral
tweet_000001,c_00833,username_833,2026-02-21T00:35:52Z,The engineering is wild. Congrats to the team! (towing) 🔥,positive
tweet_000001,c_00834,username_834,2026-02-21T17:20:09Z,Take my money. (kidding… mostly) 😄 (AWD) 😄,positive
tweet_000001,c_00835,username_835,2026-02-21T18:58:37Z,How does this compare to the earlier announced configuration? (charging),neutral
tweet_000001,c_00836,username_836,2026-02-20T09:53:38Z,This could be great for work sites and towing. 😄,positive
tweet_000001,c_00837,username_837,2026-02-21T07:16:32Z,Still too expensive for what it is. (range),negative
tweet_000001,c_00838,username_838,2026-02-21T21:14:48Z,Design grows on you. The utility matters most.,positive
tweet_000001,c_00839,username_839,2026-02-21T18:11:52Z,Do we have confirmed specs yet?,neutral
tweet_000001,c_00840,username_840,2026-02-21T02:04:12Z,Waiting for real-world reviews.,neutral
tweet_000001,c_00841,username_841,2026-02-21T10:20:33Z,Looks like Tesla is pushing boundaries again. (serviceability),positive
tweet_000001,c_00842,username_842,2026-02-22T01:06:12Z,This rollout has been messy. 🙄,negative
tweet_000001,c_00843,username_843,2026-02-20T01:24:35Z,Looks like Tesla is pushing boundaries again. (efficiency),positive
tweet_000001,c_00844,username_844,2026-02-20T22:30:41Z,Not convinced this is practical day-to-day. (suspension) 🙄,negative
tweet_000001,c_00845,username_845,2026-02-21T13:06:25Z,Finally! Can't wait to see these on the road.,positive
tweet_000001,c_00846,username_846,2026-02-21T07:02:52Z,"Love the utilitarian focus. If specs hold, I'm in. (AWD) 😄",positive
tweet_000001,c_00847,username_847,2026-02-20T16:56:55Z,This could be great for work sites and towing. ✅,positive
tweet_000001,c_00848,username_848,2026-02-20T09:05:50Z,Concerned about safety and repairs. (efficiency),negative
tweet_000001,c_00849,username_849,2026-02-21T20:07:33Z,When will deliveries start in more regions?,neutral
tweet_000001,c_00850,username_850,2026-02-22T01:11:50Z,Hope the build quality is solid. 📅,neutral
tweet_000001,c_00851,username_851,2026-02-20T01:33:57Z,I like the direction — keep iterating.,positive
tweet_000001,c_00852,username_852,2026-02-21T08:45:58Z,So many delays… what's different now? (build quality),negative
tweet_000001,c_00853,username_853,2026-02-20T14:09:12Z,Design grows on you. The utility matters most. (delivery) ⚡,positive
tweet_000001,c_00854,username_854,2026-02-21T20:58:49Z,So many delays… what's different now?,negative
tweet_000001,c_00855,username_855,2026-02-21T05:15:37Z,Take my money. (kidding… mostly) 😄,positive
tweet_000001,c_00856,username_856,2026-02-20T19:19:34Z,AWD option is a big win. 🔥 (stainless steel),positive
tweet_000001,c_00857,username_857,2026-02-21T10:13:30Z,Finally! Can't wait to see these on the road. (serviceability),positive
tweet_000001,c_00858,username_858,2026-02-21T14:33:14Z,Is the limited-time offer available everywhere?,neutral
tweet_000001,c_00859,username_859,2026-02-21T00:06:29Z,What’s the estimated lead time? 🧐,neutral
tweet_000001,c_00860,username_860,2026-02-21T02:23:36Z,Finally! Can't wait to see these on the road.,positive
tweet_000001,c_00861,username_861,2026-02-20T14:11:52Z,Not convinced this is practical day-to-day. (efficiency) 😕,negative
tweet_000001,c_00862,username_862,2026-02-21T02:53:57Z,What’s the estimated lead time? (serviceability),neutral
tweet_000001,c_00863,username_863,2026-02-21T07:38:59Z,What’s the estimated lead time? (software updates),neutral
tweet_000001,c_00864,username_864,2026-02-21T15:18:50Z,"Love the utilitarian focus. If specs hold, I'm in. (delivery) 🚀",positive
tweet_000001,c_00865,username_865,2026-02-20T15:48:23Z,AWD option is a big win. 🔥 ✅,positive
tweet_000001,c_00866,username_866,2026-02-20T19:29:43Z,Curious about charging speed on 800V.,neutral
tweet_000001,c_00867,username_867,2026-02-20T22:44:29Z,The engineering is wild. Congrats to the team! 😄,positive
tweet_000001,c_00868,username_868,2026-02-20T08:42:44Z,Design grows on you. The utility matters most.,positive
tweet_000001,c_00869,username_869,2026-02-20T17:35:00Z,Not convinced this is practical day-to-day. (build quality),negative
tweet_000001,c_00870,username_870,2026-02-20T22:11:42Z,Still too expensive for what it is.,negative
tweet_000001,c_00871,username_871,2026-02-21T00:01:00Z,I like the direction — keep iterating. (suspension) 🙌,positive
tweet_000001,c_00872,username_872,2026-02-21T09:30:46Z,The engineering is wild. Congrats to the team!,positive
tweet_000001,c_00873,username_873,2026-02-22T00:24:32Z,Waiting for real-world reviews.,neutral
tweet_000001,c_00874,username_874,2026-02-21T21:11:14Z,The engineering is wild. Congrats to the team!,positive
tweet_000001,c_00875,username_875,2026-02-20T22:40:16Z,This could be great for work sites and towing. (efficiency) 🔥,positive
tweet_000001,c_00876,username_876,2026-02-21T14:40:01Z,"Love the utilitarian focus. If specs hold, I'm in. (software updates) ✅",positive
tweet_000001,c_00877,username_877,2026-02-20T10:43:16Z,I’ll believe it when I see consistent deliveries. (towing) 🤦,negative
tweet_000001,c_00878,username_878,2026-02-20T12:31:21Z,Still too expensive for what it is. (stainless steel),negative
tweet_000001,c_00879,username_879,2026-02-21T22:47:16Z,Design grows on you. The utility matters most. 🙌,positive
tweet_000001,c_00880,username_880,2026-02-21T17:18:41Z,Looks like Tesla is pushing boundaries again. (suspension) 🔥,positive
tweet_000001,c_00881,username_881,2026-02-20T14:38:20Z,I like the direction — keep iterating. (build quality) 🙌,positive
tweet_000001,c_00882,username_882,2026-02-21T16:21:20Z,Concerned about safety and repairs. (AWD),negative
tweet_000001,c_00883,username_883,2026-02-21T01:25:01Z,Looks like Tesla is pushing boundaries again. (AWD),positive
tweet_000001,c_00884,username_884,2026-02-21T22:16:18Z,I like the direction — keep iterating. (build quality),positive
tweet_000001,c_00885,username_885,2026-02-22T00:31:50Z,Still too expensive for what it is. (stainless steel),negative
tweet_000001,c_00886,username_886,2026-02-22T00:01:05Z,Design grows on you. The utility matters most. 🚀,positive
tweet_000001,c_00887,username_887,2026-02-21T00:37:11Z,Concerned about safety and repairs.,negative
tweet_000001,c_00888,username_888,2026-02-21T05:20:55Z,AWD option is a big win. 🔥 (towing) 🙌,positive
tweet_000001,c_00889,username_889,2026-02-21T04:33:13Z,I like the direction — keep iterating.,positive
tweet_000001,c_00890,username_890,2026-02-20T04:26:35Z,AWD option is a big win. 🔥 🙌,positive
tweet_000001,c_00891,username_891,2026-02-20T07:14:46Z,Limited-time offers feel gimmicky. (features),negative
tweet_000001,c_00892,username_892,2026-02-20T01:47:01Z,Limited-time offers feel gimmicky. (efficiency),negative
tweet_000001,c_00893,username_893,2026-02-21T08:08:23Z,Limited-time offers feel gimmicky. (suspension),negative
tweet_000001,c_00894,username_894,2026-02-21T08:56:34Z,"Love the utilitarian focus. If specs hold, I'm in. 😄",positive
tweet_000001,c_00895,username_895,2026-02-21T01:24:17Z,Still too expensive for what it is. (range) ⚠️,negative
tweet_000001,c_00896,username_896,2026-02-21T17:53:18Z,"Love the utilitarian focus. If specs hold, I'm in. (AWD)",positive
tweet_000001,c_00897,username_897,2026-02-21T06:55:58Z,Take my money. (kidding… mostly) 😄 (software updates),positive
tweet_000001,c_00898,username_898,2026-02-20T02:28:47Z,Concerned about safety and repairs.,negative
tweet_000001,c_00899,username_899,2026-02-21T23:57:25Z,Design grows on you. The utility matters most. (suspension),positive
tweet_000001,c_00900,username_900,2026-02-20T06:32:08Z,Looks like Tesla is pushing boundaries again. ⚡,positive
tweet_000001,c_00901,username_901,2026-02-20T23:11:37Z,Design grows on you. The utility matters most. (features),positive
tweet_000001,c_00902,username_902,2026-02-21T05:01:25Z,Take my money. (kidding… mostly) 😄 🔥,positive
tweet_000001,c_00903,username_903,2026-02-21T16:05:45Z,The engineering is wild. Congrats to the team! (software updates),positive
tweet_000001,c_00904,username_904,2026-02-21T16:59:18Z,Is the limited-time offer available everywhere? 🧐,neutral
tweet_000001,c_00905,username_905,2026-02-20T02:03:42Z,I like the direction — keep iterating. 🚀,positive
tweet_000001,c_00906,username_906,2026-02-20T01:36:58Z,So many delays… what's different now? (build quality),negative
tweet_000001,c_00907,username_907,2026-02-20T07:26:55Z,Specs keep changing — hard to plan. (suspension),negative
tweet_000001,c_00908,username_908,2026-02-21T02:17:18Z,The engineering is wild. Congrats to the team! (efficiency),positive
tweet_000001,c_00909,username_909,2026-02-20T11:37:23Z,Finally! Can't wait to see these on the road. (serviceability),positive
tweet_000001,c_00910,username_910,2026-02-20T15:24:01Z,"Love the utilitarian focus. If specs hold, I'm in. (features)",positive
tweet_000001,c_00911,username_911,2026-02-20T05:12:37Z,What’s the estimated lead time? (build quality) 🤔,neutral
tweet_000001,c_00912,username_912,2026-02-20T19:30:16Z,"Love the utilitarian focus. If specs hold, I'm in. (serviceability)",positive
tweet_000001,c_00913,username_913,2026-02-21T01:20:30Z,Waiting for real-world reviews. (efficiency) 🧐,neutral
tweet_000001,c_00914,username_914,2026-02-21T22:21:42Z,"Love the utilitarian focus. If specs hold, I'm in. 😄",positive
tweet_000001,c_00915,username_915,2026-02-21T01:09:33Z,Hope the build quality is solid.,neutral
tweet_000001,c_00916,username_916,2026-02-20T12:20:49Z,Design grows on you. The utility matters most. (features) 😄,positive
tweet_000001,c_00917,username_917,2026-02-20T13:31:47Z,This is awesome — Cybertruck looks like the future! 🚀 (features) ⚡,positive
tweet_000001,c_00918,username_918,2026-02-21T23:54:51Z,Concerned about safety and repairs. (stainless steel) ⚠️,negative
tweet_000001,c_00919,username_919,2026-02-21T12:11:57Z,Feels like hype more than substance. (features) 😒,negative
tweet_000001,c_00920,username_920,2026-02-20T09:10:29Z,Finally! Can't wait to see these on the road. ✅,positive
tweet_000001,c_00921,username_921,2026-02-20T11:26:40Z,Not convinced this is practical day-to-day. (suspension),negative
tweet_000001,c_00922,username_922,2026-02-20T06:49:04Z,When will deliveries start in more regions?,neutral
tweet_000001,c_00923,username_923,2026-02-21T23:14:37Z,Still too expensive for what it is.,negative
tweet_000001,c_00924,username_924,2026-02-21T20:12:54Z,Design is… not for me.,negative
tweet_000001,c_00925,username_925,2026-02-21T16:49:27Z,I like the direction — keep iterating. (features) 😄,positive
tweet_000001,c_00926,username_926,2026-02-20T17:30:38Z,Design grows on you. The utility matters most. 😄,positive
tweet_000001,c_00927,username_927,2026-02-21T13:44:26Z,I like the direction — keep iterating. (stainless steel),positive
tweet_000001,c_00928,username_928,2026-02-20T18:38:41Z,Hope the build quality is solid.,neutral
tweet_000001,c_00929,username_929,2026-02-20T11:28:17Z,How does this compare to the earlier announced configuration? (serviceability),neutral
tweet_000001,c_00930,username_930,2026-02-20T11:53:45Z,This could be great for work sites and towing. 😄,positive
tweet_000001,c_00931,username_931,2026-02-20T18:07:31Z,"Love the utilitarian focus. If specs hold, I'm in. (AWD) 🔥",positive
tweet_000001,c_00932,username_932,2026-02-21T14:57:40Z,This rollout has been messy. (charging),negative
tweet_000001,c_00933,username_933,2026-02-20T04:09:20Z,This rollout has been messy. (build quality),negative
tweet_000001,c_00934,username_934,2026-02-20T21:09:55Z,Is the limited-time offer available everywhere? (serviceability) 📅,neutral
tweet_000001,c_00935,username_935,2026-02-21T03:51:00Z,Design grows on you. The utility matters most.,positive
tweet_000001,c_00936,username_936,2026-02-21T14:52:20Z,AWD option is a big win. 🔥 (AWD),positive
tweet_000001,c_00937,username_937,2026-02-21T02:56:50Z,Looks like Tesla is pushing boundaries again. (charging),positive
tweet_000001,c_00938,username_938,2026-02-20T01:43:49Z,Not convinced this is practical day-to-day.,negative
tweet_000001,c_00939,username_939,2026-02-20T17:59:50Z,"Love the utilitarian focus. If specs hold, I'm in. (towing) 🔥",positive
tweet_000001,c_00940,username_940,2026-02-20T12:42:30Z,Waiting for real-world reviews.,neutral
tweet_000001,c_00941,username_941,2026-02-20T18:01:23Z,Take my money. (kidding… mostly) 😄,positive
tweet_000001,c_00942,username_942,2026-02-21T12:18:46Z,How does this compare to the earlier announced configuration? (serviceability) 📅,neutral
tweet_000001,c_00943,username_943,2026-02-20T02:53:04Z,Design is… not for me. (serviceability),negative
tweet_000001,c_00944,username_944,2026-02-20T11:03:37Z,Not convinced this is practical day-to-day. (serviceability) 🙄,negative
tweet_000001,c_00945,username_945,2026-02-20T20:03:21Z,Finally! Can't wait to see these on the road. (software updates),positive
tweet_000001,c_00946,username_946,2026-02-21T18:17:25Z,This is awesome — Cybertruck looks like the future! 🚀,positive
tweet_000001,c_00947,username_947,2026-02-20T21:53:25Z,"Love the utilitarian focus. If specs hold, I'm in. (serviceability)",positive
tweet_000001,c_00948,username_948,2026-02-21T12:19:26Z,I’ll believe it when I see consistent deliveries. (software updates),negative
tweet_000001,c_00949,username_949,2026-02-21T19:40:37Z,I’ll believe it when I see consistent deliveries.,negative
tweet_000001,c_00950,username_950,2026-02-20T13:27:47Z,Waiting for real-world reviews.,neutral
tweet_000001,c_00951,username_951,2026-02-20T06:15:46Z,Do we have confirmed specs yet? (delivery) ℹ️,neutral
tweet_000001,c_00952,username_952,2026-02-21T15:18:45Z,Not convinced this is practical day-to-day.,negative
tweet_000001,c_00953,username_953,2026-02-21T21:20:31Z,"Love the utilitarian focus. If specs hold, I'm in. (serviceability)",positive
tweet_000001,c_00954,username_954,2026-02-21T15:56:51Z,Not convinced this is practical day-to-day. 🙄,negative
tweet_000001,c_00955,username_955,2026-02-21T21:11:37Z,I like the direction — keep iterating.,positive
tweet_000001,c_00956,username_956,2026-02-22T00:31:32Z,Take my money. (kidding… mostly) 😄 (stainless steel),positive
tweet_000001,c_00957,username_957,2026-02-21T15:49:48Z,Will there be different trims later? (features),neutral
tweet_000001,c_00958,username_958,2026-02-21T05:00:38Z,Looks like Tesla is pushing boundaries again. (suspension),positive
tweet_000001,c_00959,username_959,2026-02-21T19:12:06Z,"Love the utilitarian focus. If specs hold, I'm in. (towing)",positive
tweet_000001,c_00960,username_960,2026-02-20T18:10:51Z,Limited-time offers feel gimmicky. (build quality),negative
tweet_000001,c_00961,username_961,2026-02-20T15:00:50Z,This is awesome — Cybertruck looks like the future! 🚀,positive
tweet_000001,c_00962,username_962,2026-02-21T19:20:15Z,What’s the estimated lead time? (range),neutral
tweet_000001,c_00963,username_963,2026-02-20T16:12:29Z,Looks like Tesla is pushing boundaries again. (price) ⚡,positive
tweet_000001,c_00964,username_964,2026-02-21T19:52:31Z,AWD option is a big win. 🔥 (build quality),positive
tweet_000001,c_00965,username_965,2026-02-21T03:52:31Z,Design grows on you. The utility matters most. (efficiency) 🔥,positive
tweet_000001,c_00966,username_966,2026-02-21T07:20:25Z,I like the direction — keep iterating.,positive
tweet_000001,c_00967,username_967,2026-02-21T04:12:29Z,Not convinced this is practical day-to-day. (towing),negative
tweet_000001,c_00968,username_968,2026-02-21T19:18:47Z,Looks like Tesla is pushing boundaries again. 🔥,positive
tweet_000001,c_00969,username_969,2026-02-20T09:55:17Z,Do we have confirmed specs yet? (suspension),neutral
tweet_000001,c_00970,username_970,2026-02-20T08:33:07Z,Do we have confirmed specs yet? (features),neutral
tweet_000001,c_00971,username_971,2026-02-21T17:20:30Z,So many delays… what's different now?,negative
tweet_000001,c_00972,username_972,2026-02-20T12:57:16Z,Concerned about safety and repairs. 😕,negative
tweet_000001,c_00973,username_973,2026-02-20T11:49:56Z,Feels like hype more than substance.,negative
tweet_000001,c_00974,username_974,2026-02-20T05:54:58Z,AWD option is a big win. 🔥 (price),positive
tweet_000001,c_00975,username_975,2026-02-21T05:14:08Z,Take my money. (kidding… mostly) 😄,positive
tweet_000001,c_00976,username_976,2026-02-21T20:45:23Z,This is awesome — Cybertruck looks like the future! 🚀,positive
tweet_000001,c_00977,username_977,2026-02-21T23:52:28Z,How does this compare to the earlier announced configuration? (AWD),neutral
tweet_000001,c_00978,username_978,2026-02-21T14:58:50Z,AWD option is a big win. 🔥 (features),positive
tweet_000001,c_00979,username_979,2026-02-21T14:48:37Z,Do we have confirmed specs yet?,neutral
tweet_000001,c_00980,username_980,2026-02-21T03:26:43Z,Do we have confirmed specs yet?,neutral
tweet_000001,c_00981,username_981,2026-02-20T07:34:25Z,AWD option is a big win. 🔥 😄,positive
tweet_000001,c_00982,username_982,2026-02-21T06:46:26Z,So many delays… what's different now? (range),negative
tweet_000001,c_00983,username_983,2026-02-20T06:14:47Z,"Love the utilitarian focus. If specs hold, I'm in. (suspension)",positive
tweet_000001,c_00984,username_984,2026-02-21T19:41:52Z,Looks like Tesla is pushing boundaries again. (towing) 🔥,positive
tweet_000001,c_00985,username_985,2026-02-21T10:21:52Z,Concerned about safety and repairs. (towing) 😒,negative
tweet_000001,c_00986,username_986,2026-02-20T09:00:09Z,What’s the estimated lead time? (towing),neutral
tweet_000001,c_00987,username_987,2026-02-20T09:46:13Z,Not convinced this is practical day-to-day.,negative
tweet_000001,c_00988,username_988,2026-02-21T19:06:44Z,AWD option is a big win. 🔥,positive
tweet_000001,c_00989,username_989,2026-02-21T18:15:31Z,This could be great for work sites and towing.,positive
tweet_000001,c_00990,username_990,2026-02-21T10:39:44Z,Feels like hype more than substance.,negative
tweet_000001,c_00991,username_991,2026-02-21T12:20:45Z,Limited-time offers feel gimmicky. (software updates),negative
tweet_000001,c_00992,username_992,2026-02-20T17:17:51Z,Design is… not for me.,negative
tweet_000001,c_00993,username_993,2026-02-21T02:57:42Z,I like the direction — keep iterating. (suspension),positive
tweet_000001,c_00994,username_994,2026-02-20T19:19:39Z,Is the limited-time offer available everywhere? (efficiency),neutral
tweet_000001,c_00995,username_995,2026-02-21T02:09:11Z,"Love the utilitarian focus. If specs hold, I'm in. (delivery)",positive
tweet_000001,c_00996,username_996,2026-02-21T02:59:37Z,The engineering is wild. Congrats to the team! ⚡,positive
tweet_000001,c_00997,username_997,2026-02-20T15:05:51Z,Feels like hype more than substance. 🙄,negative
tweet_000001,c_00998,username_998,2026-02-20T20:34:34Z,The engineering is wild. Congrats to the team! (AWD),positive
tweet_000001,c_00999,username_999,2026-02-21T03:10:30Z,I’ll believe it when I see consistent deliveries. 😕,negative
tweet_000001,c_01000,username_1000,2026-02-21T13:07:29Z,Design grows on you. The utility matters most. (build quality),positive
tweet_000001,c_01001,username_1001,2026-02-21T12:22:09Z,Looks like Tesla is pushing boundaries again.,positive
tweet_000001,c_01002,username_1002,2026-02-21T19:05:06Z,Is the limited-time offer available everywhere? (features),neutral
tweet_000001,c_01003,username_1003,2026-02-20T21:39:30Z,Concerned about safety and repairs. (serviceability) 😒,negative
tweet_000001,c_01004,username_1004,2026-02-21T08:03:53Z,Feels like hype more than substance. ⚠️,negative
tweet_000001,c_01005,username_1005,2026-02-21T05:55:10Z,I’ll believe it when I see consistent deliveries. (price),negative
tweet_000001,c_01006,username_1006,2026-02-21T10:45:04Z,This rollout has been messy. 🙄,negative
tweet_000001,c_01007,username_1007,2026-02-21T04:52:44Z,So many delays… what's different now? (stainless steel),negative
tweet_000001,c_01008,username_1008,2026-02-20T20:09:38Z,I’ll believe it when I see consistent deliveries. (AWD) 😒,negative
tweet_000001,c_01009,username_1009,2026-02-21T02:14:00Z,Looks like Tesla is pushing boundaries again. (software updates) ⚡,positive
tweet_000001,c_01010,username_1010,2026-02-21T04:21:38Z,Waiting for real-world reviews. ℹ️,neutral
tweet_000001,c_01011,username_1011,2026-02-21T18:51:31Z,Finally! Can't wait to see these on the road.,positive
tweet_000001,c_01012,username_1012,2026-02-20T08:31:20Z,Specs keep changing — hard to plan.,negative
tweet_000001,c_01013,username_1013,2026-02-21T04:59:06Z,Design is… not for me. (suspension) 😕,negative
tweet_000001,c_01014,username_1014,2026-02-20T14:06:36Z,Take my money. (kidding… mostly) 😄 (efficiency),positive
tweet_000001,c_01015,username_1015,2026-02-21T00:14:26Z,Feels like hype more than substance. (build quality),negative
tweet_000001,c_01016,username_1016,2026-02-20T04:43:26Z,Concerned about safety and repairs. (delivery) ⚠️,negative
tweet_000001,c_01017,username_1017,2026-02-21T11:57:01Z,"Love the utilitarian focus. If specs hold, I'm in. (stainless steel) ✅",positive
tweet_000001,c_01018,username_1018,2026-02-21T18:03:12Z,What’s the estimated lead time? 🤔,neutral
tweet_000001,c_01019,username_1019,2026-02-21T07:14:00Z,Limited-time offers feel gimmicky. (efficiency),negative
tweet_000001,c_01020,username_1020,2026-02-20T15:44:15Z,Design grows on you. The utility matters most. (efficiency),positive
tweet_000001,c_01021,username_1021,2026-02-20T21:58:28Z,This rollout has been messy. (build quality),negative
tweet_000001,c_01022,username_1022,2026-02-21T09:47:40Z,"Love the utilitarian focus. If specs hold, I'm in. (towing)",positive
tweet_000001,c_01023,username_1023,2026-02-20T11:47:51Z,I’ll believe it when I see consistent deliveries.,negative
tweet_000001,c_01024,username_1024,2026-02-21T07:57:56Z,So many delays… what's different now? (price) ⚠️,negative
tweet_000001,c_01025,username_1025,2026-02-20T17:52:05Z,This rollout has been messy. (towing),negative
tweet_000001,c_01026,username_1026,2026-02-21T21:19:58Z,Will there be different trims later? (charging),neutral
tweet_000001,c_01027,username_1027,2026-02-21T03:41:41Z,So many delays… what's different now? (charging),negative
tweet_000001,c_01028,username_1028,2026-02-20T14:38:24Z,Still too expensive for what it is. (AWD),negative
tweet_000001,c_01029,username_1029,2026-02-20T07:04:48Z,The engineering is wild. Congrats to the team! (price) 😄,positive
tweet_000001,c_01030,username_1030,2026-02-21T17:11:08Z,Still too expensive for what it is. (software updates),negative
tweet_000001,c_01031,username_1031,2026-02-20T07:18:43Z,"Love the utilitarian focus. If specs hold, I'm in. (delivery) 😄",positive
tweet_000001,c_01032,username_1032,2026-02-20T23:46:39Z,Do we have confirmed specs yet? (towing),neutral
tweet_000001,c_01033,username_1033,2026-02-20T10:27:18Z,Finally! Can't wait to see these on the road. (delivery) ⚡,positive
tweet_000001,c_01034,username_1034,2026-02-21T03:14:03Z,Looks like Tesla is pushing boundaries again.,positive
tweet_000001,c_01035,username_1035,2026-02-21T16:36:50Z,AWD option is a big win. 🔥 (delivery),positive
tweet_000001,c_01036,username_1036,2026-02-21T16:31:11Z,I’ll believe it when I see consistent deliveries. (charging),negative
tweet_000001,c_01037,username_1037,2026-02-21T23:33:04Z,Design grows on you. The utility matters most. (efficiency),positive
tweet_000001,c_01038,username_1038,2026-02-20T23:47:55Z,This rollout has been messy. (AWD),negative
tweet_000001,c_01039,username_1039,2026-02-21T09:25:31Z,AWD option is a big win. 🔥 (towing) 🚀,positive
tweet_000001,c_01040,username_1040,2026-02-20T01:15:24Z,I like the direction — keep iterating.,positive
tweet_000001,c_01041,username_1041,2026-02-21T02:17:27Z,Is the limited-time offer available everywhere? (range),neutral
tweet_000001,c_01042,username_1042,2026-02-21T13:04:16Z,Feels like hype more than substance. (features),negative
tweet_000001,c_01043,username_1043,2026-02-20T22:34:47Z,Design grows on you. The utility matters most. (range),positive
tweet_000001,c_01044,username_1044,2026-02-20T14:58:52Z,Will there be different trims later?,neutral
tweet_000001,c_01045,username_1045,2026-02-20T19:26:48Z,I’ll believe it when I see consistent deliveries.,negative
tweet_000001,c_01046,username_1046,2026-02-21T04:48:04Z,Do we have confirmed specs yet? (software updates),neutral
tweet_000001,c_01047,username_1047,2026-02-21T14:52:06Z,Design grows on you. The utility matters most.,positive
tweet_000001,c_01048,username_1048,2026-02-20T21:58:46Z,I like the direction — keep iterating.,positive
tweet_000001,c_01049,username_1049,2026-02-20T06:14:07Z,I’ll believe it when I see consistent deliveries. (price),negative
tweet_000001,c_01050,username_1050,2026-02-21T22:13:54Z,This could be great for work sites and towing. (serviceability),positive
tweet_000001,c_01051,username_1051,2026-02-21T00:35:54Z,Still too expensive for what it is. (build quality) 😕,negative
tweet_000001,c_01052,username_1052,2026-02-20T21:47:34Z,Is the limited-time offer available everywhere? (charging),neutral
tweet_000001,c_01053,username_1053,2026-02-20T18:12:09Z,Limited-time offers feel gimmicky. (charging) 🤦,negative
tweet_000001,c_01054,username_1054,2026-02-20T23:56:17Z,Feels like hype more than substance.,negative
tweet_000001,c_01055,username_1055,2026-02-20T03:33:39Z,This rollout has been messy. (features),negative
tweet_000001,c_01056,username_1056,2026-02-20T05:19:50Z,AWD option is a big win. 🔥 😄,positive
tweet_000001,c_01057,username_1057,2026-02-20T14:28:26Z,Design is… not for me. 🤦,negative
tweet_000001,c_01058,username_1058,2026-02-20T02:10:07Z,"Love the utilitarian focus. If specs hold, I'm in.",positive
tweet_000001,c_01059,username_1059,2026-02-21T05:16:12Z,How does this compare to the earlier announced configuration? (range) 🤔,neutral
tweet_000001,c_01060,username_1060,2026-02-21T15:11:53Z,Do we have confirmed specs yet? (efficiency),neutral
tweet_000001,c_01061,username_1061,2026-02-21T00:46:29Z,I’ll believe it when I see consistent deliveries. 😒,negative
tweet_000001,c_01062,username_1062,2026-02-21T15:10:57Z,Limited-time offers feel gimmicky. (efficiency) ⚠️,negative
tweet_000001,c_01063,username_1063,2026-02-20T05:02:34Z,Design is… not for me. 🤦,negative
tweet_000001,c_01064,username_1064,2026-02-21T00:52:49Z,This is awesome — Cybertruck looks like the future! 🚀 (towing),positive
tweet_000001,c_01065,username_1065,2026-02-21T06:04:18Z,The engineering is wild. Congrats to the team! (range),positive
tweet_000001,c_01066,username_1066,2026-02-21T11:51:29Z,So many delays… what's different now? (features) 🙄,negative
tweet_000001,c_01067,username_1067,2026-02-21T13:39:10Z,"Love the utilitarian focus. If specs hold, I'm in. ⚡",positive
tweet_000001,c_01068,username_1068,2026-02-20T05:37:22Z,This is awesome — Cybertruck looks like the future! 🚀 (delivery),positive
tweet_000001,c_01069,username_1069,2026-02-20T09:04:12Z,Finally! Can't wait to see these on the road. (stainless steel),positive
tweet_000001,c_01070,username_1070,2026-02-22T00:11:30Z,Looks like Tesla is pushing boundaries again.,positive
tweet_000001,c_01071,username_1071,2026-02-20T15:18:04Z,This is awesome — Cybertruck looks like the future! 🚀 🔥,positive
tweet_000001,c_01072,username_1072,2026-02-20T19:30:18Z,This is awesome — Cybertruck looks like the future! 🚀 (charging),positive
tweet_000001,c_01073,username_1073,2026-02-21T16:46:14Z,This could be great for work sites and towing. (delivery),positive
tweet_000001,c_01074,username_1074,2026-02-21T00:49:10Z,This could be great for work sites and towing. (serviceability),positive
tweet_000001,c_01075,username_1075,2026-02-21T17:37:44Z,I’ll believe it when I see consistent deliveries. (delivery),negative
tweet_000001,c_01076,username_1076,2026-02-20T20:25:35Z,I like the direction — keep iterating. (range),positive
tweet_000001,c_01077,username_1077,2026-02-21T14:05:33Z,Take my money. (kidding… mostly) 😄,positive
tweet_000001,c_01078,username_1078,2026-02-21T22:22:39Z,This rollout has been messy. 😕,negative
tweet_000001,c_01079,username_1079,2026-02-22T01:11:06Z,I like the direction — keep iterating. ⚡,positive
tweet_000001,c_01080,username_1080,2026-02-21T13:28:49Z,Not convinced this is practical day-to-day. (towing) ⚠️,negative
tweet_000001,c_01081,username_1081,2026-02-20T09:17:37Z,Limited-time offers feel gimmicky. (price) 🙄,negative
tweet_000001,c_01082,username_1082,2026-02-20T14:15:29Z,This is awesome — Cybertruck looks like the future! 🚀 (charging) 🚀,positive
tweet_000001,c_01083,username_1083,2026-02-21T18:49:47Z,Take my money. (kidding… mostly) 😄,positive
tweet_000001,c_01084,username_1084,2026-02-21T20:14:03Z,Specs keep changing — hard to plan. (AWD),negative
tweet_000001,c_01085,username_1085,2026-02-20T06:24:39Z,Still too expensive for what it is. 🤦,negative
tweet_000001,c_01086,username_1086,2026-02-20T07:04:20Z,How does this compare to the earlier announced configuration? 📅,neutral
tweet_000001,c_01087,username_1087,2026-02-21T04:07:29Z,Interesting update. Any details on range and pricing? 🤔,neutral
tweet_000001,c_01088,username_1088,2026-02-20T06:22:31Z,AWD option is a big win. 🔥 (AWD),positive
tweet_000001,c_01089,username_1089,2026-02-20T08:19:19Z,Limited-time offers feel gimmicky.,negative
tweet_000001,c_01090,username_1090,2026-02-20T15:02:45Z,The engineering is wild. Congrats to the team! (AWD),positive
tweet_000001,c_01091,username_1091,2026-02-20T14:16:37Z,Not convinced this is practical day-to-day.,negative
tweet_000001,c_01092,username_1092,2026-02-20T08:55:59Z,Hope the build quality is solid. (charging),neutral
tweet_000001,c_01093,username_1093,2026-02-21T08:20:55Z,When will deliveries start in more regions? (delivery),neutral
tweet_000001,c_01094,username_1094,2026-02-21T14:00:02Z,Waiting for real-world reviews.,neutral
tweet_000001,c_01095,username_1095,2026-02-21T20:56:04Z,This could be great for work sites and towing.,positive
tweet_000001,c_01096,username_1096,2026-02-21T17:18:20Z,Looks like Tesla is pushing boundaries again.,positive
tweet_000001,c_01097,username_1097,2026-02-21T23:21:40Z,Take my money. (kidding… mostly) 😄 🔥,positive
tweet_000001,c_01098,username_1098,2026-02-21T18:15:25Z,I like the direction — keep iterating. (features),positive
tweet_000001,c_01099,username_1099,2026-02-20T19:45:07Z,This rollout has been messy.,negative
tweet_000001,c_01100,username_1100,2026-02-21T06:09:54Z,This is awesome — Cybertruck looks like the future! 🚀,positive
tweet_000001,c_01101,username_1101,2026-02-21T20:37:55Z,This is awesome — Cybertruck looks like the future! 🚀 (towing) 🔥,positive
tweet_000001,c_01102,username_1102,2026-02-20T16:53:34Z,This rollout has been messy. (suspension),negative
tweet_000001,c_01103,username_1103,2026-02-21T17:33:59Z,Not convinced this is practical day-to-day. (serviceability) 😕,negative
tweet_000001,c_01104,username_1104,2026-02-21T10:46:23Z,This rollout has been messy. (towing),negative
tweet_000001,c_01105,username_1105,2026-02-21T19:38:28Z,Design is… not for me. (features) 😒,negative
tweet_000001,c_01106,username_1106,2026-02-21T06:21:44Z,Design grows on you. The utility matters most.,positive
tweet_000001,c_01107,username_1107,2026-02-21T00:53:36Z,This could be great for work sites and towing. (suspension),positive
tweet_000001,c_01108,username_1108,2026-02-20T08:11:39Z,So many delays… what's different now? 😒,negative
tweet_000001,c_01109,username_1109,2026-02-21T05:02:00Z,Limited-time offers feel gimmicky.,negative
tweet_000001,c_01110,username_1110,2026-02-21T01:35:58Z,Looks like Tesla is pushing boundaries again.,positive
tweet_000001,c_01111,username_1111,2026-02-20T10:01:38Z,Design is… not for me.,negative
tweet_000001,c_01112,username_1112,2026-02-20T02:04:57Z,Take my money. (kidding… mostly) 😄 (build quality) 🙌,positive
tweet_000001,c_01113,username_1113,2026-02-21T18:23:08Z,Finally! Can't wait to see these on the road. (suspension) 🚀,positive
tweet_000001,c_01114,username_1114,2026-02-21T05:51:31Z,How does this compare to the earlier announced configuration?,neutral
tweet_000001,c_01115,username_1115,2026-02-20T07:48:34Z,Do we have confirmed specs yet? (features),neutral
tweet_000001,c_01116,username_1116,2026-02-20T10:52:32Z,Waiting for real-world reviews. (serviceability),neutral
tweet_000001,c_01117,username_1117,2026-02-21T17:09:54Z,Take my money. (kidding… mostly) 😄 (software updates),positive
tweet_000001,c_01118,username_1118,2026-02-20T10:44:37Z,I’ll believe it when I see consistent deliveries. (AWD),negative
tweet_000001,c_01119,username_1119,2026-02-22T00:44:43Z,Design grows on you. The utility matters most. (serviceability),positive
tweet_000001,c_01120,username_1120,2026-02-21T15:25:28Z,The engineering is wild. Congrats to the team! (towing),positive
tweet_000001,c_01121,username_1121,2026-02-21T00:48:00Z,So many delays… what's different now? (efficiency),negative
tweet_000001,c_01122,username_1122,2026-02-21T03:50:52Z,This rollout has been messy. (stainless steel),negative
tweet_000001,c_01123,username_1123,2026-02-20T03:00:45Z,Specs keep changing — hard to plan. (stainless steel),negative
tweet_000001,c_01124,username_1124,2026-02-21T09:27:02Z,So many delays… what's different now? (range),negative
tweet_000001,c_01125,username_1125,2026-02-20T18:15:07Z,Design is… not for me. 😕,negative
tweet_000001,c_01126,username_1126,2026-02-20T09:25:57Z,Interesting update. Any details on range and pricing? (serviceability),neutral
tweet_000001,c_01127,username_1127,2026-02-20T22:11:54Z,This is awesome — Cybertruck looks like the future! 🚀 (features) 😄,positive
tweet_000001,c_01128,username_1128,2026-02-21T11:33:39Z,This is awesome — Cybertruck looks like the future! 🚀 (suspension),positive
tweet_000001,c_01129,username_1129,2026-02-20T16:05:25Z,I like the direction — keep iterating. (towing),positive
tweet_000001,c_01130,username_1130,2026-02-21T22:37:06Z,Finally! Can't wait to see these on the road.,positive
tweet_000001,c_01131,username_1131,2026-02-21T04:40:25Z,So many delays… what's different now?,negative
tweet_000001,c_01132,username_1132,2026-02-20T19:51:06Z,Curious about charging speed on 800V. (AWD),neutral
tweet_000001,c_01133,username_1133,2026-02-21T22:14:55Z,AWD option is a big win. 🔥 (efficiency),positive
tweet_000001,c_01134,username_1134,2026-02-20T06:05:58Z,Take my money. (kidding… mostly) 😄,positive
tweet_000001,c_01135,username_1135,2026-02-21T03:28:49Z,Limited-time offers feel gimmicky. (efficiency),negative
tweet_000001,c_01136,username_1136,2026-02-21T04:58:18Z,I like the direction — keep iterating. ✅,positive
tweet_000001,c_01137,username_1137,2026-02-21T12:32:31Z,So many delays… what's different now? (delivery) 🤦,negative
tweet_000001,c_01138,username_1138,2026-02-21T18:04:40Z,Interesting update. Any details on range and pricing? (build quality),neutral
tweet_000001,c_01139,username_1139,2026-02-21T12:55:32Z,Will there be different trims later? 🧐,neutral
tweet_000001,c_01140,username_1140,2026-02-21T03:07:40Z,Is the limited-time offer available everywhere? (build quality) 🤔,neutral
tweet_000001,c_01141,username_1141,2026-02-21T22:49:07Z,Specs keep changing — hard to plan.,negative
tweet_000001,c_01142,username_1142,2026-02-20T03:23:44Z,I like the direction — keep iterating. ✅,positive
tweet_000001,c_01143,username_1143,2026-02-21T05:51:22Z,I’ll believe it when I see consistent deliveries. (software updates),negative
tweet_000001,c_01144,username_1144,2026-02-21T21:50:49Z,Do we have confirmed specs yet? (serviceability) 🧐,neutral
tweet_000001,c_01145,username_1145,2026-02-21T21:19:53Z,Looks like Tesla is pushing boundaries again. (delivery) 🔥,positive
tweet_000001,c_01146,username_1146,2026-02-21T19:33:33Z,Not convinced this is practical day-to-day. 🙄,negative
tweet_000001,c_01147,username_1147,2026-02-20T23:45:02Z,Not convinced this is practical day-to-day.,negative
tweet_000001,c_01148,username_1148,2026-02-20T11:49:10Z,So many delays… what's different now? 😒,negative
tweet_000001,c_01149,username_1149,2026-02-21T16:03:32Z,Limited-time offers feel gimmicky. (delivery),negative
tweet_000001,c_01150,username_1150,2026-02-21T00:27:22Z,Concerned about safety and repairs. ⚠️,negative
tweet_000001,c_01151,username_1151,2026-02-20T12:18:54Z,Design is… not for me. (delivery) 😒,negative
tweet_000001,c_01152,username_1152,2026-02-21T22:10:28Z,Specs keep changing — hard to plan.,negative
tweet_000001,c_01153,username_1153,2026-02-21T20:40:32Z,Design is… not for me. (range),negative
tweet_000001,c_01154,username_1154,2026-02-21T11:57:18Z,I’ll believe it when I see consistent deliveries. (serviceability),negative
tweet_000001,c_01155,username_1155,2026-02-22T00:33:00Z,Waiting for real-world reviews. (software updates),neutral
tweet_000001,c_01156,username_1156,2026-02-20T11:15:48Z,I’ll believe it when I see consistent deliveries. (range),negative
tweet_000001,c_01157,username_1157,2026-02-20T02:20:35Z,AWD option is a big win. 🔥 ⚡,positive
tweet_000001,c_01158,username_1158,2026-02-20T16:01:11Z,Design is… not for me. (charging),negative
tweet_000001,c_01159,username_1159,2026-02-21T12:55:35Z,This rollout has been messy.,negative
tweet_000001,c_01160,username_1160,2026-02-21T08:23:01Z,Take my money. (kidding… mostly) 😄,positive
tweet_000001,c_01161,username_1161,2026-02-21T04:56:52Z,This rollout has been messy. (suspension),negative
tweet_000001,c_01162,username_1162,2026-02-21T16:17:30Z,I like the direction — keep iterating.,positive
tweet_000001,c_01163,username_1163,2026-02-20T04:03:15Z,I like the direction — keep iterating. (charging),positive
tweet_000001,c_01164,username_1164,2026-02-20T04:20:19Z,Design is… not for me. (software updates),negative
tweet_000001,c_01165,username_1165,2026-02-20T04:06:29Z,I like the direction — keep iterating. (features),positive
tweet_000001,c_01166,username_1166,2026-02-20T04:50:22Z,Design is… not for me. (software updates),negative
tweet_000001,c_01167,username_1167,2026-02-20T22:04:10Z,Feels like hype more than substance. (towing),negative
tweet_000001,c_01168,username_1168,2026-02-20T05:13:19Z,What’s the estimated lead time?,neutral
tweet_000001,c_01169,username_1169,2026-02-22T00:17:51Z,This could be great for work sites and towing. (build quality) 🙌,positive
tweet_000001,c_01170,username_1170,2026-02-21T17:02:17Z,Finally! Can't wait to see these on the road. (stainless steel),positive
tweet_000001,c_01171,username_1171,2026-02-20T14:16:31Z,How does this compare to the earlier announced configuration? (suspension),neutral
tweet_000001,c_01172,username_1172,2026-02-21T10:21:32Z,Limited-time offers feel gimmicky. (suspension),negative
tweet_000001,c_01173,username_1173,2026-02-20T13:11:30Z,When will deliveries start in more regions? (suspension),neutral
tweet_000001,c_01174,username_1174,2026-02-21T03:40:43Z,"Love the utilitarian focus. If specs hold, I'm in. (software updates)",positive
tweet_000001,c_01175,username_1175,2026-02-21T14:30:30Z,Hope the build quality is solid.,neutral
tweet_000001,c_01176,username_1176,2026-02-21T04:57:53Z,Interesting update. Any details on range and pricing?,neutral
tweet_000001,c_01177,username_1177,2026-02-21T18:25:40Z,I’ll believe it when I see consistent deliveries. (delivery) 😕,negative
tweet_000001,c_01178,username_1178,2026-02-21T07:48:10Z,AWD option is a big win. 🔥 (features),positive
tweet_000001,c_01179,username_1179,2026-02-20T22:16:42Z,I’ll believe it when I see consistent deliveries. (delivery),negative
tweet_000001,c_01180,username_1180,2026-02-20T01:30:26Z,Hope the build quality is solid. 📅,neutral
tweet_000001,c_01181,username_1181,2026-02-21T13:33:36Z,Not convinced this is practical day-to-day.,negative
tweet_000001,c_01182,username_1182,2026-02-21T13:10:59Z,The engineering is wild. Congrats to the team! (efficiency),positive
tweet_000001,c_01183,username_1183,2026-02-21T07:06:58Z,How does this compare to the earlier announced configuration? (serviceability) 🧐,neutral
tweet_000001,c_01184,username_1184,2026-02-21T22:22:47Z,Not convinced this is practical day-to-day. 🙄,negative
tweet_000001,c_01185,username_1185,2026-02-20T12:02:44Z,This is awesome — Cybertruck looks like the future! 🚀 🚀,positive
tweet_000001,c_01186,username_1186,2026-02-21T19:20:43Z,So many delays… what's different now? (price) 🤦,negative
tweet_000001,c_01187,username_1187,2026-02-20T14:13:46Z,I’ll believe it when I see consistent deliveries.,negative
tweet_000001,c_01188,username_1188,2026-02-21T20:34:27Z,Design grows on you. The utility matters most. 😄,positive
tweet_000001,c_01189,username_1189,2026-02-21T19:24:32Z,Looks like Tesla is pushing boundaries again. ✅,positive
tweet_000001,c_01190,username_1190,2026-02-21T00:45:25Z,This rollout has been messy.,negative
tweet_000001,c_01191,username_1191,2026-02-21T08:22:00Z,I like the direction — keep iterating. (charging) ⚡,positive
tweet_000001,c_01192,username_1192,2026-02-20T21:13:57Z,Waiting for real-world reviews. (build quality) ℹ️,neutral
tweet_000001,c_01193,username_1193,2026-02-21T21:49:06Z,This is awesome — Cybertruck looks like the future! 🚀 (suspension),positive
tweet_000001,c_01194,username_1194,2026-02-21T15:46:00Z,When will deliveries start in more regions? (suspension),neutral
tweet_000001,c_01195,username_1195,2026-02-20T22:09:44Z,Take my money. (kidding… mostly) 😄 🙌,positive
tweet_000001,c_01196,username_1196,2026-02-21T19:07:50Z,So many delays… what's different now? (delivery),negative
tweet_000001,c_01197,username_1197,2026-02-21T13:23:47Z,Not convinced this is practical day-to-day.,negative
tweet_000001,c_01198,username_1198,2026-02-20T14:21:01Z,So many delays… what's different now? (towing),negative
tweet_000001,c_01199,username_1199,2026-02-20T01:21:54Z,Limited-time offers feel gimmicky. (efficiency),negative
tweet_000001,c_01200,username_1200,2026-02-20T16:20:50Z,Design grows on you. The utility matters most.,positive
tweet_000001,c_01201,username_1201,2026-02-21T01:33:21Z,This rollout has been messy. (efficiency) 🙄,negative
tweet_000001,c_01202,username_1202,2026-02-20T21:45:26Z,AWD option is a big win. 🔥 🙌,positive
tweet_000001,c_01203,username_1203,2026-02-21T17:17:57Z,Looks like Tesla is pushing boundaries again. ✅,positive
tweet_000001,c_01204,username_1204,2026-02-21T02:06:25Z,Take my money. (kidding… mostly) 😄,positive
tweet_000001,c_01205,username_1205,2026-02-20T03:22:12Z,Curious about charging speed on 800V. (stainless steel),neutral
tweet_000001,c_01206,username_1206,2026-02-21T12:08:15Z,Feels like hype more than substance.,negative
tweet_000001,c_01207,username_1207,2026-02-21T12:18:41Z,I’ll believe it when I see consistent deliveries.,negative
tweet_000001,c_01208,username_1208,2026-02-21T16:21:02Z,Looks like Tesla is pushing boundaries again. (software updates),positive
tweet_000001,c_01209,username_1209,2026-02-20T05:19:45Z,I like the direction — keep iterating. (suspension),positive
tweet_000001,c_01210,username_1210,2026-02-21T17:40:36Z,Not convinced this is practical day-to-day. (serviceability),negative
tweet_000001,c_01211,username_1211,2026-02-21T02:59:52Z,"Love the utilitarian focus. If specs hold, I'm in. 🚀",positive
tweet_000001,c_01212,username_1212,2026-02-21T01:56:46Z,Will there be different trims later?,neutral
tweet_000001,c_01213,username_1213,2026-02-21T18:49:39Z,Design grows on you. The utility matters most. (serviceability) ✅,positive
tweet_000001,c_01214,username_1214,2026-02-21T00:09:04Z,Still too expensive for what it is. (price),negative
tweet_000001,c_01215,username_1215,2026-02-20T18:33:16Z,This rollout has been messy. (towing) ⚠️,negative
tweet_000001,c_01216,username_1216,2026-02-20T13:59:38Z,"Love the utilitarian focus. If specs hold, I'm in. (range)",positive
tweet_000001,c_01217,username_1217,2026-02-20T07:59:35Z,This could be great for work sites and towing. (features),positive
tweet_000001,c_01218,username_1218,2026-02-21T13:39:46Z,I’ll believe it when I see consistent deliveries. (charging),negative
tweet_000001,c_01219,username_1219,2026-02-21T15:22:45Z,Specs keep changing — hard to plan. 😕,negative
tweet_000001,c_01220,username_1220,2026-02-21T14:50:04Z,Finally! Can't wait to see these on the road. (range),positive
tweet_000001,c_01221,username_1221,2026-02-21T15:17:09Z,Limited-time offers feel gimmicky. (range),negative
tweet_000001,c_01222,username_1222,2026-02-21T20:31:28Z,"Love the utilitarian focus. If specs hold, I'm in. (range) ⚡",positive
tweet_000001,c_01223,username_1223,2026-02-21T00:00:14Z,This is awesome — Cybertruck looks like the future! 🚀 (towing),positive
tweet_000001,c_01224,username_1224,2026-02-20T16:31:49Z,This rollout has been messy. (towing) ⚠️,negative
tweet_000001,c_01225,username_1225,2026-02-21T09:22:15Z,"Love the utilitarian focus. If specs hold, I'm in. (delivery) 🚀",positive
tweet_000001,c_01226,username_1226,2026-02-21T22:36:41Z,What’s the estimated lead time? (AWD),neutral
tweet_000001,c_01227,username_1227,2026-02-21T17:15:12Z,Looks like Tesla is pushing boundaries again. (suspension),positive
tweet_000001,c_01228,username_1228,2026-02-21T19:03:12Z,The engineering is wild. Congrats to the team! (towing),positive
tweet_000001,c_01229,username_1229,2026-02-21T01:54:58Z,Not convinced this is practical day-to-day. (delivery) 😕,negative
tweet_000001,c_01230,username_1230,2026-02-20T08:57:48Z,Take my money. (kidding… mostly) 😄 (software updates) ⚡,positive
tweet_000001,c_01231,username_1231,2026-02-21T20:39:29Z,So many delays… what's different now?,negative
tweet_000001,c_01232,username_1232,2026-02-21T09:42:53Z,Design grows on you. The utility matters most. (stainless steel),positive
tweet_000001,c_01233,username_1233,2026-02-21T16:05:49Z,"Love the utilitarian focus. If specs hold, I'm in.",positive
tweet_000001,c_01234,username_1234,2026-02-21T11:09:39Z,Design grows on you. The utility matters most. (features),positive
tweet_000001,c_01235,username_1235,2026-02-21T11:20:55Z,Limited-time offers feel gimmicky. (efficiency),negative
tweet_000001,c_01236,username_1236,2026-02-21T11:08:20Z,This could be great for work sites and towing. (AWD) 🙌,positive
tweet_000001,c_01237,username_1237,2026-02-20T20:02:26Z,This rollout has been messy. (suspension),negative
tweet_000001,c_01238,username_1238,2026-02-21T01:18:13Z,Waiting for real-world reviews. (range) 🤔,neutral
tweet_000001,c_01239,username_1239,2026-02-21T02:50:28Z,Feels like hype more than substance. (delivery) ⚠️,negative
tweet_000001,c_01240,username_1240,2026-02-21T21:15:50Z,Design grows on you. The utility matters most. (price),positive
tweet_000001,c_01241,username_1241,2026-02-20T09:02:24Z,This rollout has been messy. (price),negative
tweet_000001,c_01242,username_1242,2026-02-21T16:02:36Z,Feels like hype more than substance. (software updates) 🙄,negative
tweet_000001,c_01243,username_1243,2026-02-21T17:09:01Z,I’ll believe it when I see consistent deliveries.,negative
tweet_000001,c_01244,username_1244,2026-02-21T02:03:36Z,Design is… not for me.,negative
tweet_000001,c_01245,username_1245,2026-02-21T08:57:05Z,So many delays… what's different now?,negative
tweet_000001,c_01246,username_1246,2026-02-20T18:26:46Z,Curious about charging speed on 800V. 📅,neutral
tweet_000001,c_01247,username_1247,2026-02-20T09:34:29Z,Design grows on you. The utility matters most. (stainless steel),positive
tweet_000001,c_01248,username_1248,2026-02-21T09:40:10Z,Finally! Can't wait to see these on the road. (software updates) 🚀,positive
tweet_000001,c_01249,username_1249,2026-02-21T20:40:44Z,Concerned about safety and repairs. (efficiency),negative
tweet_000001,c_01250,username_1250,2026-02-20T07:50:32Z,Do we have confirmed specs yet?,neutral
tweet_000001,c_01251,username_1251,2026-02-21T23:34:18Z,Still too expensive for what it is.,negative
tweet_000001,c_01252,username_1252,2026-02-21T10:14:04Z,What’s the estimated lead time? (serviceability),neutral
tweet_000001,c_01253,username_1253,2026-02-20T15:29:52Z,The engineering is wild. Congrats to the team! 🙌,positive
tweet_000001,c_01254,username_1254,2026-02-20T23:25:35Z,Take my money. (kidding… mostly) 😄,positive
tweet_000001,c_01255,username_1255,2026-02-20T07:45:06Z,So many delays… what's different now? (build quality),negative
tweet_000001,c_01256,username_1256,2026-02-20T10:32:17Z,AWD option is a big win. 🔥 (build quality),positive
tweet_000001,c_01257,username_1257,2026-02-20T01:18:41Z,I like the direction — keep iterating. ✅,positive
tweet_000001,c_01258,username_1258,2026-02-20T03:31:14Z,Do we have confirmed specs yet? (serviceability),neutral
tweet_000001,c_01259,username_1259,2026-02-21T00:24:55Z,Take my money. (kidding… mostly) 😄 (software updates),positive
tweet_000001,c_01260,username_1260,2026-02-20T13:52:38Z,How does this compare to the earlier announced configuration? (build quality),neutral
tweet_000001,c_01261,username_1261,2026-02-21T03:29:07Z,Take my money. (kidding… mostly) 😄 (efficiency) 🚀,positive
tweet_000001,c_01262,username_1262,2026-02-20T06:28:27Z,Still too expensive for what it is. (charging),negative
tweet_000001,c_01263,username_1263,2026-02-20T11:08:12Z,"Love the utilitarian focus. If specs hold, I'm in. (features)",positive
tweet_000001,c_01264,username_1264,2026-02-21T10:27:25Z,Hope the build quality is solid.,neutral
tweet_000001,c_01265,username_1265,2026-02-21T10:20:16Z,I like the direction — keep iterating. (charging) 🔥,positive
tweet_000001,c_01266,username_1266,2026-02-20T14:46:44Z,Take my money. (kidding… mostly) 😄,positive
tweet_000001,c_01267,username_1267,2026-02-20T18:29:22Z,I like the direction — keep iterating. (build quality),positive
tweet_000001,c_01268,username_1268,2026-02-20T03:41:11Z,Interesting update. Any details on range and pricing? (suspension),neutral
tweet_000001,c_01269,username_1269,2026-02-21T19:30:13Z,How does this compare to the earlier announced configuration? 🧐,neutral
tweet_000001,c_01270,username_1270,2026-02-21T11:06:20Z,I like the direction — keep iterating. (serviceability) 😄,positive
tweet_000001,c_01271,username_1271,2026-02-21T23:10:24Z,Limited-time offers feel gimmicky.,negative
tweet_000001,c_01272,username_1272,2026-02-21T19:27:26Z,Specs keep changing — hard to plan.,negative
tweet_000001,c_01273,username_1273,2026-02-21T16:12:35Z,Still too expensive for what it is. (build quality),negative
tweet_000001,c_01274,username_1274,2026-02-21T19:02:41Z,Looks like Tesla is pushing boundaries again. (features) 🔥,positive
tweet_000001,c_01275,username_1275,2026-02-20T03:49:20Z,Hope the build quality is solid.,neutral
tweet_000001,c_01276,username_1276,2026-02-21T18:17:52Z,AWD option is a big win. 🔥 (charging),positive
tweet_000001,c_01277,username_1277,2026-02-21T18:57:51Z,This is awesome — Cybertruck looks like the future! 🚀 ⚡,positive
tweet_000001,c_01278,username_1278,2026-02-21T22:42:40Z,Still too expensive for what it is. (price) 😕,negative
tweet_000001,c_01279,username_1279,2026-02-20T21:28:56Z,AWD option is a big win. 🔥 (towing) ✅,positive
tweet_000001,c_01280,username_1280,2026-02-20T02:17:03Z,When will deliveries start in more regions?,neutral
tweet_000001,c_01281,username_1281,2026-02-20T12:15:19Z,How does this compare to the earlier announced configuration? (delivery) ℹ️,neutral
tweet_000001,c_01282,username_1282,2026-02-21T12:33:38Z,I’ll believe it when I see consistent deliveries.,negative
tweet_000001,c_01283,username_1283,2026-02-21T02:12:55Z,When will deliveries start in more regions?,neutral
tweet_000001,c_01284,username_1284,2026-02-20T12:28:29Z,This could be great for work sites and towing.,positive
tweet_000001,c_01285,username_1285,2026-02-21T05:09:04Z,The engineering is wild. Congrats to the team!,positive
tweet_000001,c_01286,username_1286,2026-02-20T13:25:52Z,Do we have confirmed specs yet? (stainless steel) 🧐,neutral
tweet_000001,c_01287,username_1287,2026-02-20T09:41:47Z,This is awesome — Cybertruck looks like the future! 🚀 (software updates),positive
tweet_000001,c_01288,username_1288,2026-02-21T11:55:50Z,I like the direction — keep iterating. (efficiency),positive
tweet_000001,c_01289,username_1289,2026-02-21T11:48:30Z,AWD option is a big win. 🔥 (software updates) 😄,positive
tweet_000001,c_01290,username_1290,2026-02-21T05:04:00Z,Looks like Tesla is pushing boundaries again.,positive
tweet_000001,c_01291,username_1291,2026-02-20T04:14:12Z,"Love the utilitarian focus. If specs hold, I'm in.",positive
tweet_000001,c_01292,username_1292,2026-02-21T08:41:30Z,Design grows on you. The utility matters most.,positive
tweet_000001,c_01293,username_1293,2026-02-21T01:38:29Z,Is the limited-time offer available everywhere? (price) 📅,neutral
tweet_000001,c_01294,username_1294,2026-02-21T10:49:36Z,Design is… not for me.,negative
tweet_000001,c_01295,username_1295,2026-02-20T15:26:38Z,Not convinced this is practical day-to-day. (suspension),negative
tweet_000001,c_01296,username_1296,2026-02-21T00:03:41Z,I like the direction — keep iterating. (range),positive
tweet_000001,c_01297,username_1297,2026-02-20T02:07:15Z,Take my money. (kidding… mostly) 😄 (price),positive
tweet_000001,c_01298,username_1298,2026-02-21T02:50:47Z,The engineering is wild. Congrats to the team! 🚀,positive
tweet_000001,c_01299,username_1299,2026-02-20T02:58:32Z,Hope the build quality is solid. (serviceability),neutral
tweet_000001,c_01300,username_1300,2026-02-20T17:02:19Z,So many delays… what's different now?,negative
tweet_000001,c_01301,username_1301,2026-02-20T09:59:11Z,"Love the utilitarian focus. If specs hold, I'm in. ⚡",positive
tweet_000001,c_01302,username_1302,2026-02-22T00:25:44Z,So many delays… what's different now? 😕,negative
tweet_000001,c_01303,username_1303,2026-02-20T14:40:03Z,AWD option is a big win. 🔥 (efficiency),positive
tweet_000001,c_01304,username_1304,2026-02-21T23:45:52Z,How does this compare to the earlier announced configuration? 📅,neutral
tweet_000001,c_01305,username_1305,2026-02-21T00:47:58Z,Specs keep changing — hard to plan. (price) 😕,negative
tweet_000001,c_01306,username_1306,2026-02-21T05:07:28Z,Concerned about safety and repairs. (range) ⚠️,negative
tweet_000001,c_01307,username_1307,2026-02-20T14:12:23Z,Feels like hype more than substance. (AWD),negative
tweet_000001,c_01308,username_1308,2026-02-20T14:14:37Z,Feels like hype more than substance. (build quality),negative
tweet_000001,c_01309,username_1309,2026-02-20T17:09:08Z,Design grows on you. The utility matters most.,positive
tweet_000001,c_01310,username_1310,2026-02-20T20:06:34Z,Limited-time offers feel gimmicky. (price),negative
tweet_000001,c_01311,username_1311,2026-02-20T19:29:52Z,This could be great for work sites and towing. (charging) ⚡,positive
tweet_000001,c_01312,username_1312,2026-02-20T01:18:47Z,Still too expensive for what it is. ⚠️,negative
tweet_000001,c_01313,username_1313,2026-02-21T05:44:44Z,Hope the build quality is solid. (suspension),neutral
tweet_000001,c_01314,username_1314,2026-02-21T12:58:48Z,Feels like hype more than substance. (suspension),negative
tweet_000001,c_01315,username_1315,2026-02-20T06:21:16Z,What’s the estimated lead time? (software updates),neutral
tweet_000001,c_01316,username_1316,2026-02-21T12:21:10Z,When will deliveries start in more regions? (stainless steel),neutral
tweet_000001,c_01317,username_1317,2026-02-20T23:18:04Z,Will there be different trims later? (efficiency) 🧐,neutral
tweet_000001,c_01318,username_1318,2026-02-20T07:06:31Z,Feels like hype more than substance. 🙄,negative
tweet_000001,c_01319,username_1319,2026-02-20T14:06:39Z,I like the direction — keep iterating. (software updates),positive
tweet_000001,c_01320,username_1320,2026-02-20T23:00:47Z,Take my money. (kidding… mostly) 😄,positive
tweet_000001,c_01321,username_1321,2026-02-21T03:24:38Z,This could be great for work sites and towing. (efficiency),positive
tweet_000001,c_01322,username_1322,2026-02-20T15:02:46Z,Finally! Can't wait to see these on the road. (range),positive
tweet_000001,c_01323,username_1323,2026-02-21T20:25:37Z,Design is… not for me. (price),negative
tweet_000001,c_01324,username_1324,2026-02-22T00:06:05Z,AWD option is a big win. 🔥 (features),positive
tweet_000001,c_01325,username_1325,2026-02-20T02:26:43Z,Still too expensive for what it is. (stainless steel),negative
tweet_000001,c_01326,username_1326,2026-02-20T04:22:03Z,Take my money. (kidding… mostly) 😄 (features),positive
tweet_000001,c_01327,username_1327,2026-02-21T15:20:32Z,This could be great for work sites and towing.,positive
tweet_000001,c_01328,username_1328,2026-02-21T16:19:16Z,I’ll believe it when I see consistent deliveries. 😕,negative
tweet_000001,c_01329,username_1329,2026-02-20T03:56:07Z,I’ll believe it when I see consistent deliveries. (range),negative
tweet_000001,c_01330,username_1330,2026-02-21T22:16:42Z,Interesting update. Any details on range and pricing? (efficiency) ℹ️,neutral
tweet_000001,c_01331,username_1331,2026-02-21T23:19:08Z,Interesting update. Any details on range and pricing?,neutral
tweet_000001,c_01332,username_1332,2026-02-20T08:20:04Z,Feels like hype more than substance.,negative
tweet_000001,c_01333,username_1333,2026-02-20T05:54:26Z,"Love the utilitarian focus. If specs hold, I'm in. (serviceability)",positive
tweet_000001,c_01334,username_1334,2026-02-20T17:18:41Z,Limited-time offers feel gimmicky.,negative
tweet_000001,c_01335,username_1335,2026-02-21T06:31:24Z,This rollout has been messy. (efficiency),negative
tweet_000001,c_01336,username_1336,2026-02-20T11:15:00Z,This rollout has been messy.,negative
tweet_000001,c_01337,username_1337,2026-02-20T04:34:10Z,Design grows on you. The utility matters most. (price) 🔥,positive
tweet_000001,c_01338,username_1338,2026-02-21T07:28:50Z,I’ll believe it when I see consistent deliveries.,negative
tweet_000001,c_01339,username_1339,2026-02-21T09:11:32Z,The engineering is wild. Congrats to the team! 🚀,positive
tweet_000001,c_01340,username_1340,2026-02-21T23:17:06Z,Design grows on you. The utility matters most. (delivery) 😄,positive
tweet_000001,c_01341,username_1341,2026-02-20T07:07:40Z,This is awesome — Cybertruck looks like the future! 🚀 (price),positive
tweet_000001,c_01342,username_1342,2026-02-21T20:29:02Z,Is the limited-time offer available everywhere? (features),neutral
tweet_000001,c_01343,username_1343,2026-02-21T11:54:43Z,I’ll believe it when I see consistent deliveries. (efficiency) 🤦,negative
tweet_000001,c_01344,username_1344,2026-02-21T07:15:11Z,Design is… not for me.,negative
tweet_000001,c_01345,username_1345,2026-02-20T03:59:22Z,So many delays… what's different now? (charging),negative
tweet_000001,c_01346,username_1346,2026-02-20T07:39:34Z,AWD option is a big win. 🔥 (range),positive
tweet_000001,c_01347,username_1347,2026-02-20T15:13:26Z,"Love the utilitarian focus. If specs hold, I'm in.",positive
tweet_000001,c_01348,username_1348,2026-02-21T22:19:06Z,Looks like Tesla is pushing boundaries again.,positive
tweet_000001,c_01349,username_1349,2026-02-21T14:12:28Z,Design is… not for me. (efficiency),negative
tweet_000001,c_01350,username_1350,2026-02-20T21:22:43Z,This is awesome — Cybertruck looks like the future! 🚀 (features) 😄,positive
tweet_000001,c_01351,username_1351,2026-02-21T13:28:40Z,I’ll believe it when I see consistent deliveries. (range) ⚠️,negative
tweet_000001,c_01352,username_1352,2026-02-20T22:00:27Z,Do we have confirmed specs yet? (stainless steel),neutral
tweet_000001,c_01353,username_1353,2026-02-21T10:14:49Z,This is awesome — Cybertruck looks like the future! 🚀 (range),positive
tweet_000001,c_01354,username_1354,2026-02-20T14:03:27Z,I’ll believe it when I see consistent deliveries.,negative
tweet_000001,c_01355,username_1355,2026-02-20T09:42:05Z,When will deliveries start in more regions?,neutral
tweet_000001,c_01356,username_1356,2026-02-21T20:24:34Z,So many delays… what's different now? (AWD),negative
tweet_000001,c_01357,username_1357,2026-02-21T00:57:56Z,Design is… not for me. 😕,negative
tweet_000001,c_01358,username_1358,2026-02-20T18:30:59Z,Take my money. (kidding… mostly) 😄 🔥,positive
tweet_000001,c_01359,username_1359,2026-02-20T06:36:15Z,This could be great for work sites and towing. (range),positive
tweet_000001,c_01360,username_1360,2026-02-20T11:48:15Z,Do we have confirmed specs yet?,neutral
tweet_000001,c_01361,username_1361,2026-02-21T05:27:16Z,This rollout has been messy. (suspension) ⚠️,negative
tweet_000001,c_01362,username_1362,2026-02-20T20:53:18Z,The engineering is wild. Congrats to the team! (range),positive
tweet_000001,c_01363,username_1363,2026-02-20T05:35:37Z,Is the limited-time offer available everywhere? (charging),neutral
tweet_000001,c_01364,username_1364,2026-02-20T13:42:59Z,Waiting for real-world reviews. (towing),neutral
tweet_000001,c_01365,username_1365,2026-02-21T23:42:27Z,So many delays… what's different now?,negative
tweet_000001,c_01366,username_1366,2026-02-21T17:30:01Z,The engineering is wild. Congrats to the team! (build quality),positive
tweet_000001,c_01367,username_1367,2026-02-20T17:00:39Z,So many delays… what's different now? (charging) 🤦,negative
tweet_000001,c_01368,username_1368,2026-02-20T19:12:38Z,Design is… not for me. (serviceability) 😒,negative
tweet_000001,c_01369,username_1369,2026-02-20T12:05:51Z,Design grows on you. The utility matters most.,positive
tweet_000001,c_01370,username_1370,2026-02-20T04:28:13Z,This is awesome — Cybertruck looks like the future! 🚀,positive
tweet_000001,c_01371,username_1371,2026-02-21T13:57:57Z,Still too expensive for what it is. (software updates),negative
tweet_000001,c_01372,username_1372,2026-02-20T08:23:09Z,This could be great for work sites and towing. (price),positive
tweet_000001,c_01373,username_1373,2026-02-20T02:09:16Z,Concerned about safety and repairs. ⚠️,negative
tweet_000001,c_01374,username_1374,2026-02-20T18:39:28Z,When will deliveries start in more regions? (efficiency),neutral
tweet_000001,c_01375,username_1375,2026-02-21T10:41:38Z,Design grows on you. The utility matters most. 😄,positive
tweet_000001,c_01376,username_1376,2026-02-21T11:01:12Z,I’ll believe it when I see consistent deliveries.,negative
tweet_000001,c_01377,username_1377,2026-02-21T04:13:23Z,This could be great for work sites and towing. ⚡,positive
tweet_000001,c_01378,username_1378,2026-02-20T06:23:53Z,Will there be different trims later?,neutral
tweet_000001,c_01379,username_1379,2026-02-20T03:37:55Z,AWD option is a big win. 🔥 (towing),positive
tweet_000001,c_01380,username_1380,2026-02-21T21:51:03Z,What’s the estimated lead time? (AWD),neutral
tweet_000001,c_01381,username_1381,2026-02-20T07:08:42Z,Design grows on you. The utility matters most.,positive
tweet_000001,c_01382,username_1382,2026-02-20T05:14:28Z,I like the direction — keep iterating.,positive
tweet_000001,c_01383,username_1383,2026-02-20T05:00:16Z,Limited-time offers feel gimmicky. (charging),negative
tweet_000001,c_01384,username_1384,2026-02-21T03:52:12Z,Looks like Tesla is pushing boundaries again. (build quality),positive
tweet_000001,c_01385,username_1385,2026-02-21T18:04:59Z,Design is… not for me. (stainless steel) 😕,negative
tweet_000001,c_01386,username_1386,2026-02-22T00:30:41Z,This could be great for work sites and towing.,positive
tweet_000001,c_01387,username_1387,2026-02-20T16:31:36Z,Design is… not for me. (towing),negative
tweet_000001,c_01388,username_1388,2026-02-21T08:02:48Z,AWD option is a big win. 🔥 (stainless steel) 😄,positive
tweet_000001,c_01389,username_1389,2026-02-21T13:45:52Z,Not convinced this is practical day-to-day.,negative
tweet_000001,c_01390,username_1390,2026-02-21T15:58:55Z,What’s the estimated lead time?,neutral
tweet_000001,c_01391,username_1391,2026-02-21T04:03:27Z,"Love the utilitarian focus. If specs hold, I'm in. (charging) 😄",positive
tweet_000001,c_01392,username_1392,2026-02-20T14:16:14Z,AWD option is a big win. 🔥 🔥,positive
tweet_000001,c_01393,username_1393,2026-02-20T21:20:36Z,"Love the utilitarian focus. If specs hold, I'm in.",positive
tweet_000001,c_01394,username_1394,2026-02-20T16:07:24Z,What’s the estimated lead time? 📅,neutral
tweet_000001,c_01395,username_1395,2026-02-21T16:40:33Z,Finally! Can't wait to see these on the road. (software updates),positive
tweet_000001,c_01396,username_1396,2026-02-22T00:11:40Z,Still too expensive for what it is. (price) 🙄,negative
tweet_000001,c_01397,username_1397,2026-02-21T15:05:15Z,Looks like Tesla is pushing boundaries again. (stainless steel),positive
tweet_000001,c_01398,username_1398,2026-02-21T01:00:39Z,This could be great for work sites and towing. (suspension),positive
tweet_000001,c_01399,username_1399,2026-02-21T17:11:17Z,How does this compare to the earlier announced configuration? (serviceability) 🧐,neutral
tweet_000001,c_01400,username_1400,2026-02-20T13:45:19Z,Specs keep changing — hard to plan. (stainless steel),negative
tweet_000001,c_01401,username_1401,2026-02-20T04:41:44Z,Finally! Can't wait to see these on the road. (charging),positive
tweet_000001,c_01402,username_1402,2026-02-21T22:17:50Z,Finally! Can't wait to see these on the road. 🔥,positive
tweet_000001,c_01403,username_1403,2026-02-20T12:25:35Z,Finally! Can't wait to see these on the road. (range),positive
tweet_000001,c_01404,username_1404,2026-02-21T19:05:08Z,I’ll believe it when I see consistent deliveries. (stainless steel) 😒,negative
tweet_000001,c_01405,username_1405,2026-02-20T03:46:33Z,This rollout has been messy. 🤦,negative
tweet_000001,c_01406,username_1406,2026-02-21T16:33:42Z,Curious about charging speed on 800V. (price),neutral
tweet_000001,c_01407,username_1407,2026-02-21T06:42:33Z,Feels like hype more than substance.,negative
tweet_000001,c_01408,username_1408,2026-02-21T00:34:03Z,I’ll believe it when I see consistent deliveries. (suspension),negative
tweet_000001,c_01409,username_1409,2026-02-21T14:11:54Z,Waiting for real-world reviews. 🧐,neutral
tweet_000001,c_01410,username_1410,2026-02-21T19:01:39Z,I’ll believe it when I see consistent deliveries.,negative
tweet_000001,c_01411,username_1411,2026-02-21T09:26:35Z,Looks like Tesla is pushing boundaries again.,positive
tweet_000001,c_01412,username_1412,2026-02-20T04:10:06Z,Finally! Can't wait to see these on the road. 🚀,positive
tweet_000001,c_01413,username_1413,2026-02-21T06:29:44Z,Design grows on you. The utility matters most.,positive
tweet_000001,c_01414,username_1414,2026-02-20T07:59:03Z,Looks like Tesla is pushing boundaries again. (efficiency) 🙌,positive
tweet_000001,c_01415,username_1415,2026-02-20T17:25:33Z,Is the limited-time offer available everywhere? (price),neutral
tweet_000001,c_01416,username_1416,2026-02-21T09:41:14Z,Limited-time offers feel gimmicky.,negative
tweet_000001,c_01417,username_1417,2026-02-21T12:57:52Z,Looks like Tesla is pushing boundaries again.,positive
tweet_000001,c_01418,username_1418,2026-02-20T05:19:52Z,Looks like Tesla is pushing boundaries again. (suspension),positive
tweet_000001,c_01419,username_1419,2026-02-21T04:09:56Z,Will there be different trims later? (towing),neutral
tweet_000001,c_01420,username_1420,2026-02-20T23:41:02Z,Feels like hype more than substance. 🤦,negative
tweet_000001,c_01421,username_1421,2026-02-21T07:30:49Z,This could be great for work sites and towing. (features),positive
tweet_000001,c_01422,username_1422,2026-02-21T08:06:45Z,Will there be different trims later? (serviceability),neutral
tweet_000001,c_01423,username_1423,2026-02-20T11:42:34Z,The engineering is wild. Congrats to the team! (build quality),positive
tweet_000001,c_01424,username_1424,2026-02-20T06:03:51Z,Design grows on you. The utility matters most. 😄,positive
tweet_000001,c_01425,username_1425,2026-02-21T23:45:59Z,Specs keep changing — hard to plan. (build quality),negative
tweet_000001,c_01426,username_1426,2026-02-21T18:36:15Z,I’ll believe it when I see consistent deliveries. (software updates) 🤦,negative
tweet_000001,c_01427,username_1427,2026-02-20T04:19:31Z,AWD option is a big win. 🔥 🙌,positive
tweet_000001,c_01428,username_1428,2026-02-21T10:59:51Z,Design is… not for me. (range) ⚠️,negative
tweet_000001,c_01429,username_1429,2026-02-21T23:53:37Z,How does this compare to the earlier announced configuration? (efficiency),neutral
tweet_000001,c_01430,username_1430,2026-02-21T07:37:35Z,I’ll believe it when I see consistent deliveries. (suspension),negative
tweet_000001,c_01431,username_1431,2026-02-20T03:19:16Z,When will deliveries start in more regions?,neutral
tweet_000001,c_01432,username_1432,2026-02-20T06:06:31Z,Hope the build quality is solid.,neutral
tweet_000001,c_01433,username_1433,2026-02-21T18:26:01Z,Will there be different trims later?,neutral
tweet_000001,c_01434,username_1434,2026-02-21T11:54:51Z,Limited-time offers feel gimmicky. (suspension),negative
tweet_000001,c_01435,username_1435,2026-02-20T20:08:56Z,Finally! Can't wait to see these on the road. (delivery) ⚡,positive
tweet_000001,c_01436,username_1436,2026-02-20T11:06:59Z,Looks like Tesla is pushing boundaries again. (towing) ⚡,positive
tweet_000001,c_01437,username_1437,2026-02-21T03:10:19Z,This is awesome — Cybertruck looks like the future! 🚀 (build quality),positive
tweet_000001,c_01438,username_1438,2026-02-20T06:50:39Z,Not convinced this is practical day-to-day. (efficiency) 😕,negative
tweet_000001,c_01439,username_1439,2026-02-21T20:51:01Z,Finally! Can't wait to see these on the road. (stainless steel),positive
tweet_000001,c_01440,username_1440,2026-02-20T23:10:24Z,Specs keep changing — hard to plan.,negative
tweet_000001,c_01441,username_1441,2026-02-20T08:13:42Z,Not convinced this is practical day-to-day. (delivery) 😒,negative
tweet_000001,c_01442,username_1442,2026-02-20T21:44:31Z,Looks like Tesla is pushing boundaries again.,positive
tweet_000001,c_01443,username_1443,2026-02-20T13:07:17Z,Limited-time offers feel gimmicky. (build quality) 🙄,negative
tweet_000001,c_01444,username_1444,2026-02-21T17:55:48Z,Design grows on you. The utility matters most.,positive
tweet_000001,c_01445,username_1445,2026-02-21T15:59:45Z,Not convinced this is practical day-to-day.,negative
tweet_000001,c_01446,username_1446,2026-02-21T07:38:24Z,This could be great for work sites and towing. 🔥,positive
tweet_000001,c_01447,username_1447,2026-02-20T02:30:55Z,Feels like hype more than substance. (suspension),negative
tweet_000001,c_01448,username_1448,2026-02-21T09:25:51Z,So many delays… what's different now? (stainless steel) ⚠️,negative
tweet_000001,c_01449,username_1449,2026-02-20T03:20:39Z,Limited-time offers feel gimmicky. (suspension) 🙄,negative
tweet_000001,c_01450,username_1450,2026-02-20T23:38:10Z,I’ll believe it when I see consistent deliveries. (price),negative
tweet_000001,c_01451,username_1451,2026-02-20T09:23:07Z,When will deliveries start in more regions? (charging),neutral
tweet_000001,c_01452,username_1452,2026-02-20T04:20:45Z,Do we have confirmed specs yet? (features),neutral
tweet_000001,c_01453,username_1453,2026-02-21T20:26:37Z,Still too expensive for what it is. (towing) ⚠️,negative
tweet_000001,c_01454,username_1454,2026-02-20T01:59:52Z,When will deliveries start in more regions?,neutral
tweet_000001,c_01455,username_1455,2026-02-20T16:12:24Z,Design grows on you. The utility matters most. ✅,positive
tweet_000001,c_01456,username_1456,2026-02-20T03:22:50Z,Limited-time offers feel gimmicky. (suspension),negative
tweet_000001,c_01457,username_1457,2026-02-21T19:27:58Z,This rollout has been messy. (build quality),negative
tweet_000001,c_01458,username_1458,2026-02-21T21:53:02Z,Design is… not for me. (price) 😒,negative
tweet_000001,c_01459,username_1459,2026-02-20T02:16:05Z,I like the direction — keep iterating. (AWD),positive
tweet_000001,c_01460,username_1460,2026-02-20T13:45:29Z,Not convinced this is practical day-to-day. (suspension) 🙄,negative
tweet_000001,c_01461,username_1461,2026-02-21T13:57:51Z,This could be great for work sites and towing. (serviceability) ⚡,positive
tweet_000001,c_01462,username_1462,2026-02-20T09:03:54Z,I’ll believe it when I see consistent deliveries.,negative
tweet_000001,c_01463,username_1463,2026-02-21T08:07:53Z,The engineering is wild. Congrats to the team! (software updates) ✅,positive
tweet_000001,c_01464,username_1464,2026-02-20T10:15:05Z,Feels like hype more than substance. (delivery),negative
tweet_000001,c_01465,username_1465,2026-02-21T03:33:19Z,Specs keep changing — hard to plan. (range) 🤦,negative
tweet_000001,c_01466,username_1466,2026-02-20T09:40:35Z,Take my money. (kidding… mostly) 😄 (serviceability),positive
tweet_000001,c_01467,username_1467,2026-02-21T09:34:40Z,Design is… not for me. (towing),negative
tweet_000001,c_01468,username_1468,2026-02-21T08:24:47Z,The engineering is wild. Congrats to the team!,positive
tweet_000001,c_01469,username_1469,2026-02-21T11:53:15Z,This rollout has been messy. (efficiency),negative
tweet_000001,c_01470,username_1470,2026-02-20T08:54:30Z,Concerned about safety and repairs. (efficiency),negative
tweet_000001,c_01471,username_1471,2026-02-20T09:55:52Z,Curious about charging speed on 800V. (suspension),neutral
tweet_000001,c_01472,username_1472,2026-02-20T08:39:25Z,I’ll believe it when I see consistent deliveries. (AWD) 😒,negative
tweet_000001,c_01473,username_1473,2026-02-21T06:41:21Z,Limited-time offers feel gimmicky. (software updates),negative
tweet_000001,c_01474,username_1474,2026-02-20T21:31:51Z,Design grows on you. The utility matters most. (features),positive
tweet_000001,c_01475,username_1475,2026-02-22T00:07:56Z,Take my money. (kidding… mostly) 😄 (efficiency),positive
tweet_000001,c_01476,username_1476,2026-02-21T06:42:02Z,Feels like hype more than substance. (delivery),negative
tweet_000001,c_01477,username_1477,2026-02-20T09:07:01Z,Limited-time offers feel gimmicky. (charging) 🙄,negative
tweet_000001,c_01478,username_1478,2026-02-20T03:24:51Z,Limited-time offers feel gimmicky.,negative
tweet_000001,c_01479,username_1479,2026-02-21T13:31:23Z,Still too expensive for what it is.,negative
tweet_000001,c_01480,username_1480,2026-02-21T01:03:29Z,Finally! Can't wait to see these on the road. (serviceability) 🚀,positive
tweet_000001,c_01481,username_1481,2026-02-21T15:06:41Z,Feels like hype more than substance. 🤦,negative
tweet_000001,c_01482,username_1482,2026-02-21T12:56:56Z,I like the direction — keep iterating. (stainless steel),positive
tweet_000001,c_01483,username_1483,2026-02-21T16:36:36Z,What’s the estimated lead time? (features) 📅,neutral
tweet_000001,c_01484,username_1484,2026-02-20T09:55:30Z,Take my money. (kidding… mostly) 😄 (software updates),positive
tweet_000001,c_01485,username_1485,2026-02-20T03:52:12Z,This is awesome — Cybertruck looks like the future! 🚀 (efficiency),positive
tweet_000001,c_01486,username_1486,2026-02-20T23:19:01Z,Finally! Can't wait to see these on the road. (delivery) 😄,positive
tweet_000001,c_01487,username_1487,2026-02-21T12:44:43Z,"Love the utilitarian focus. If specs hold, I'm in. (charging)",positive
tweet_000001,c_01488,username_1488,2026-02-21T16:31:38Z,So many delays… what's different now? (build quality),negative
tweet_000001,c_01489,username_1489,2026-02-21T14:08:44Z,This is awesome — Cybertruck looks like the future! 🚀 (charging),positive
tweet_000001,c_01490,username_1490,2026-02-21T04:45:37Z,Design grows on you. The utility matters most.,positive
tweet_000001,c_01491,username_1491,2026-02-20T21:57:43Z,Looks like Tesla is pushing boundaries again. (serviceability) ✅,positive
tweet_000001,c_01492,username_1492,2026-02-21T02:39:15Z,Design grows on you. The utility matters most. (efficiency) 🚀,positive
tweet_000001,c_01493,username_1493,2026-02-21T08:25:36Z,Looks like Tesla is pushing boundaries again.,positive
tweet_000001,c_01494,username_1494,2026-02-20T05:21:37Z,The engineering is wild. Congrats to the team! (efficiency) 🚀,positive
tweet_000001,c_01495,username_1495,2026-02-20T06:01:10Z,Is the limited-time offer available everywhere? (delivery) 🧐,neutral
tweet_000001,c_01496,username_1496,2026-02-20T03:58:18Z,Feels like hype more than substance.,negative
tweet_000001,c_01497,username_1497,2026-02-21T14:44:01Z,Will there be different trims later? (suspension),neutral
tweet_000001,c_01498,username_1498,2026-02-20T02:52:09Z,Waiting for real-world reviews. (software updates),neutral
tweet_000001,c_01499,username_1499,2026-02-20T08:21:58Z,This could be great for work sites and towing. (efficiency) 😄,positive
tweet_000001,c_01500,username_1500,2026-02-21T13:51:37Z,This rollout has been messy. (towing),negative
tweet_000001,c_01501,username_1501,2026-02-21T08:59:52Z,Do we have confirmed specs yet? (features) ℹ️,neutral
tweet_000001,c_01502,username_1502,2026-02-20T22:10:28Z,Is the limited-time offer available everywhere? (serviceability),neutral
tweet_000001,c_01503,username_1503,2026-02-20T17:41:54Z,Design grows on you. The utility matters most. 🙌,positive
tweet_000001,c_01504,username_1504,2026-02-20T08:08:53Z,Design grows on you. The utility matters most. (price),positive
tweet_000001,c_01505,username_1505,2026-02-21T15:55:15Z,This could be great for work sites and towing. (stainless steel),positive
tweet_000001,c_01506,username_1506,2026-02-22T00:41:36Z,AWD option is a big win. 🔥 (towing),positive
tweet_000001,c_01507,username_1507,2026-02-21T16:34:04Z,Waiting for real-world reviews. (software updates) 📅,neutral
tweet_000001,c_01508,username_1508,2026-02-21T17:07:20Z,Curious about charging speed on 800V.,neutral
tweet_000001,c_01509,username_1509,2026-02-21T14:50:25Z,Curious about charging speed on 800V. (AWD),neutral
tweet_000001,c_01510,username_1510,2026-02-21T11:16:38Z,Specs keep changing — hard to plan.,negative
tweet_000001,c_01511,username_1511,2026-02-21T21:59:27Z,Concerned about safety and repairs.,negative
tweet_000001,c_01512,username_1512,2026-02-20T05:36:37Z,Not convinced this is practical day-to-day. (charging) 🙄,negative
tweet_000001,c_01513,username_1513,2026-02-20T23:06:55Z,Concerned about safety and repairs. (price),negative
tweet_000001,c_01514,username_1514,2026-02-21T07:16:58Z,AWD option is a big win. 🔥,positive
tweet_000001,c_01515,username_1515,2026-02-20T19:55:25Z,Design grows on you. The utility matters most. (AWD) 🔥,positive
tweet_000001,c_01516,username_1516,2026-02-20T03:16:02Z,The engineering is wild. Congrats to the team! 😄,positive
tweet_000001,c_01517,username_1517,2026-02-21T18:00:54Z,Will there be different trims later? (range) 🧐,neutral
tweet_000001,c_01518,username_1518,2026-02-20T11:11:04Z,Still too expensive for what it is. (features) 😒,negative
tweet_000001,c_01519,username_1519,2026-02-20T14:03:53Z,This is awesome — Cybertruck looks like the future! 🚀,positive
tweet_000001,c_01520,username_1520,2026-02-20T02:41:58Z,Still too expensive for what it is. 😒,negative
tweet_000001,c_01521,username_1521,2026-02-20T22:56:53Z,"Love the utilitarian focus. If specs hold, I'm in.",positive
tweet_000001,c_01522,username_1522,2026-02-21T03:42:52Z,Limited-time offers feel gimmicky. (suspension),negative
tweet_000001,c_01523,username_1523,2026-02-20T18:26:16Z,"Love the utilitarian focus. If specs hold, I'm in. (build quality)",positive
tweet_000001,c_01524,username_1524,2026-02-21T15:15:28Z,Design grows on you. The utility matters most.,positive
tweet_000001,c_01525,username_1525,2026-02-20T19:35:09Z,How does this compare to the earlier announced configuration? 🤔,neutral
tweet_000001,c_01526,username_1526,2026-02-21T00:04:18Z,Looks like Tesla is pushing boundaries again.,positive
tweet_000001,c_01527,username_1527,2026-02-20T18:25:49Z,Take my money. (kidding… mostly) 😄 (price) ✅,positive
tweet_000001,c_01528,username_1528,2026-02-21T09:15:05Z,Take my money. (kidding… mostly) 😄 (serviceability) 🙌,positive
tweet_000001,c_01529,username_1529,2026-02-21T04:32:06Z,Limited-time offers feel gimmicky. (software updates),negative
tweet_000001,c_01530,username_1530,2026-02-20T19:11:18Z,Is the limited-time offer available everywhere?,neutral
tweet_000001,c_01531,username_1531,2026-02-21T03:40:57Z,This could be great for work sites and towing.,positive
tweet_000001,c_01532,username_1532,2026-02-20T02:47:04Z,Hope the build quality is solid. (suspension),neutral
tweet_000001,c_01533,username_1533,2026-02-20T05:13:52Z,Design is… not for me. (software updates) ⚠️,negative
tweet_000001,c_01534,username_1534,2026-02-20T10:08:15Z,I like the direction — keep iterating.,positive
tweet_000001,c_01535,username_1535,2026-02-21T05:32:15Z,This is awesome — Cybertruck looks like the future! 🚀 ✅,positive
tweet_000001,c_01536,username_1536,2026-02-20T23:09:36Z,"Love the utilitarian focus. If specs hold, I'm in.",positive
tweet_000001,c_01537,username_1537,2026-02-20T22:54:27Z,The engineering is wild. Congrats to the team! 😄,positive
tweet_000001,c_01538,username_1538,2026-02-21T23:13:25Z,This rollout has been messy.,negative
tweet_000001,c_01539,username_1539,2026-02-21T06:50:06Z,This is awesome — Cybertruck looks like the future! 🚀 (price),positive
tweet_000001,c_01540,username_1540,2026-02-21T13:03:14Z,How does this compare to the earlier announced configuration?,neutral
tweet_000001,c_01541,username_1541,2026-02-21T01:28:41Z,Concerned about safety and repairs.,negative
tweet_000001,c_01542,username_1542,2026-02-20T12:55:33Z,AWD option is a big win. 🔥 (stainless steel),positive
tweet_000001,c_01543,username_1543,2026-02-21T17:08:03Z,Waiting for real-world reviews. (range),neutral
tweet_000001,c_01544,username_1544,2026-02-21T23:57:12Z,Finally! Can't wait to see these on the road.,positive
tweet_000001,c_01545,username_1545,2026-02-20T11:09:35Z,Still too expensive for what it is. (efficiency) 😒,negative
tweet_000001,c_01546,username_1546,2026-02-20T07:14:16Z,When will deliveries start in more regions? (build quality),neutral
tweet_000001,c_01547,username_1547,2026-02-22T00:31:18Z,I’ll believe it when I see consistent deliveries.,negative
tweet_000001,c_01548,username_1548,2026-02-21T00:30:28Z,How does this compare to the earlier announced configuration? (suspension) ℹ️,neutral
tweet_000001,c_01549,username_1549,2026-02-21T20:25:56Z,Looks like Tesla is pushing boundaries again. 😄,positive
tweet_000001,c_01550,username_1550,2026-02-21T04:01:04Z,Curious about charging speed on 800V. (software updates),neutral
tweet_000001,c_01551,username_1551,2026-02-21T18:47:04Z,Design is… not for me. (range),negative
tweet_000001,c_01552,username_1552,2026-02-22T00:22:15Z,Hope the build quality is solid.,neutral
tweet_000001,c_01553,username_1553,2026-02-21T10:55:21Z,Design is… not for me. (delivery) 😒,negative
tweet_000001,c_01554,username_1554,2026-02-21T08:28:54Z,So many delays… what's different now? (price),negative
tweet_000001,c_01555,username_1555,2026-02-20T13:38:16Z,Design grows on you. The utility matters most. (suspension),positive
tweet_000001,c_01556,username_1556,2026-02-21T10:17:16Z,This could be great for work sites and towing. (suspension) ✅,positive
tweet_000001,c_01557,username_1557,2026-02-20T22:13:07Z,How does this compare to the earlier announced configuration? (software updates),neutral
tweet_000001,c_01558,username_1558,2026-02-21T20:56:48Z,The engineering is wild. Congrats to the team! ⚡,positive
tweet_000001,c_01559,username_1559,2026-02-20T15:02:20Z,Concerned about safety and repairs. (features) ⚠️,negative
tweet_000001,c_01560,username_1560,2026-02-20T20:18:49Z,Design is… not for me.,negative
tweet_000001,c_01561,username_1561,2026-02-21T04:09:58Z,Design grows on you. The utility matters most.,positive
tweet_000001,c_01562,username_1562,2026-02-20T02:00:05Z,This could be great for work sites and towing. (stainless steel),positive
tweet_000001,c_01563,username_1563,2026-02-21T06:11:56Z,Design is… not for me.,negative
tweet_000001,c_01564,username_1564,2026-02-21T20:44:11Z,AWD option is a big win. 🔥 (build quality) ✅,positive
tweet_000001,c_01565,username_1565,2026-02-20T18:21:02Z,Feels like hype more than substance.,negative
tweet_000001,c_01566,username_1566,2026-02-21T20:48:42Z,This is awesome — Cybertruck looks like the future! 🚀 (build quality),positive
tweet_000001,c_01567,username_1567,2026-02-20T23:16:40Z,Concerned about safety and repairs. 😒,negative
tweet_000001,c_01568,username_1568,2026-02-20T04:14:40Z,Design grows on you. The utility matters most. (delivery),positive
tweet_000001,c_01569,username_1569,2026-02-21T01:56:53Z,How does this compare to the earlier announced configuration? (stainless steel),neutral
tweet_000001,c_01570,username_1570,2026-02-21T08:46:29Z,Curious about charging speed on 800V. (stainless steel) ℹ️,neutral
tweet_000001,c_01571,username_1571,2026-02-21T13:36:05Z,Is the limited-time offer available everywhere?,neutral
tweet_000001,c_01572,username_1572,2026-02-20T21:51:07Z,AWD option is a big win. 🔥,positive
tweet_000001,c_01573,username_1573,2026-02-20T20:27:22Z,Not convinced this is practical day-to-day. (delivery) 🤦,negative
tweet_000001,c_01574,username_1574,2026-02-20T12:15:53Z,Not convinced this is practical day-to-day.,negative
tweet_000001,c_01575,username_1575,2026-02-21T09:17:20Z,This is awesome — Cybertruck looks like the future! 🚀 (range) 🚀,positive
tweet_000001,c_01576,username_1576,2026-02-21T11:29:32Z,AWD option is a big win. 🔥 (charging),positive
tweet_000001,c_01577,username_1577,2026-02-21T13:17:17Z,This is awesome — Cybertruck looks like the future! 🚀 (suspension),positive
tweet_000001,c_01578,username_1578,2026-02-21T10:34:58Z,How does this compare to the earlier announced configuration? (suspension),neutral
tweet_000001,c_01579,username_1579,2026-02-20T10:15:15Z,Waiting for real-world reviews. (towing) ℹ️,neutral
tweet_000001,c_01580,username_1580,2026-02-21T14:17:42Z,Is the limited-time offer available everywhere? (efficiency),neutral
tweet_000001,c_01581,username_1581,2026-02-21T19:44:33Z,This is awesome — Cybertruck looks like the future! 🚀 (serviceability) 🚀,positive
tweet_000001,c_01582,username_1582,2026-02-20T19:10:28Z,This could be great for work sites and towing.,positive
tweet_000001,c_01583,username_1583,2026-02-20T03:08:25Z,Is the limited-time offer available everywhere?,neutral
tweet_000001,c_01584,username_1584,2026-02-21T05:57:09Z,Waiting for real-world reviews. (price),neutral
tweet_000001,c_01585,username_1585,2026-02-20T12:26:51Z,Still too expensive for what it is. (suspension),negative
tweet_000001,c_01586,username_1586,2026-02-21T10:18:47Z,AWD option is a big win. 🔥 (range) 🚀,positive
tweet_000001,c_01587,username_1587,2026-02-22T01:01:51Z,So many delays… what's different now? 😒,negative
tweet_000001,c_01588,username_1588,2026-02-20T10:40:00Z,The engineering is wild. Congrats to the team!,positive
tweet_000001,c_01589,username_1589,2026-02-20T21:51:14Z,Looks like Tesla is pushing boundaries again.,positive
tweet_000001,c_01590,username_1590,2026-02-21T17:05:33Z,So many delays… what's different now? (software updates) 🙄,negative
tweet_000001,c_01591,username_1591,2026-02-21T06:17:53Z,Limited-time offers feel gimmicky. (AWD) 🤦,negative
tweet_000001,c_01592,username_1592,2026-02-20T21:59:54Z,I’ll believe it when I see consistent deliveries. (charging),negative
tweet_000001,c_01593,username_1593,2026-02-20T23:49:51Z,Design grows on you. The utility matters most. (efficiency) ✅,positive
tweet_000001,c_01594,username_1594,2026-02-21T14:34:48Z,The engineering is wild. Congrats to the team! (software updates),positive
tweet_000001,c_01595,username_1595,2026-02-21T18:15:02Z,So many delays… what's different now? (features),negative
tweet_000001,c_01596,username_1596,2026-02-21T04:03:50Z,Hope the build quality is solid. (efficiency),neutral
tweet_000001,c_01597,username_1597,2026-02-20T04:11:40Z,I like the direction — keep iterating. (charging),positive
tweet_000001,c_01598,username_1598,2026-02-22T00:24:27Z,Finally! Can't wait to see these on the road.,positive
tweet_000001,c_01599,username_1599,2026-02-22T00:22:46Z,I like the direction — keep iterating. (charging),positive
tweet_000001,c_01600,username_1600,2026-02-21T12:01:42Z,Specs keep changing — hard to plan. (delivery),negative
tweet_000001,c_01601,username_1601,2026-02-20T23:07:30Z,The engineering is wild. Congrats to the team! (towing),positive
tweet_000001,c_01602,username_1602,2026-02-21T17:22:19Z,"Love the utilitarian focus. If specs hold, I'm in.",positive
tweet_000001,c_01603,username_1603,2026-02-21T14:26:04Z,Take my money. (kidding… mostly) 😄 (charging),positive
tweet_000001,c_01604,username_1604,2026-02-21T18:38:43Z,AWD option is a big win. 🔥 (serviceability) 🙌,positive
tweet_000001,c_01605,username_1605,2026-02-20T02:26:04Z,"Love the utilitarian focus. If specs hold, I'm in.",positive
tweet_000001,c_01606,username_1606,2026-02-20T14:31:04Z,Will there be different trims later? (software updates),neutral
tweet_000001,c_01607,username_1607,2026-02-20T22:55:26Z,Looks like Tesla is pushing boundaries again. (charging),positive
tweet_000001,c_01608,username_1608,2026-02-21T10:00:51Z,So many delays… what's different now? 🙄,negative
tweet_000001,c_01609,username_1609,2026-02-20T16:37:10Z,Finally! Can't wait to see these on the road. (serviceability) ⚡,positive
tweet_000001,c_01610,username_1610,2026-02-20T08:59:33Z,Will there be different trims later? (range),neutral
tweet_000001,c_01611,username_1611,2026-02-20T02:13:07Z,I’ll believe it when I see consistent deliveries.,negative
tweet_000001,c_01612,username_1612,2026-02-21T06:44:52Z,So many delays… what's different now? 😒,negative
tweet_000001,c_01613,username_1613,2026-02-21T03:31:02Z,Will there be different trims later? ℹ️,neutral
tweet_000001,c_01614,username_1614,2026-02-20T02:15:37Z,The engineering is wild. Congrats to the team! (range),positive
tweet_000001,c_01615,username_1615,2026-02-20T14:57:21Z,This is awesome — Cybertruck looks like the future! 🚀 (efficiency) 🔥,positive
tweet_000001,c_01616,username_1616,2026-02-21T08:58:59Z,Not convinced this is practical day-to-day. (towing),negative
tweet_000001,c_01617,username_1617,2026-02-20T12:02:20Z,Feels like hype more than substance. (price) 🙄,negative
tweet_000001,c_01618,username_1618,2026-02-21T09:40:23Z,Feels like hype more than substance. (charging),negative
tweet_000001,c_01619,username_1619,2026-02-20T15:54:39Z,Is the limited-time offer available everywhere? (software updates) 🤔,neutral
tweet_000001,c_01620,username_1620,2026-02-20T08:43:32Z,Concerned about safety and repairs.,negative
tweet_000001,c_01621,username_1621,2026-02-21T19:23:12Z,Hope the build quality is solid.,neutral
tweet_000001,c_01622,username_1622,2026-02-20T03:56:43Z,This could be great for work sites and towing. (build quality),positive
tweet_000001,c_01623,username_1623,2026-02-21T21:46:39Z,How does this compare to the earlier announced configuration? (range),neutral
tweet_000001,c_01624,username_1624,2026-02-21T07:58:45Z,So many delays… what's different now? (price) 🤦,negative
tweet_000001,c_01625,username_1625,2026-02-21T11:43:02Z,"Love the utilitarian focus. If specs hold, I'm in. (efficiency) ⚡",positive
tweet_000001,c_01626,username_1626,2026-02-21T09:00:55Z,Still too expensive for what it is. (suspension) ⚠️,negative
tweet_000001,c_01627,username_1627,2026-02-21T09:09:08Z,The engineering is wild. Congrats to the team! (serviceability),positive
tweet_000001,c_01628,username_1628,2026-02-21T01:56:46Z,Hope the build quality is solid.,neutral
tweet_000001,c_01629,username_1629,2026-02-21T11:21:45Z,Finally! Can't wait to see these on the road.,positive
tweet_000001,c_01630,username_1630,2026-02-21T05:40:33Z,Will there be different trims later?,neutral
tweet_000001,c_01631,username_1631,2026-02-21T03:28:58Z,Feels like hype more than substance.,negative
tweet_000001,c_01632,username_1632,2026-02-21T22:31:52Z,The engineering is wild. Congrats to the team! (suspension) 😄,positive
tweet_000001,c_01633,username_1633,2026-02-20T10:39:01Z,I’ll believe it when I see consistent deliveries. (serviceability),negative
tweet_000001,c_01634,username_1634,2026-02-21T07:32:27Z,Feels like hype more than substance. (AWD),negative
tweet_000001,c_01635,username_1635,2026-02-20T02:34:12Z,This rollout has been messy.,negative
tweet_000001,c_01636,username_1636,2026-02-20T12:47:57Z,Finally! Can't wait to see these on the road.,positive
tweet_000001,c_01637,username_1637,2026-02-20T03:34:40Z,"Love the utilitarian focus. If specs hold, I'm in. (price)",positive
tweet_000001,c_01638,username_1638,2026-02-20T10:02:17Z,I like the direction — keep iterating. (towing),positive
tweet_000001,c_01639,username_1639,2026-02-21T03:07:04Z,Still too expensive for what it is.,negative
tweet_000001,c_01640,username_1640,2026-02-20T12:15:30Z,Not convinced this is practical day-to-day. 😕,negative
tweet_000001,c_01641,username_1641,2026-02-21T09:07:53Z,How does this compare to the earlier announced configuration?,neutral
tweet_000001,c_01642,username_1642,2026-02-20T08:57:38Z,So many delays… what's different now?,negative
tweet_000001,c_01643,username_1643,2026-02-20T08:40:04Z,What’s the estimated lead time? (price) 🤔,neutral
tweet_000001,c_01644,username_1644,2026-02-20T16:12:20Z,Waiting for real-world reviews. (towing),neutral
tweet_000001,c_01645,username_1645,2026-02-21T14:05:17Z,This could be great for work sites and towing. ⚡,positive
tweet_000001,c_01646,username_1646,2026-02-21T03:44:11Z,This rollout has been messy. 🙄,negative
tweet_000001,c_01647,username_1647,2026-02-21T09:13:29Z,Take my money. (kidding… mostly) 😄 😄,positive
tweet_000001,c_01648,username_1648,2026-02-21T02:06:15Z,Specs keep changing — hard to plan. (price) 🤦,negative
tweet_000001,c_01649,username_1649,2026-02-21T03:30:40Z,Design is… not for me. (features),negative
tweet_000001,c_01650,username_1650,2026-02-20T17:51:56Z,I’ll believe it when I see consistent deliveries.,negative
tweet_000001,c_01651,username_1651,2026-02-21T07:03:17Z,This could be great for work sites and towing.,positive
tweet_000001,c_01652,username_1652,2026-02-21T03:35:36Z,This is awesome — Cybertruck looks like the future! 🚀 (features) 🙌,positive
tweet_000001,c_01653,username_1653,2026-02-20T06:19:00Z,"Love the utilitarian focus. If specs hold, I'm in. (software updates)",positive
tweet_000001,c_01654,username_1654,2026-02-20T13:12:56Z,Take my money. (kidding… mostly) 😄 (features) ⚡,positive
tweet_000001,c_01655,username_1655,2026-02-20T12:14:31Z,Design grows on you. The utility matters most. (efficiency),positive
tweet_000001,c_01656,username_1656,2026-02-21T15:05:56Z,Specs keep changing — hard to plan. (efficiency),negative
tweet_000001,c_01657,username_1657,2026-02-20T23:24:36Z,Waiting for real-world reviews. 🧐,neutral
tweet_000001,c_01658,username_1658,2026-02-21T15:40:57Z,Design grows on you. The utility matters most.,positive
tweet_000001,c_01659,username_1659,2026-02-21T09:44:25Z,The engineering is wild. Congrats to the team!,positive
tweet_000001,c_01660,username_1660,2026-02-21T22:15:54Z,This could be great for work sites and towing.,positive
tweet_000001,c_01661,username_1661,2026-02-22T00:29:27Z,Will there be different trims later?,neutral
tweet_000001,c_01662,username_1662,2026-02-20T07:23:13Z,Interesting update. Any details on range and pricing? (software updates),neutral
tweet_000001,c_01663,username_1663,2026-02-20T10:25:31Z,Not convinced this is practical day-to-day. 😕,negative
tweet_000001,c_01664,username_1664,2026-02-21T14:30:31Z,What’s the estimated lead time? (stainless steel),neutral
tweet_000001,c_01665,username_1665,2026-02-20T12:54:10Z,Still too expensive for what it is. (features),negative
tweet_000001,c_01666,username_1666,2026-02-20T20:05:14Z,Design is… not for me. 🤦,negative
tweet_000001,c_01667,username_1667,2026-02-21T14:02:34Z,"Love the utilitarian focus. If specs hold, I'm in.",positive
tweet_000001,c_01668,username_1668,2026-02-20T20:09:53Z,Not convinced this is practical day-to-day. (range),negative
tweet_000001,c_01669,username_1669,2026-02-20T10:20:02Z,This could be great for work sites and towing. (suspension) ✅,positive
tweet_000001,c_01670,username_1670,2026-02-20T18:26:31Z,So many delays… what's different now? (efficiency),negative
tweet_000001,c_01671,username_1671,2026-02-21T20:36:59Z,The engineering is wild. Congrats to the team! (towing),positive
tweet_000001,c_01672,username_1672,2026-02-21T18:57:27Z,I’ll believe it when I see consistent deliveries.,negative
tweet_000001,c_01673,username_1673,2026-02-20T19:16:55Z,Limited-time offers feel gimmicky. (serviceability) ⚠️,negative
tweet_000001,c_01674,username_1674,2026-02-21T10:19:54Z,Limited-time offers feel gimmicky. (software updates),negative
tweet_000001,c_01675,username_1675,2026-02-20T07:13:01Z,Limited-time offers feel gimmicky. (delivery),negative
tweet_000001,c_01676,username_1676,2026-02-21T09:44:19Z,"Love the utilitarian focus. If specs hold, I'm in. (build quality)",positive
tweet_000001,c_01677,username_1677,2026-02-21T17:57:10Z,I like the direction — keep iterating.,positive
tweet_000001,c_01678,username_1678,2026-02-21T19:47:51Z,This could be great for work sites and towing.,positive
tweet_000001,c_01679,username_1679,2026-02-21T12:53:50Z,Take my money. (kidding… mostly) 😄 🔥,positive
tweet_000001,c_01680,username_1680,2026-02-21T12:32:58Z,Feels like hype more than substance. (suspension),negative
tweet_000001,c_01681,username_1681,2026-02-21T15:46:51Z,"Love the utilitarian focus. If specs hold, I'm in.",positive
tweet_000001,c_01682,username_1682,2026-02-20T03:37:27Z,I’ll believe it when I see consistent deliveries.,negative
tweet_000001,c_01683,username_1683,2026-02-20T09:53:53Z,Hope the build quality is solid. 🧐,neutral
tweet_000001,c_01684,username_1684,2026-02-21T18:53:04Z,Specs keep changing — hard to plan. (delivery) ⚠️,negative
tweet_000001,c_01685,username_1685,2026-02-21T04:31:02Z,AWD option is a big win. 🔥 (range),positive
tweet_000001,c_01686,username_1686,2026-02-20T11:36:01Z,So many delays… what's different now? (towing),negative
tweet_000001,c_01687,username_1687,2026-02-20T16:56:53Z,I’ll believe it when I see consistent deliveries.,negative
tweet_000001,c_01688,username_1688,2026-02-20T10:09:27Z,What’s the estimated lead time? (range),neutral
tweet_000001,c_01689,username_1689,2026-02-21T18:58:44Z,Is the limited-time offer available everywhere? (stainless steel),neutral
tweet_000001,c_01690,username_1690,2026-02-21T11:51:18Z,So many delays… what's different now? (delivery),negative
tweet_000001,c_01691,username_1691,2026-02-21T10:48:51Z,This could be great for work sites and towing. ⚡,positive
tweet_000001,c_01692,username_1692,2026-02-21T00:55:53Z,When will deliveries start in more regions?,neutral
tweet_000001,c_01693,username_1693,2026-02-21T07:04:41Z,Take my money. (kidding… mostly) 😄 (software updates) 🚀,positive
tweet_000001,c_01694,username_1694,2026-02-21T09:30:55Z,AWD option is a big win. 🔥,positive
tweet_000001,c_01695,username_1695,2026-02-20T03:03:22Z,Design grows on you. The utility matters most.,positive
tweet_000001,c_01696,username_1696,2026-02-20T23:44:22Z,I like the direction — keep iterating.,positive
tweet_000001,c_01697,username_1697,2026-02-20T07:27:02Z,The engineering is wild. Congrats to the team!,positive
tweet_000001,c_01698,username_1698,2026-02-20T05:06:00Z,Design grows on you. The utility matters most. (features),positive
tweet_000001,c_01699,username_1699,2026-02-20T02:36:32Z,Limited-time offers feel gimmicky.,negative
tweet_000001,c_01700,username_1700,2026-02-20T02:37:53Z,Is the limited-time offer available everywhere? 📅,neutral
tweet_000001,c_01701,username_1701,2026-02-20T07:24:49Z,Not convinced this is practical day-to-day.,negative
tweet_000001,c_01702,username_1702,2026-02-20T04:31:32Z,This could be great for work sites and towing. 😄,positive
tweet_000001,c_01703,username_1703,2026-02-20T14:23:39Z,Take my money. (kidding… mostly) 😄 (build quality) ✅,positive
tweet_000001,c_01704,username_1704,2026-02-20T07:52:41Z,When will deliveries start in more regions?,neutral
tweet_000001,c_01705,username_1705,2026-02-20T22:01:43Z,Finally! Can't wait to see these on the road. (features) ✅,positive
tweet_000001,c_01706,username_1706,2026-02-21T06:54:25Z,Finally! Can't wait to see these on the road. (stainless steel) ⚡,positive
tweet_000001,c_01707,username_1707,2026-02-20T05:30:35Z,Is the limited-time offer available everywhere? (stainless steel) 🧐,neutral
tweet_000001,c_01708,username_1708,2026-02-20T20:01:55Z,Take my money. (kidding… mostly) 😄,positive
tweet_000001,c_01709,username_1709,2026-02-20T05:01:39Z,Do we have confirmed specs yet? (serviceability),neutral
tweet_000001,c_01710,username_1710,2026-02-21T13:08:51Z,Not convinced this is practical day-to-day.,negative
tweet_000001,c_01711,username_1711,2026-02-20T09:37:47Z,AWD option is a big win. 🔥 (charging),positive
tweet_000001,c_01712,username_1712,2026-02-20T06:00:59Z,This could be great for work sites and towing. (efficiency) 🚀,positive
tweet_000001,c_01713,username_1713,2026-02-20T20:50:58Z,Not convinced this is practical day-to-day.,negative
tweet_000001,c_01714,username_1714,2026-02-20T19:11:10Z,What’s the estimated lead time? 📅,neutral
tweet_000001,c_01715,username_1715,2026-02-21T09:43:31Z,"Love the utilitarian focus. If specs hold, I'm in.",positive
tweet_000001,c_01716,username_1716,2026-02-20T11:37:00Z,This rollout has been messy. (delivery),negative
tweet_000001,c_01717,username_1717,2026-02-21T16:23:31Z,Take my money. (kidding… mostly) 😄,positive
tweet_000001,c_01718,username_1718,2026-02-20T04:17:35Z,Still too expensive for what it is.,negative
tweet_000001,c_01719,username_1719,2026-02-21T22:27:00Z,Specs keep changing — hard to plan. 😕,negative
tweet_000001,c_01720,username_1720,2026-02-21T12:21:42Z,AWD option is a big win. 🔥 (efficiency) ✅,positive
tweet_000001,c_01721,username_1721,2026-02-21T23:17:09Z,The engineering is wild. Congrats to the team! (build quality) 🔥,positive
tweet_000001,c_01722,username_1722,2026-02-21T16:08:28Z,Design grows on you. The utility matters most. (price) 🚀,positive
tweet_000001,c_01723,username_1723,2026-02-20T11:25:08Z,I like the direction — keep iterating.,positive
tweet_000001,c_01724,username_1724,2026-02-20T16:36:13Z,Design grows on you. The utility matters most. (features) ⚡,positive
tweet_000001,c_01725,username_1725,2026-02-21T02:11:59Z,Specs keep changing — hard to plan.,negative
tweet_000001,c_01726,username_1726,2026-02-20T21:07:48Z,The engineering is wild. Congrats to the team! 🔥,positive
tweet_000001,c_01727,username_1727,2026-02-21T10:43:53Z,Hope the build quality is solid. (suspension) 🤔,neutral
tweet_000001,c_01728,username_1728,2026-02-21T21:34:49Z,Feels like hype more than substance. (range),negative
tweet_000001,c_01729,username_1729,2026-02-21T07:20:08Z,Not convinced this is practical day-to-day.,negative
tweet_000001,c_01730,username_1730,2026-02-21T05:51:07Z,What’s the estimated lead time? (efficiency),neutral
tweet_000001,c_01731,username_1731,2026-02-21T16:28:23Z,This is awesome — Cybertruck looks like the future! 🚀,positive
tweet_000001,c_01732,username_1732,2026-02-21T09:40:00Z,When will deliveries start in more regions? (software updates),neutral
tweet_000001,c_01733,username_1733,2026-02-21T03:18:58Z,Will there be different trims later? (features),neutral
tweet_000001,c_01734,username_1734,2026-02-20T01:51:50Z,"Love the utilitarian focus. If specs hold, I'm in. (AWD)",positive
tweet_000001,c_01735,username_1735,2026-02-20T17:22:50Z,This is awesome — Cybertruck looks like the future! 🚀,positive
tweet_000001,c_01736,username_1736,2026-02-21T03:18:20Z,Design is… not for me. (serviceability),negative
tweet_000001,c_01737,username_1737,2026-02-20T17:21:12Z,The engineering is wild. Congrats to the team!,positive
tweet_000001,c_01738,username_1738,2026-02-20T03:55:45Z,AWD option is a big win. 🔥 (suspension),positive
tweet_000001,c_01739,username_1739,2026-02-20T16:28:30Z,This is awesome — Cybertruck looks like the future! 🚀 (efficiency) ✅,positive
tweet_000001,c_01740,username_1740,2026-02-21T18:41:26Z,I like the direction — keep iterating. (build quality) ⚡,positive
tweet_000001,c_01741,username_1741,2026-02-21T18:26:36Z,So many delays… what's different now? (price),negative
tweet_000001,c_01742,username_1742,2026-02-20T05:59:12Z,I’ll believe it when I see consistent deliveries. (serviceability),negative
tweet_000001,c_01743,username_1743,2026-02-21T15:20:22Z,Specs keep changing — hard to plan. (efficiency) 😒,negative
tweet_000001,c_01744,username_1744,2026-02-21T21:59:36Z,AWD option is a big win. 🔥,positive
tweet_000001,c_01745,username_1745,2026-02-20T01:23:32Z,Take my money. (kidding… mostly) 😄,positive
tweet_000001,c_01746,username_1746,2026-02-20T05:01:35Z,Waiting for real-world reviews. (software updates) 📅,neutral
tweet_000001,c_01747,username_1747,2026-02-21T13:20:11Z,Looks like Tesla is pushing boundaries again. (range),positive
tweet_000001,c_01748,username_1748,2026-02-20T17:36:03Z,This is awesome — Cybertruck looks like the future! 🚀 (software updates),positive
tweet_000001,c_01749,username_1749,2026-02-21T00:16:40Z,Still too expensive for what it is. (stainless steel) 😒,negative
tweet_000001,c_01750,username_1750,2026-02-20T03:05:51Z,The engineering is wild. Congrats to the team!,positive
tweet_000001,c_01751,username_1751,2026-02-20T06:40:14Z,Do we have confirmed specs yet? (stainless steel),neutral
tweet_000001,c_01752,username_1752,2026-02-21T22:50:00Z,"Love the utilitarian focus. If specs hold, I'm in. (software updates)",positive
tweet_000001,c_01753,username_1753,2026-02-21T20:23:48Z,Looks like Tesla is pushing boundaries again. 😄,positive
tweet_000001,c_01754,username_1754,2026-02-20T18:36:24Z,Looks like Tesla is pushing boundaries again.,positive
tweet_000001,c_01755,username_1755,2026-02-21T15:05:29Z,Design is… not for me.,negative
tweet_000001,c_01756,username_1756,2026-02-21T22:21:55Z,Feels like hype more than substance.,negative
tweet_000001,c_01757,username_1757,2026-02-21T19:24:24Z,Limited-time offers feel gimmicky. (range),negative
tweet_000001,c_01758,username_1758,2026-02-21T04:43:51Z,Waiting for real-world reviews.,neutral
tweet_000001,c_01759,username_1759,2026-02-20T10:32:12Z,This is awesome — Cybertruck looks like the future! 🚀,positive
tweet_000001,c_01760,username_1760,2026-02-20T23:12:08Z,Hope the build quality is solid. 🤔,neutral
tweet_000001,c_01761,username_1761,2026-02-21T17:58:26Z,Interesting update. Any details on range and pricing? (software updates),neutral
tweet_000001,c_01762,username_1762,2026-02-21T22:12:02Z,Concerned about safety and repairs. (serviceability),negative
tweet_000001,c_01763,username_1763,2026-02-21T22:41:19Z,This is awesome — Cybertruck looks like the future! 🚀 (charging),positive
tweet_000001,c_01764,username_1764,2026-02-21T22:24:44Z,Hope the build quality is solid. (efficiency),neutral
tweet_000001,c_01765,username_1765,2026-02-20T03:08:28Z,This could be great for work sites and towing. (serviceability) 🚀,positive
tweet_000001,c_01766,username_1766,2026-02-20T02:08:41Z,Design grows on you. The utility matters most.,positive
tweet_000001,c_01767,username_1767,2026-02-20T15:20:54Z,So many delays… what's different now? (build quality) 🤦,negative
tweet_000001,c_01768,username_1768,2026-02-21T12:18:15Z,Hope the build quality is solid. (AWD) 🤔,neutral
tweet_000001,c_01769,username_1769,2026-02-20T05:39:17Z,Finally! Can't wait to see these on the road. (software updates),positive
tweet_000001,c_01770,username_1770,2026-02-22T00:42:20Z,Looks like Tesla is pushing boundaries again. (build quality),positive
tweet_000001,c_01771,username_1771,2026-02-20T11:59:02Z,How does this compare to the earlier announced configuration? (stainless steel) 🤔,neutral
tweet_000001,c_01772,username_1772,2026-02-21T14:56:46Z,So many delays… what's different now? 🙄,negative
tweet_000001,c_01773,username_1773,2026-02-21T14:10:35Z,Not convinced this is practical day-to-day.,negative
tweet_000001,c_01774,username_1774,2026-02-20T15:28:44Z,Design is… not for me. 😕,negative
tweet_000001,c_01775,username_1775,2026-02-21T02:07:15Z,Design is… not for me.,negative
tweet_000001,c_01776,username_1776,2026-02-21T11:17:06Z,Design grows on you. The utility matters most.,positive
tweet_000001,c_01777,username_1777,2026-02-21T18:28:18Z,This rollout has been messy.,negative
tweet_000001,c_01778,username_1778,2026-02-20T13:04:00Z,"Love the utilitarian focus. If specs hold, I'm in. (features)",positive
tweet_000001,c_01779,username_1779,2026-02-21T13:21:45Z,The engineering is wild. Congrats to the team!,positive
tweet_000001,c_01780,username_1780,2026-02-20T18:01:04Z,Feels like hype more than substance. ⚠️,negative
tweet_000001,c_01781,username_1781,2026-02-21T04:37:23Z,The engineering is wild. Congrats to the team! (range) 🚀,positive
tweet_000001,c_01782,username_1782,2026-02-21T03:18:37Z,Still too expensive for what it is. (delivery) 🙄,negative
tweet_000001,c_01783,username_1783,2026-02-21T23:13:20Z,Hope the build quality is solid.,neutral
tweet_000001,c_01784,username_1784,2026-02-20T03:24:41Z,Do we have confirmed specs yet? (delivery) 🧐,neutral
tweet_000001,c_01785,username_1785,2026-02-20T13:56:27Z,This rollout has been messy. 🙄,negative
tweet_000001,c_01786,username_1786,2026-02-20T02:48:54Z,I’ll believe it when I see consistent deliveries.,negative
tweet_000001,c_01787,username_1787,2026-02-20T02:46:43Z,Curious about charging speed on 800V. (features),neutral
tweet_000001,c_01788,username_1788,2026-02-21T01:53:25Z,Do we have confirmed specs yet? (AWD),neutral
tweet_000001,c_01789,username_1789,2026-02-21T04:21:49Z,Finally! Can't wait to see these on the road.,positive
tweet_000001,c_01790,username_1790,2026-02-21T22:37:49Z,Will there be different trims later? ℹ️,neutral
tweet_000001,c_01791,username_1791,2026-02-20T10:46:27Z,The engineering is wild. Congrats to the team! (software updates),positive
tweet_000001,c_01792,username_1792,2026-02-21T00:24:09Z,So many delays… what's different now? (efficiency) 😕,negative
tweet_000001,c_01793,username_1793,2026-02-21T22:06:28Z,Hope the build quality is solid. (build quality) ℹ️,neutral
tweet_000001,c_01794,username_1794,2026-02-21T01:06:39Z,Design is… not for me. (features) 🙄,negative
tweet_000001,c_01795,username_1795,2026-02-21T14:15:39Z,Design grows on you. The utility matters most. 🚀,positive
tweet_000001,c_01796,username_1796,2026-02-21T11:31:22Z,Design grows on you. The utility matters most. (build quality) ⚡,positive
tweet_000001,c_01797,username_1797,2026-02-21T14:19:32Z,This rollout has been messy. (charging) ⚠️,negative
tweet_000001,c_01798,username_1798,2026-02-21T15:30:50Z,This could be great for work sites and towing.,positive
tweet_000001,c_01799,username_1799,2026-02-20T20:47:22Z,Design grows on you. The utility matters most. (features),positive
tweet_000001,c_01800,username_1800,2026-02-20T03:54:55Z,The engineering is wild. Congrats to the team! (AWD),positive
tweet_000001,c_01801,username_1801,2026-02-20T18:19:02Z,Concerned about safety and repairs. (software updates),negative
tweet_000001,c_01802,username_1802,2026-02-21T18:51:21Z,I’ll believe it when I see consistent deliveries.,negative
tweet_000001,c_01803,username_1803,2026-02-21T17:20:23Z,"Love the utilitarian focus. If specs hold, I'm in. (price) 🙌",positive
tweet_000001,c_01804,username_1804,2026-02-21T02:51:03Z,The engineering is wild. Congrats to the team! (charging),positive
tweet_000001,c_01805,username_1805,2026-02-21T01:44:38Z,Take my money. (kidding… mostly) 😄 (software updates),positive
tweet_000001,c_01806,username_1806,2026-02-21T13:28:47Z,This rollout has been messy. (range) 🙄,negative
tweet_000001,c_01807,username_1807,2026-02-20T20:35:31Z,Limited-time offers feel gimmicky. (price) 😒,negative
tweet_000001,c_01808,username_1808,2026-02-21T14:35:25Z,I like the direction — keep iterating.,positive
tweet_000001,c_01809,username_1809,2026-02-20T17:50:01Z,"Love the utilitarian focus. If specs hold, I'm in. (stainless steel) 🔥",positive
tweet_000001,c_01810,username_1810,2026-02-21T01:33:12Z,The engineering is wild. Congrats to the team! ⚡,positive
tweet_000001,c_01811,username_1811,2026-02-20T21:14:09Z,Design is… not for me.,negative
tweet_000001,c_01812,username_1812,2026-02-21T16:47:57Z,Specs keep changing — hard to plan. (towing) ⚠️,negative
tweet_000001,c_01813,username_1813,2026-02-21T06:39:16Z,Take my money. (kidding… mostly) 😄,positive
tweet_000001,c_01814,username_1814,2026-02-20T02:06:57Z,This could be great for work sites and towing.,positive
tweet_000001,c_01815,username_1815,2026-02-20T12:07:13Z,Take my money. (kidding… mostly) 😄 (suspension),positive
tweet_000001,c_01816,username_1816,2026-02-21T11:47:51Z,Design is… not for me. (features),negative
tweet_000001,c_01817,username_1817,2026-02-21T11:22:56Z,This could be great for work sites and towing. (price) 🔥,positive
tweet_000001,c_01818,username_1818,2026-02-21T08:28:25Z,Concerned about safety and repairs. (charging),negative
tweet_000001,c_01819,username_1819,2026-02-20T03:26:31Z,Waiting for real-world reviews. (delivery),neutral
tweet_000001,c_01820,username_1820,2026-02-20T01:57:17Z,This could be great for work sites and towing.,positive
tweet_000001,c_01821,username_1821,2026-02-21T01:59:42Z,The engineering is wild. Congrats to the team! (efficiency),positive
tweet_000001,c_01822,username_1822,2026-02-21T16:23:49Z,AWD option is a big win. 🔥 (range),positive
tweet_000001,c_01823,username_1823,2026-02-20T03:35:43Z,Curious about charging speed on 800V. (stainless steel),neutral
tweet_000001,c_01824,username_1824,2026-02-21T21:09:33Z,So many delays… what's different now? (software updates),negative
tweet_000001,c_01825,username_1825,2026-02-20T16:07:11Z,Will there be different trims later? (software updates) 🤔,neutral
tweet_000001,c_01826,username_1826,2026-02-21T01:11:43Z,Hope the build quality is solid.,neutral
tweet_000001,c_01827,username_1827,2026-02-20T23:26:00Z,"Love the utilitarian focus. If specs hold, I'm in. (efficiency)",positive
tweet_000001,c_01828,username_1828,2026-02-20T03:35:04Z,So many delays… what's different now? (delivery) 🤦,negative
tweet_000001,c_01829,username_1829,2026-02-20T21:55:01Z,Design is… not for me. (efficiency),negative
tweet_000001,c_01830,username_1830,2026-02-21T10:21:27Z,This is awesome — Cybertruck looks like the future! 🚀 (range) 😄,positive
tweet_000001,c_01831,username_1831,2026-02-21T05:43:45Z,I’ll believe it when I see consistent deliveries. 🤦,negative
tweet_000001,c_01832,username_1832,2026-02-21T12:04:30Z,When will deliveries start in more regions? (AWD) ℹ️,neutral
tweet_000001,c_01833,username_1833,2026-02-20T23:48:20Z,Will there be different trims later?,neutral
tweet_000001,c_01834,username_1834,2026-02-20T12:48:43Z,So many delays… what's different now? (towing),negative
tweet_000001,c_01835,username_1835,2026-02-21T13:50:20Z,Feels like hype more than substance. (range),negative
tweet_000001,c_01836,username_1836,2026-02-21T09:42:25Z,Limited-time offers feel gimmicky.,negative
tweet_000001,c_01837,username_1837,2026-02-20T19:13:27Z,I like the direction — keep iterating. (serviceability),positive
tweet_000001,c_01838,username_1838,2026-02-21T10:45:39Z,This could be great for work sites and towing. (suspension) ⚡,positive
tweet_000001,c_01839,username_1839,2026-02-21T10:28:38Z,This rollout has been messy.,negative
tweet_000001,c_01840,username_1840,2026-02-20T22:54:34Z,Take my money. (kidding… mostly) 😄,positive
tweet_000001,c_01841,username_1841,2026-02-20T14:00:08Z,Take my money. (kidding… mostly) 😄 (serviceability),positive
tweet_000001,c_01842,username_1842,2026-02-21T10:35:16Z,Take my money. (kidding… mostly) 😄 🙌,positive
tweet_000001,c_01843,username_1843,2026-02-20T08:12:23Z,Take my money. (kidding… mostly) 😄 🔥,positive
tweet_000001,c_01844,username_1844,2026-02-20T21:11:08Z,What’s the estimated lead time? (price),neutral
tweet_000001,c_01845,username_1845,2026-02-20T17:04:12Z,Feels like hype more than substance. (features),negative
tweet_000001,c_01846,username_1846,2026-02-21T04:06:00Z,"Love the utilitarian focus. If specs hold, I'm in.",positive
tweet_000001,c_01847,username_1847,2026-02-21T00:59:22Z,Take my money. (kidding… mostly) 😄 (towing) 🚀,positive
tweet_000001,c_01848,username_1848,2026-02-21T10:54:14Z,This is awesome — Cybertruck looks like the future! 🚀 (suspension),positive
tweet_000001,c_01849,username_1849,2026-02-21T10:53:05Z,Concerned about safety and repairs. (software updates),negative
tweet_000001,c_01850,username_1850,2026-02-21T06:08:05Z,Interesting update. Any details on range and pricing? (price),neutral
tweet_000001,c_01851,username_1851,2026-02-20T11:11:17Z,Looks like Tesla is pushing boundaries again.,positive
tweet_000001,c_01852,username_1852,2026-02-21T10:50:41Z,Limited-time offers feel gimmicky. (efficiency) 🤦,negative
tweet_000001,c_01853,username_1853,2026-02-20T11:27:47Z,Feels like hype more than substance.,negative
tweet_000001,c_01854,username_1854,2026-02-20T13:40:18Z,Still too expensive for what it is. 😕,negative
tweet_000001,c_01855,username_1855,2026-02-21T16:10:56Z,Concerned about safety and repairs. (efficiency),negative
tweet_000001,c_01856,username_1856,2026-02-20T21:08:51Z,Finally! Can't wait to see these on the road. (delivery) 🚀,positive
tweet_000001,c_01857,username_1857,2026-02-21T16:00:38Z,Design is… not for me. (range),negative
tweet_000001,c_01858,username_1858,2026-02-21T15:19:28Z,When will deliveries start in more regions? (towing),neutral
tweet_000001,c_01859,username_1859,2026-02-21T20:48:35Z,Still too expensive for what it is. (software updates),negative
tweet_000001,c_01860,username_1860,2026-02-20T19:25:57Z,This rollout has been messy. 😕,negative
tweet_000001,c_01861,username_1861,2026-02-21T07:57:21Z,Still too expensive for what it is. 🙄,negative
tweet_000001,c_01862,username_1862,2026-02-20T05:51:00Z,Design is… not for me. 🙄,negative
tweet_000001,c_01863,username_1863,2026-02-20T13:24:50Z,This is awesome — Cybertruck looks like the future! 🚀 (price),positive
tweet_000001,c_01864,username_1864,2026-02-21T00:44:48Z,What’s the estimated lead time?,neutral
tweet_000001,c_01865,username_1865,2026-02-21T16:41:44Z,Concerned about safety and repairs. 🙄,negative
tweet_000001,c_01866,username_1866,2026-02-20T08:57:37Z,This rollout has been messy. (range),negative
tweet_000001,c_01867,username_1867,2026-02-21T00:16:40Z,This is awesome — Cybertruck looks like the future! 🚀 (charging) ⚡,positive
tweet_000001,c_01868,username_1868,2026-02-20T21:31:35Z,Design grows on you. The utility matters most. (price),positive
tweet_000001,c_01869,username_1869,2026-02-21T07:11:06Z,AWD option is a big win. 🔥,positive
tweet_000001,c_01870,username_1870,2026-02-20T08:39:49Z,Not convinced this is practical day-to-day.,negative
tweet_000001,c_01871,username_1871,2026-02-21T18:41:53Z,I’ll believe it when I see consistent deliveries. (price),negative
tweet_000001,c_01872,username_1872,2026-02-21T23:11:19Z,Take my money. (kidding… mostly) 😄,positive
tweet_000001,c_01873,username_1873,2026-02-20T10:55:47Z,Waiting for real-world reviews. (features),neutral
tweet_000001,c_01874,username_1874,2026-02-21T00:24:13Z,Feels like hype more than substance. (range),negative
tweet_000001,c_01875,username_1875,2026-02-21T19:51:03Z,Feels like hype more than substance. (efficiency),negative
tweet_000001,c_01876,username_1876,2026-02-21T13:54:28Z,Hope the build quality is solid. 🤔,neutral
tweet_000001,c_01877,username_1877,2026-02-21T22:07:52Z,When will deliveries start in more regions? (suspension),neutral
tweet_000001,c_01878,username_1878,2026-02-20T18:59:04Z,Hope the build quality is solid. (delivery),neutral
tweet_000001,c_01879,username_1879,2026-02-20T22:50:55Z,The engineering is wild. Congrats to the team! (AWD),positive
tweet_000001,c_01880,username_1880,2026-02-20T18:35:07Z,Hope the build quality is solid.,neutral
tweet_000001,c_01881,username_1881,2026-02-21T01:11:04Z,I’ll believe it when I see consistent deliveries. (efficiency),negative
tweet_000001,c_01882,username_1882,2026-02-20T04:08:02Z,Not convinced this is practical day-to-day.,negative
tweet_000001,c_01883,username_1883,2026-02-20T22:15:16Z,Interesting update. Any details on range and pricing? (suspension),neutral
tweet_000001,c_01884,username_1884,2026-02-20T18:53:24Z,Design is… not for me. (efficiency),negative
tweet_000001,c_01885,username_1885,2026-02-20T17:26:52Z,Design grows on you. The utility matters most.,positive
tweet_000001,c_01886,username_1886,2026-02-20T14:36:55Z,How does this compare to the earlier announced configuration? 📅,neutral
tweet_000001,c_01887,username_1887,2026-02-20T06:20:46Z,The engineering is wild. Congrats to the team! (delivery),positive
tweet_000001,c_01888,username_1888,2026-02-20T10:23:35Z,"Love the utilitarian focus. If specs hold, I'm in. (build quality)",positive
tweet_000001,c_01889,username_1889,2026-02-20T16:07:55Z,Design is… not for me. (software updates),negative
tweet_000001,c_01890,username_1890,2026-02-20T23:55:48Z,I’ll believe it when I see consistent deliveries. 🙄,negative
tweet_000001,c_01891,username_1891,2026-02-21T21:22:00Z,The engineering is wild. Congrats to the team! (serviceability),positive
tweet_000001,c_01892,username_1892,2026-02-21T23:31:59Z,The engineering is wild. Congrats to the team! (features),positive
tweet_000001,c_01893,username_1893,2026-02-21T03:26:02Z,Concerned about safety and repairs. (charging),negative
tweet_000001,c_01894,username_1894,2026-02-21T14:02:39Z,Design grows on you. The utility matters most.,positive
tweet_000001,c_01895,username_1895,2026-02-21T12:20:53Z,Interesting update. Any details on range and pricing?,neutral
tweet_000001,c_01896,username_1896,2026-02-20T07:18:38Z,Specs keep changing — hard to plan. (delivery),negative
tweet_000001,c_01897,username_1897,2026-02-20T14:02:38Z,Is the limited-time offer available everywhere? (towing),neutral
tweet_000001,c_01898,username_1898,2026-02-21T04:34:02Z,I like the direction — keep iterating. 🔥,positive
tweet_000001,c_01899,username_1899,2026-02-21T11:25:13Z,The engineering is wild. Congrats to the team! (AWD) 🙌,positive
tweet_000001,c_01900,username_1900,2026-02-21T04:30:09Z,Feels like hype more than substance. (software updates),negative
tweet_000001,c_01901,username_1901,2026-02-21T04:25:17Z,Will there be different trims later? (efficiency),neutral
tweet_000001,c_01902,username_1902,2026-02-20T06:26:13Z,Take my money. (kidding… mostly) 😄,positive
tweet_000001,c_01903,username_1903,2026-02-20T10:18:51Z,Concerned about safety and repairs. 🤦,negative
tweet_000001,c_01904,username_1904,2026-02-20T19:50:14Z,Looks like Tesla is pushing boundaries again. (charging),positive
tweet_000001,c_01905,username_1905,2026-02-21T04:03:36Z,Still too expensive for what it is.,negative
tweet_000001,c_01906,username_1906,2026-02-20T19:13:14Z,The engineering is wild. Congrats to the team! (stainless steel),positive
tweet_000001,c_01907,username_1907,2026-02-20T03:18:27Z,I’ll believe it when I see consistent deliveries. (charging),negative
tweet_000001,c_01908,username_1908,2026-02-20T11:58:51Z,AWD option is a big win. 🔥 (serviceability),positive
tweet_000001,c_01909,username_1909,2026-02-20T13:00:17Z,This is awesome — Cybertruck looks like the future! 🚀 (price),positive
tweet_000001,c_01910,username_1910,2026-02-21T05:14:14Z,Take my money. (kidding… mostly) 😄,positive
tweet_000001,c_01911,username_1911,2026-02-20T07:06:02Z,I like the direction — keep iterating.,positive
tweet_000001,c_01912,username_1912,2026-02-20T13:19:29Z,Concerned about safety and repairs. (towing),negative
tweet_000001,c_01913,username_1913,2026-02-21T16:04:35Z,Concerned about safety and repairs. (suspension),negative
tweet_000001,c_01914,username_1914,2026-02-20T07:43:17Z,"Love the utilitarian focus. If specs hold, I'm in.",positive
tweet_000001,c_01915,username_1915,2026-02-21T02:19:40Z,Finally! Can't wait to see these on the road. (AWD),positive
tweet_000001,c_01916,username_1916,2026-02-21T06:13:45Z,Specs keep changing — hard to plan. (delivery),negative
tweet_000001,c_01917,username_1917,2026-02-20T01:21:53Z,Limited-time offers feel gimmicky. (suspension),negative
tweet_000001,c_01918,username_1918,2026-02-21T07:36:12Z,Is the limited-time offer available everywhere? 🧐,neutral
tweet_000001,c_01919,username_1919,2026-02-20T14:49:23Z,Finally! Can't wait to see these on the road. (delivery),positive
tweet_000001,c_01920,username_1920,2026-02-20T09:16:38Z,This could be great for work sites and towing. (AWD) 🚀,positive
tweet_000001,c_01921,username_1921,2026-02-20T14:33:21Z,Design is… not for me. (software updates),negative
tweet_000001,c_01922,username_1922,2026-02-21T22:43:08Z,"Love the utilitarian focus. If specs hold, I'm in. ✅",positive
tweet_000001,c_01923,username_1923,2026-02-20T07:29:27Z,Will there be different trims later? (price),neutral
tweet_000001,c_01924,username_1924,2026-02-21T19:53:43Z,The engineering is wild. Congrats to the team! (efficiency),positive
tweet_000001,c_01925,username_1925,2026-02-20T01:56:32Z,Still too expensive for what it is. (range),negative
tweet_000001,c_01926,username_1926,2026-02-20T04:17:53Z,"Love the utilitarian focus. If specs hold, I'm in. (features) 🙌",positive
tweet_000001,c_01927,username_1927,2026-02-21T15:07:14Z,Is the limited-time offer available everywhere?,neutral
tweet_000001,c_01928,username_1928,2026-02-21T01:47:30Z,Hope the build quality is solid. (stainless steel),neutral
tweet_000001,c_01929,username_1929,2026-02-21T02:13:55Z,Waiting for real-world reviews.,neutral
tweet_000001,c_01930,username_1930,2026-02-21T06:15:56Z,Take my money. (kidding… mostly) 😄,positive
tweet_000001,c_01931,username_1931,2026-02-21T01:17:54Z,When will deliveries start in more regions? (suspension),neutral
tweet_000001,c_01932,username_1932,2026-02-20T11:21:42Z,Interesting update. Any details on range and pricing?,neutral
tweet_000001,c_01933,username_1933,2026-02-20T21:36:00Z,Do we have confirmed specs yet? (serviceability),neutral
tweet_000001,c_01934,username_1934,2026-02-21T11:51:10Z,What’s the estimated lead time? (AWD) 🧐,neutral
tweet_000001,c_01935,username_1935,2026-02-20T02:27:39Z,This rollout has been messy.,negative
tweet_000001,c_01936,username_1936,2026-02-21T00:57:14Z,Feels like hype more than substance. (charging),negative
tweet_000001,c_01937,username_1937,2026-02-21T21:51:27Z,"Love the utilitarian focus. If specs hold, I'm in. (charging)",positive
tweet_000001,c_01938,username_1938,2026-02-20T08:33:53Z,Concerned about safety and repairs. (AWD),negative
tweet_000001,c_01939,username_1939,2026-02-21T15:07:09Z,Hope the build quality is solid.,neutral
tweet_000001,c_01940,username_1940,2026-02-20T03:33:41Z,Finally! Can't wait to see these on the road. (price) ⚡,positive
tweet_000001,c_01941,username_1941,2026-02-21T17:12:30Z,This could be great for work sites and towing. (charging),positive
tweet_000001,c_01942,username_1942,2026-02-21T12:21:37Z,I like the direction — keep iterating. (AWD) ⚡,positive
tweet_000001,c_01943,username_1943,2026-02-20T07:45:44Z,Limited-time offers feel gimmicky. (suspension) ⚠️,negative
tweet_000001,c_01944,username_1944,2026-02-21T05:10:29Z,Specs keep changing — hard to plan. (towing),negative
tweet_000001,c_01945,username_1945,2026-02-20T10:12:49Z,I’ll believe it when I see consistent deliveries.,negative
tweet_000001,c_01946,username_1946,2026-02-21T13:04:24Z,When will deliveries start in more regions?,neutral
tweet_000001,c_01947,username_1947,2026-02-20T17:32:49Z,Design grows on you. The utility matters most.,positive
tweet_000001,c_01948,username_1948,2026-02-22T00:08:37Z,Looks like Tesla is pushing boundaries again. (suspension),positive
tweet_000001,c_01949,username_1949,2026-02-21T05:02:27Z,I like the direction — keep iterating.,positive
tweet_000001,c_01950,username_1950,2026-02-20T18:14:35Z,The engineering is wild. Congrats to the team! (towing) 🚀,positive
tweet_000001,c_01951,username_1951,2026-02-21T02:01:31Z,Design grows on you. The utility matters most.,positive
tweet_000001,c_01952,username_1952,2026-02-20T09:42:16Z,Design grows on you. The utility matters most. (stainless steel),positive
tweet_000001,c_01953,username_1953,2026-02-21T19:15:35Z,Interesting update. Any details on range and pricing? (serviceability),neutral
tweet_000001,c_01954,username_1954,2026-02-21T05:30:50Z,Concerned about safety and repairs. (stainless steel),negative
tweet_000001,c_01955,username_1955,2026-02-20T10:26:50Z,Not convinced this is practical day-to-day.,negative
tweet_000001,c_01956,username_1956,2026-02-20T09:00:40Z,Concerned about safety and repairs. (charging) ⚠️,negative
tweet_000001,c_01957,username_1957,2026-02-20T17:11:24Z,How does this compare to the earlier announced configuration? 🧐,neutral
tweet_000001,c_01958,username_1958,2026-02-20T11:52:19Z,This is awesome — Cybertruck looks like the future! 🚀 (towing),positive
tweet_000001,c_01959,username_1959,2026-02-20T10:14:25Z,Is the limited-time offer available everywhere?,neutral
tweet_000001,c_01960,username_1960,2026-02-21T12:04:38Z,Design is… not for me. (suspension),negative
tweet_000001,c_01961,username_1961,2026-02-20T05:31:57Z,Looks like Tesla is pushing boundaries again. (suspension) ⚡,positive
tweet_000001,c_01962,username_1962,2026-02-20T17:38:21Z,This is awesome — Cybertruck looks like the future! 🚀,positive
tweet_000001,c_01963,username_1963,2026-02-21T12:44:56Z,Concerned about safety and repairs. (efficiency),negative
tweet_000001,c_01964,username_1964,2026-02-20T12:50:31Z,This is awesome — Cybertruck looks like the future! 🚀 (stainless steel),positive
tweet_000001,c_01965,username_1965,2026-02-21T11:43:24Z,Waiting for real-world reviews.,neutral
tweet_000001,c_01966,username_1966,2026-02-21T15:41:11Z,Is the limited-time offer available everywhere? (AWD),neutral
tweet_000001,c_01967,username_1967,2026-02-21T17:09:17Z,Take my money. (kidding… mostly) 😄 (stainless steel),positive
tweet_000001,c_01968,username_1968,2026-02-21T19:30:44Z,This is awesome — Cybertruck looks like the future! 🚀,positive
tweet_000001,c_01969,username_1969,2026-02-21T10:33:59Z,Finally! Can't wait to see these on the road. (charging),positive
tweet_000001,c_01970,username_1970,2026-02-20T22:26:45Z,Finally! Can't wait to see these on the road. (features),positive
tweet_000001,c_01971,username_1971,2026-02-22T00:40:18Z,This is awesome — Cybertruck looks like the future! 🚀 (serviceability) 🔥,positive
tweet_000001,c_01972,username_1972,2026-02-21T04:40:11Z,Concerned about safety and repairs. 😕,negative
tweet_000001,c_01973,username_1973,2026-02-20T08:14:38Z,Looks like Tesla is pushing boundaries again. 🚀,positive
tweet_000001,c_01974,username_1974,2026-02-20T09:47:41Z,What’s the estimated lead time?,neutral
tweet_000001,c_01975,username_1975,2026-02-20T12:04:06Z,Take my money. (kidding… mostly) 😄 (price) 😄,positive
tweet_000001,c_01976,username_1976,2026-02-20T23:17:28Z,So many delays… what's different now?,negative
tweet_000001,c_01977,username_1977,2026-02-21T04:35:01Z,"Love the utilitarian focus. If specs hold, I'm in.",positive
tweet_000001,c_01978,username_1978,2026-02-22T00:36:15Z,Take my money. (kidding… mostly) 😄 (efficiency),positive
tweet_000001,c_01979,username_1979,2026-02-20T02:05:41Z,Limited-time offers feel gimmicky. (price),negative
tweet_000001,c_01980,username_1980,2026-02-21T14:22:07Z,Design is… not for me. (serviceability),negative
tweet_000001,c_01981,username_1981,2026-02-21T12:09:57Z,AWD option is a big win. 🔥 🙌,positive
tweet_000001,c_01982,username_1982,2026-02-20T14:26:13Z,Concerned about safety and repairs. (efficiency),negative
tweet_000001,c_01983,username_1983,2026-02-20T22:58:34Z,Hope the build quality is solid. (stainless steel) ℹ️,neutral
tweet_000001,c_01984,username_1984,2026-02-21T06:45:54Z,Interesting update. Any details on range and pricing? (build quality),neutral
tweet_000001,c_01985,username_1985,2026-02-21T15:50:59Z,This could be great for work sites and towing. (serviceability),positive
tweet_000001,c_01986,username_1986,2026-02-22T00:42:19Z,"Love the utilitarian focus. If specs hold, I'm in. ⚡",positive
tweet_000001,c_01987,username_1987,2026-02-20T09:47:36Z,I’ll believe it when I see consistent deliveries.,negative
tweet_000001,c_01988,username_1988,2026-02-20T01:38:15Z,What’s the estimated lead time? (stainless steel) ℹ️,neutral
tweet_000001,c_01989,username_1989,2026-02-21T19:07:34Z,The engineering is wild. Congrats to the team! ✅,positive
tweet_000001,c_01990,username_1990,2026-02-20T03:47:56Z,Limited-time offers feel gimmicky.,negative
tweet_000001,c_01991,username_1991,2026-02-21T03:43:24Z,Not convinced this is practical day-to-day. (efficiency) ⚠️,negative
tweet_000001,c_01992,username_1992,2026-02-20T04:36:42Z,I like the direction — keep iterating. 🙌,positive
tweet_000001,c_01993,username_1993,2026-02-21T09:38:53Z,Curious about charging speed on 800V. (suspension),neutral
tweet_000001,c_01994,username_1994,2026-02-21T02:53:25Z,Design grows on you. The utility matters most. (AWD),positive
tweet_000001,c_01995,username_1995,2026-02-20T04:30:27Z,Design is… not for me. (delivery) 🙄,negative
tweet_000001,c_01996,username_1996,2026-02-20T11:01:21Z,So many delays… what's different now? (serviceability),negative
tweet_000001,c_01997,username_1997,2026-02-20T10:36:23Z,So many delays… what's different now? (build quality) 🤦,negative
tweet_000001,c_01998,username_1998,2026-02-22T00:33:53Z,Finally! Can't wait to see these on the road. (price),positive
tweet_000001,c_01999,username_1999,2026-02-21T08:13:21Z,Finally! Can't wait to see these on the road. (price),positive
tweet_000001,c_02000,username_2000,2026-02-20T20:52:01Z,The engineering is wild. Congrats to the team!,positive
tweet_000001,c_02001,username_2001,2026-02-22T00:25:09Z,I like the direction — keep iterating.,positive
tweet_000001,c_02002,username_2002,2026-02-20T12:25:36Z,Looks like Tesla is pushing boundaries again.,positive
tweet_000001,c_02003,username_2003,2026-02-20T03:08:12Z,So many delays… what's different now? (towing) 😕,negative
tweet_000001,c_02004,username_2004,2026-02-21T17:10:51Z,Take my money. (kidding… mostly) 😄 (efficiency) ✅,positive
tweet_000001,c_02005,username_2005,2026-02-20T21:08:51Z,Finally! Can't wait to see these on the road. 🚀,positive
tweet_000001,c_02006,username_2006,2026-02-20T08:22:56Z,Concerned about safety and repairs. 😕,negative
tweet_000001,c_02007,username_2007,2026-02-20T10:14:35Z,Finally! Can't wait to see these on the road. (towing),positive
tweet_000001,c_02008,username_2008,2026-02-21T12:54:10Z,Limited-time offers feel gimmicky. (suspension),negative
tweet_000001,c_02009,username_2009,2026-02-20T21:47:03Z,I like the direction — keep iterating. (price),positive
tweet_000001,c_02010,username_2010,2026-02-20T13:41:00Z,Waiting for real-world reviews.,neutral
tweet_000001,c_02011,username_2011,2026-02-21T02:23:05Z,I like the direction — keep iterating. (software updates),positive
tweet_000001,c_02012,username_2012,2026-02-20T10:32:22Z,AWD option is a big win. 🔥 (build quality),positive
tweet_000001,c_02013,username_2013,2026-02-22T01:07:56Z,I’ll believe it when I see consistent deliveries. (serviceability),negative
tweet_000001,c_02014,username_2014,2026-02-20T05:05:58Z,Looks like Tesla is pushing boundaries again. 🙌,positive
tweet_000001,c_02015,username_2015,2026-02-21T07:42:20Z,How does this compare to the earlier announced configuration? (stainless steel),neutral
tweet_000001,c_02016,username_2016,2026-02-21T13:49:16Z,AWD option is a big win. 🔥 (software updates),positive
tweet_000001,c_02017,username_2017,2026-02-20T17:54:29Z,AWD option is a big win. 🔥 ✅,positive
tweet_000001,c_02018,username_2018,2026-02-21T06:51:05Z,This rollout has been messy.,negative
tweet_000001,c_02019,username_2019,2026-02-20T06:50:04Z,The engineering is wild. Congrats to the team! 🚀,positive
tweet_000001,c_02020,username_2020,2026-02-20T07:24:33Z,Specs keep changing — hard to plan. (charging),negative
tweet_000001,c_02021,username_2021,2026-02-20T02:01:43Z,Concerned about safety and repairs.,negative
tweet_000001,c_02022,username_2022,2026-02-20T11:11:03Z,How does this compare to the earlier announced configuration? (efficiency),neutral
tweet_000001,c_02023,username_2023,2026-02-21T16:01:07Z,Limited-time offers feel gimmicky. (serviceability) 😕,negative
tweet_000001,c_02024,username_2024,2026-02-21T08:11:45Z,I like the direction — keep iterating. ⚡,positive
tweet_000001,c_02025,username_2025,2026-02-21T15:42:21Z,Design grows on you. The utility matters most. (charging),positive
tweet_000001,c_02026,username_2026,2026-02-21T15:22:16Z,The engineering is wild. Congrats to the team! (stainless steel),positive
tweet_000001,c_02027,username_2027,2026-02-21T14:39:19Z,This rollout has been messy.,negative
tweet_000001,c_02028,username_2028,2026-02-21T04:51:17Z,I’ll believe it when I see consistent deliveries. (price) 🙄,negative
tweet_000001,c_02029,username_2029,2026-02-21T16:30:26Z,"Love the utilitarian focus. If specs hold, I'm in. (charging) 🔥",positive
tweet_000001,c_02030,username_2030,2026-02-20T01:24:45Z,So many delays… what's different now? (towing),negative
tweet_000001,c_02031,username_2031,2026-02-22T00:04:11Z,I like the direction — keep iterating. 😄,positive
tweet_000001,c_02032,username_2032,2026-02-21T22:13:59Z,How does this compare to the earlier announced configuration? (range),neutral
tweet_000001,c_02033,username_2033,2026-02-21T01:10:27Z,Is the limited-time offer available everywhere? (range),neutral
tweet_000001,c_02034,username_2034,2026-02-20T14:48:20Z,Concerned about safety and repairs. (price),negative
tweet_000001,c_02035,username_2035,2026-02-20T15:38:05Z,When will deliveries start in more regions? (delivery),neutral
tweet_000001,c_02036,username_2036,2026-02-21T12:44:32Z,This is awesome — Cybertruck looks like the future! 🚀 (efficiency) 😄,positive
tweet_000001,c_02037,username_2037,2026-02-21T06:02:20Z,Looks like Tesla is pushing boundaries again. (software updates),positive
tweet_000001,c_02038,username_2038,2026-02-21T16:18:41Z,AWD option is a big win. 🔥 (charging),positive
tweet_000001,c_02039,username_2039,2026-02-21T09:14:34Z,Finally! Can't wait to see these on the road. (suspension),positive
tweet_000001,c_02040,username_2040,2026-02-21T03:24:31Z,The engineering is wild. Congrats to the team! (towing) 😄,positive
tweet_000001,c_02041,username_2041,2026-02-21T07:54:37Z,This rollout has been messy. 🙄,negative
tweet_000001,c_02042,username_2042,2026-02-21T12:09:04Z,Is the limited-time offer available everywhere? (charging),neutral
tweet_000001,c_02043,username_2043,2026-02-20T10:31:46Z,Waiting for real-world reviews.,neutral
tweet_000001,c_02044,username_2044,2026-02-21T06:22:05Z,I like the direction — keep iterating.,positive
tweet_000001,c_02045,username_2045,2026-02-21T05:33:54Z,I’ll believe it when I see consistent deliveries. (price),negative
tweet_000001,c_02046,username_2046,2026-02-20T10:26:02Z,I’ll believe it when I see consistent deliveries. (range),negative
tweet_000001,c_02047,username_2047,2026-02-20T18:28:18Z,This is awesome — Cybertruck looks like the future! 🚀 🙌,positive
tweet_000001,c_02048,username_2048,2026-02-20T01:50:04Z,Concerned about safety and repairs. (towing),negative
tweet_000001,c_02049,username_2049,2026-02-21T08:29:07Z,Do we have confirmed specs yet?,neutral
tweet_000001,c_02050,username_2050,2026-02-20T14:51:24Z,The engineering is wild. Congrats to the team! (price),positive
tweet_000001,c_02051,username_2051,2026-02-20T19:15:42Z,Will there be different trims later? (suspension),neutral
tweet_000001,c_02052,username_2052,2026-02-20T08:45:17Z,What’s the estimated lead time? ℹ️,neutral
tweet_000001,c_02053,username_2053,2026-02-20T17:57:11Z,"Love the utilitarian focus. If specs hold, I'm in. (range) 🔥",positive
tweet_000001,c_02054,username_2054,2026-02-20T11:53:47Z,Concerned about safety and repairs. (AWD) 😕,negative
tweet_000001,c_02055,username_2055,2026-02-21T04:56:47Z,Concerned about safety and repairs. (suspension),negative
tweet_000001,c_02056,username_2056,2026-02-20T18:06:07Z,Design is… not for me. (charging) 🤦,negative
tweet_000001,c_02057,username_2057,2026-02-22T00:08:07Z,Interesting update. Any details on range and pricing? (towing),neutral
tweet_000001,c_02058,username_2058,2026-02-21T02:48:38Z,Take my money. (kidding… mostly) 😄 (range) 🚀,positive
tweet_000001,c_02059,username_2059,2026-02-20T05:02:45Z,This rollout has been messy. (charging) 😒,negative
tweet_000001,c_02060,username_2060,2026-02-20T08:35:14Z,Will there be different trims later? (charging),neutral
tweet_000001,c_02061,username_2061,2026-02-20T23:24:45Z,"Love the utilitarian focus. If specs hold, I'm in. (range)",positive
tweet_000001,c_02062,username_2062,2026-02-20T10:44:19Z,Waiting for real-world reviews. (features),neutral
tweet_000001,c_02063,username_2063,2026-02-21T20:07:59Z,Not convinced this is practical day-to-day. ⚠️,negative
tweet_000001,c_02064,username_2064,2026-02-20T16:32:38Z,Hope the build quality is solid. (price) 🤔,neutral
tweet_000001,c_02065,username_2065,2026-02-20T04:14:18Z,Design grows on you. The utility matters most.,positive
tweet_000001,c_02066,username_2066,2026-02-20T15:07:01Z,Design is… not for me.,negative
tweet_000001,c_02067,username_2067,2026-02-20T06:42:09Z,I like the direction — keep iterating. 😄,positive
tweet_000001,c_02068,username_2068,2026-02-20T15:57:32Z,I like the direction — keep iterating. 🔥,positive
tweet_000001,c_02069,username_2069,2026-02-21T07:42:11Z,I like the direction — keep iterating.,positive
tweet_000001,c_02070,username_2070,2026-02-21T18:03:11Z,Looks like Tesla is pushing boundaries again.,positive
tweet_000001,c_02071,username_2071,2026-02-20T09:48:03Z,Concerned about safety and repairs. (software updates),negative
tweet_000001,c_02072,username_2072,2026-02-21T13:56:26Z,Interesting update. Any details on range and pricing? (towing),neutral
tweet_000001,c_02073,username_2073,2026-02-20T10:38:19Z,AWD option is a big win. 🔥 (serviceability) ⚡,positive
tweet_000001,c_02074,username_2074,2026-02-20T15:05:57Z,Concerned about safety and repairs. (build quality),negative
tweet_000001,c_02075,username_2075,2026-02-20T06:42:37Z,I’ll believe it when I see consistent deliveries. (build quality),negative
tweet_000001,c_02076,username_2076,2026-02-21T05:40:00Z,Concerned about safety and repairs. 😕,negative
tweet_000001,c_02077,username_2077,2026-02-20T12:54:03Z,Design grows on you. The utility matters most. (suspension) 🙌,positive
tweet_000001,c_02078,username_2078,2026-02-21T10:24:51Z,What’s the estimated lead time?,neutral
tweet_000001,c_02079,username_2079,2026-02-20T23:20:37Z,Design is… not for me. (towing),negative
tweet_000001,c_02080,username_2080,2026-02-20T13:42:35Z,Design is… not for me. (AWD) 🙄,negative
tweet_000001,c_02081,username_2081,2026-02-20T21:28:32Z,Finally! Can't wait to see these on the road. (features) 🔥,positive
tweet_000001,c_02082,username_2082,2026-02-20T16:32:23Z,I like the direction — keep iterating. (efficiency) 🙌,positive
tweet_000001,c_02083,username_2083,2026-02-21T04:07:40Z,Waiting for real-world reviews. (suspension),neutral
tweet_000001,c_02084,username_2084,2026-02-20T20:28:36Z,I’ll believe it when I see consistent deliveries. (serviceability) 😕,negative
tweet_000001,c_02085,username_2085,2026-02-21T22:49:50Z,Interesting update. Any details on range and pricing? 🧐,neutral
tweet_000001,c_02086,username_2086,2026-02-20T14:07:10Z,Is the limited-time offer available everywhere?,neutral
tweet_000001,c_02087,username_2087,2026-02-21T19:43:18Z,"Love the utilitarian focus. If specs hold, I'm in.",positive
tweet_000001,c_02088,username_2088,2026-02-22T00:51:36Z,Specs keep changing — hard to plan.,negative
tweet_000001,c_02089,username_2089,2026-02-21T17:21:49Z,Design is… not for me. ⚠️,negative
tweet_000001,c_02090,username_2090,2026-02-20T16:05:56Z,Design grows on you. The utility matters most.,positive
tweet_000001,c_02091,username_2091,2026-02-21T06:02:48Z,I’ll believe it when I see consistent deliveries. (suspension),negative
tweet_000001,c_02092,username_2092,2026-02-21T04:05:36Z,I’ll believe it when I see consistent deliveries. 🙄,negative
tweet_000001,c_02093,username_2093,2026-02-21T10:42:06Z,Finally! Can't wait to see these on the road. 🙌,positive
tweet_000001,c_02094,username_2094,2026-02-21T12:58:06Z,Curious about charging speed on 800V. ℹ️,neutral
tweet_000001,c_02095,username_2095,2026-02-20T14:11:31Z,Take my money. (kidding… mostly) 😄 🔥,positive
tweet_000001,c_02096,username_2096,2026-02-20T06:29:47Z,Concerned about safety and repairs. (efficiency),negative
tweet_000001,c_02097,username_2097,2026-02-20T08:32:55Z,What’s the estimated lead time? (features),neutral
tweet_000001,c_02098,username_2098,2026-02-21T21:10:49Z,When will deliveries start in more regions? (range) 🤔,neutral
tweet_000001,c_02099,username_2099,2026-02-22T00:10:47Z,Still too expensive for what it is. (features) 🙄,negative
tweet_000001,c_02100,username_2100,2026-02-21T22:56:05Z,Design grows on you. The utility matters most. (range),positive
tweet_000001,c_02101,username_2101,2026-02-20T08:59:36Z,Not convinced this is practical day-to-day. 😕,negative
tweet_000001,c_02102,username_2102,2026-02-20T15:58:57Z,Curious about charging speed on 800V. (serviceability),neutral
tweet_000001,c_02103,username_2103,2026-02-20T13:07:47Z,AWD option is a big win. 🔥 (delivery) 🙌,positive
tweet_000001,c_02104,username_2104,2026-02-20T20:43:32Z,Not convinced this is practical day-to-day. (range) ⚠️,negative
tweet_000001,c_02105,username_2105,2026-02-20T08:43:07Z,Not convinced this is practical day-to-day.,negative
tweet_000001,c_02106,username_2106,2026-02-20T01:20:17Z,The engineering is wild. Congrats to the team! (software updates) ✅,positive
tweet_000001,c_02107,username_2107,2026-02-22T00:58:19Z,Specs keep changing — hard to plan. (efficiency),negative
tweet_000001,c_02108,username_2108,2026-02-20T09:26:07Z,Feels like hype more than substance. (price) ⚠️,negative
tweet_000001,c_02109,username_2109,2026-02-21T03:16:06Z,"Love the utilitarian focus. If specs hold, I'm in. 🚀",positive
tweet_000001,c_02110,username_2110,2026-02-20T04:24:23Z,So many delays… what's different now? (software updates),negative
tweet_000001,c_02111,username_2111,2026-02-21T20:54:44Z,Finally! Can't wait to see these on the road. ⚡,positive
tweet_000001,c_02112,username_2112,2026-02-20T23:12:33Z,Design grows on you. The utility matters most. 🚀,positive
tweet_000001,c_02113,username_2113,2026-02-20T20:59:25Z,This could be great for work sites and towing.,positive
tweet_000001,c_02114,username_2114,2026-02-20T06:48:39Z,Still too expensive for what it is.,negative
tweet_000001,c_02115,username_2115,2026-02-22T01:00:28Z,I’ll believe it when I see consistent deliveries. (software updates),negative
tweet_000001,c_02116,username_2116,2026-02-21T12:05:18Z,"Love the utilitarian focus. If specs hold, I'm in. (software updates)",positive
tweet_000001,c_02117,username_2117,2026-02-20T21:31:40Z,Finally! Can't wait to see these on the road. (delivery) 😄,positive
tweet_000001,c_02118,username_2118,2026-02-21T02:55:34Z,Waiting for real-world reviews. (charging),neutral
tweet_000001,c_02119,username_2119,2026-02-21T07:23:33Z,Design grows on you. The utility matters most. ⚡,positive
tweet_000001,c_02120,username_2120,2026-02-20T19:09:23Z,Concerned about safety and repairs. (charging),negative
tweet_000001,c_02121,username_2121,2026-02-21T13:07:12Z,Not convinced this is practical day-to-day. (AWD),negative
tweet_000001,c_02122,username_2122,2026-02-21T19:33:16Z,Will there be different trims later? (features),neutral
tweet_000001,c_02123,username_2123,2026-02-20T17:13:17Z,Limited-time offers feel gimmicky. (range) 😕,negative
tweet_000001,c_02124,username_2124,2026-02-21T03:38:20Z,I like the direction — keep iterating. (delivery),positive
tweet_000001,c_02125,username_2125,2026-02-20T05:35:17Z,This rollout has been messy. (features),negative
tweet_000001,c_02126,username_2126,2026-02-20T22:42:33Z,Feels like hype more than substance. (build quality),negative
tweet_000001,c_02127,username_2127,2026-02-21T07:54:42Z,Do we have confirmed specs yet? (AWD) ℹ️,neutral
tweet_000001,c_02128,username_2128,2026-02-20T09:47:12Z,Finally! Can't wait to see these on the road. (range),positive
tweet_000001,c_02129,username_2129,2026-02-21T08:10:34Z,This rollout has been messy. (price),negative
tweet_000001,c_02130,username_2130,2026-02-20T06:37:18Z,This could be great for work sites and towing.,positive
tweet_000001,c_02131,username_2131,2026-02-20T03:26:53Z,Finally! Can't wait to see these on the road. (price) 🚀,positive
tweet_000001,c_02132,username_2132,2026-02-21T18:41:47Z,Take my money. (kidding… mostly) 😄 (delivery),positive
tweet_000001,c_02133,username_2133,2026-02-20T11:27:09Z,What’s the estimated lead time? 📅,neutral
tweet_000001,c_02134,username_2134,2026-02-21T01:48:50Z,How does this compare to the earlier announced configuration?,neutral
tweet_000001,c_02135,username_2135,2026-02-20T22:07:54Z,Limited-time offers feel gimmicky. (efficiency) 🙄,negative
tweet_000001,c_02136,username_2136,2026-02-21T13:53:55Z,I’ll believe it when I see consistent deliveries. (software updates),negative
tweet_000001,c_02137,username_2137,2026-02-21T10:19:51Z,I like the direction — keep iterating. 🙌,positive
tweet_000001,c_02138,username_2138,2026-02-21T13:47:42Z,Specs keep changing — hard to plan.,negative
tweet_000001,c_02139,username_2139,2026-02-20T12:40:04Z,AWD option is a big win. 🔥,positive
tweet_000001,c_02140,username_2140,2026-02-20T10:21:42Z,Design is… not for me. (range) 🙄,negative
tweet_000001,c_02141,username_2141,2026-02-21T17:58:35Z,So many delays… what's different now?,negative
tweet_000001,c_02142,username_2142,2026-02-21T11:21:37Z,How does this compare to the earlier announced configuration? (efficiency),neutral
tweet_000001,c_02143,username_2143,2026-02-21T04:57:17Z,I’ll believe it when I see consistent deliveries. (stainless steel),negative
tweet_000001,c_02144,username_2144,2026-02-20T15:25:47Z,AWD option is a big win. 🔥 (price) ✅,positive
tweet_000001,c_02145,username_2145,2026-02-20T03:17:32Z,Do we have confirmed specs yet? (build quality) ℹ️,neutral
tweet_000001,c_02146,username_2146,2026-02-21T20:43:49Z,Still too expensive for what it is. 😒,negative
tweet_000001,c_02147,username_2147,2026-02-20T15:56:21Z,Interesting update. Any details on range and pricing? (price),neutral
tweet_000001,c_02148,username_2148,2026-02-21T18:22:38Z,This is awesome — Cybertruck looks like the future! 🚀 (features),positive
tweet_000001,c_02149,username_2149,2026-02-20T04:44:55Z,Waiting for real-world reviews. (towing) 🧐,neutral
tweet_000001,c_02150,username_2150,2026-02-20T21:48:50Z,Concerned about safety and repairs. (stainless steel),negative
tweet_000001,c_02151,username_2151,2026-02-21T03:09:40Z,Finally! Can't wait to see these on the road. 😄,positive
tweet_000001,c_02152,username_2152,2026-02-21T13:55:10Z,"Love the utilitarian focus. If specs hold, I'm in. (features) 🙌",positive
tweet_000001,c_02153,username_2153,2026-02-21T05:04:28Z,Feels like hype more than substance. (range) 🙄,negative
tweet_000001,c_02154,username_2154,2026-02-21T10:58:20Z,Limited-time offers feel gimmicky. 🙄,negative
tweet_000001,c_02155,username_2155,2026-02-20T16:57:10Z,Finally! Can't wait to see these on the road. 🙌,positive
tweet_000001,c_02156,username_2156,2026-02-21T14:50:45Z,Design grows on you. The utility matters most.,positive
tweet_000001,c_02157,username_2157,2026-02-21T02:06:39Z,This could be great for work sites and towing. ✅,positive
tweet_000001,c_02158,username_2158,2026-02-21T22:38:59Z,Take my money. (kidding… mostly) 😄 (suspension),positive
tweet_000001,c_02159,username_2159,2026-02-21T05:28:35Z,Do we have confirmed specs yet? (serviceability),neutral
tweet_000001,c_02160,username_2160,2026-02-20T12:20:51Z,So many delays… what's different now?,negative
tweet_000001,c_02161,username_2161,2026-02-20T02:20:16Z,I’ll believe it when I see consistent deliveries. 😕,negative
tweet_000001,c_02162,username_2162,2026-02-21T13:34:46Z,When will deliveries start in more regions? (delivery),neutral
tweet_000001,c_02163,username_2163,2026-02-20T13:00:29Z,"Love the utilitarian focus. If specs hold, I'm in. (stainless steel) 🚀",positive
tweet_000001,c_02164,username_2164,2026-02-20T14:17:52Z,Feels like hype more than substance. (charging),negative
tweet_000001,c_02165,username_2165,2026-02-21T09:26:19Z,Curious about charging speed on 800V.,neutral
tweet_000001,c_02166,username_2166,2026-02-21T12:48:14Z,Still too expensive for what it is. (towing),negative
tweet_000001,c_02167,username_2167,2026-02-21T22:22:26Z,Curious about charging speed on 800V. (build quality),neutral
tweet_000001,c_02168,username_2168,2026-02-21T00:05:20Z,Looks like Tesla is pushing boundaries again. (software updates),positive
tweet_000001,c_02169,username_2169,2026-02-20T20:23:18Z,Still too expensive for what it is.,negative
tweet_000001,c_02170,username_2170,2026-02-20T19:04:37Z,I like the direction — keep iterating. (price) 🔥,positive
tweet_000001,c_02171,username_2171,2026-02-21T18:45:57Z,Concerned about safety and repairs. 🤦,negative
tweet_000001,c_02172,username_2172,2026-02-20T08:03:31Z,Looks like Tesla is pushing boundaries again. (efficiency),positive
tweet_000001,c_02173,username_2173,2026-02-21T11:05:58Z,"Love the utilitarian focus. If specs hold, I'm in. (suspension) 😄",positive
tweet_000001,c_02174,username_2174,2026-02-21T08:47:18Z,Design is… not for me. (price) 😒,negative
tweet_000001,c_02175,username_2175,2026-02-21T12:39:39Z,The engineering is wild. Congrats to the team!,positive
tweet_000001,c_02176,username_2176,2026-02-20T21:31:14Z,Feels like hype more than substance. (delivery),negative
tweet_000001,c_02177,username_2177,2026-02-20T11:50:45Z,The engineering is wild. Congrats to the team! (range),positive
tweet_000001,c_02178,username_2178,2026-02-21T04:56:29Z,Interesting update. Any details on range and pricing?,neutral
tweet_000001,c_02179,username_2179,2026-02-21T08:34:10Z,Feels like hype more than substance. (AWD),negative
tweet_000001,c_02180,username_2180,2026-02-21T08:02:46Z,Is the limited-time offer available everywhere? (delivery) 🤔,neutral
tweet_000001,c_02181,username_2181,2026-02-20T21:11:42Z,Take my money. (kidding… mostly) 😄 (suspension),positive
tweet_000001,c_02182,username_2182,2026-02-21T07:48:47Z,I like the direction — keep iterating. (towing) 🚀,positive
tweet_000001,c_02183,username_2183,2026-02-20T07:58:52Z,Take my money. (kidding… mostly) 😄 (features) 🔥,positive
tweet_000001,c_02184,username_2184,2026-02-21T02:41:00Z,Take my money. (kidding… mostly) 😄 (build quality),positive
tweet_000001,c_02185,username_2185,2026-02-20T12:57:03Z,Concerned about safety and repairs. (suspension),negative
tweet_000001,c_02186,username_2186,2026-02-20T01:58:23Z,Not convinced this is practical day-to-day.,negative
tweet_000001,c_02187,username_2187,2026-02-20T06:54:57Z,So many delays… what's different now? ⚠️,negative
tweet_000001,c_02188,username_2188,2026-02-20T02:16:58Z,I’ll believe it when I see consistent deliveries.,negative
tweet_000001,c_02189,username_2189,2026-02-21T13:37:06Z,This rollout has been messy. (efficiency),negative
tweet_000001,c_02190,username_2190,2026-02-21T15:09:56Z,Still too expensive for what it is.,negative
tweet_000001,c_02191,username_2191,2026-02-20T10:24:16Z,This could be great for work sites and towing.,positive
tweet_000001,c_02192,username_2192,2026-02-20T03:54:24Z,Design is… not for me. 😒,negative
tweet_000001,c_02193,username_2193,2026-02-20T13:20:42Z,So many delays… what's different now? (stainless steel) 🙄,negative
tweet_000001,c_02194,username_2194,2026-02-21T19:15:14Z,Interesting update. Any details on range and pricing? (stainless steel) 🧐,neutral
tweet_000001,c_02195,username_2195,2026-02-21T13:48:38Z,"Love the utilitarian focus. If specs hold, I'm in.",positive
tweet_000001,c_02196,username_2196,2026-02-21T10:27:17Z,Take my money. (kidding… mostly) 😄 (stainless steel),positive
tweet_000001,c_02197,username_2197,2026-02-21T08:15:33Z,What’s the estimated lead time?,neutral
tweet_000001,c_02198,username_2198,2026-02-20T14:03:08Z,Feels like hype more than substance. (delivery),negative
tweet_000001,c_02199,username_2199,2026-02-20T13:05:39Z,What’s the estimated lead time? (towing),neutral
tweet_000001,c_02200,username_2200,2026-02-21T09:06:26Z,AWD option is a big win. 🔥,positive
tweet_000001,c_02201,username_2201,2026-02-20T08:28:31Z,Limited-time offers feel gimmicky. 😕,negative
tweet_000001,c_02202,username_2202,2026-02-21T22:07:28Z,Take my money. (kidding… mostly) 😄 (suspension),positive
tweet_000001,c_02203,username_2203,2026-02-21T16:54:58Z,"Love the utilitarian focus. If specs hold, I'm in.",positive
tweet_000001,c_02204,username_2204,2026-02-20T03:37:35Z,AWD option is a big win. 🔥 😄,positive
tweet_000001,c_02205,username_2205,2026-02-21T17:24:55Z,Concerned about safety and repairs. (charging),negative
tweet_000001,c_02206,username_2206,2026-02-21T02:46:51Z,Feels like hype more than substance. (efficiency),negative
tweet_000001,c_02207,username_2207,2026-02-21T06:04:18Z,This is awesome — Cybertruck looks like the future! 🚀,positive
tweet_000001,c_02208,username_2208,2026-02-21T14:12:34Z,Specs keep changing — hard to plan. (efficiency) 🤦,negative
tweet_000001,c_02209,username_2209,2026-02-20T18:50:22Z,This is awesome — Cybertruck looks like the future! 🚀,positive
tweet_000001,c_02210,username_2210,2026-02-20T02:22:51Z,Still too expensive for what it is. (stainless steel),negative
tweet_000001,c_02211,username_2211,2026-02-21T15:02:23Z,So many delays… what's different now? (delivery),negative
tweet_000001,c_02212,username_2212,2026-02-21T08:33:47Z,Design is… not for me. (software updates) 🤦,negative
tweet_000001,c_02213,username_2213,2026-02-20T05:00:21Z,Design grows on you. The utility matters most. (efficiency) ⚡,positive
tweet_000001,c_02214,username_2214,2026-02-20T13:53:58Z,Concerned about safety and repairs.,negative
tweet_000001,c_02215,username_2215,2026-02-21T09:06:02Z,Design is… not for me. (features) 😕,negative
tweet_000001,c_02216,username_2216,2026-02-21T23:13:48Z,Design grows on you. The utility matters most.,positive
tweet_000001,c_02217,username_2217,2026-02-21T22:55:47Z,Specs keep changing — hard to plan. ⚠️,negative
tweet_000001,c_02218,username_2218,2026-02-20T16:05:15Z,"Love the utilitarian focus. If specs hold, I'm in. (software updates) 🙌",positive
tweet_000001,c_02219,username_2219,2026-02-20T12:23:40Z,Still too expensive for what it is.,negative
tweet_000001,c_02220,username_2220,2026-02-20T06:59:09Z,Design grows on you. The utility matters most. (suspension),positive
tweet_000001,c_02221,username_2221,2026-02-21T10:17:16Z,This rollout has been messy. (efficiency),negative
tweet_000001,c_02222,username_2222,2026-02-20T22:52:16Z,Do we have confirmed specs yet? (AWD),neutral
tweet_000001,c_02223,username_2223,2026-02-21T04:46:58Z,AWD option is a big win. 🔥 🔥,positive
tweet_000001,c_02224,username_2224,2026-02-21T22:56:19Z,This is awesome — Cybertruck looks like the future! 🚀,positive
tweet_000001,c_02225,username_2225,2026-02-20T08:46:50Z,"Love the utilitarian focus. If specs hold, I'm in. (serviceability) 🔥",positive
tweet_000001,c_02226,username_2226,2026-02-20T21:49:05Z,Is the limited-time offer available everywhere? 📅,neutral
tweet_000001,c_02227,username_2227,2026-02-21T03:33:58Z,The engineering is wild. Congrats to the team! (charging),positive
tweet_000001,c_02228,username_2228,2026-02-21T07:22:40Z,When will deliveries start in more regions? (efficiency) 📅,neutral
tweet_000001,c_02229,username_2229,2026-02-21T04:34:30Z,Looks like Tesla is pushing boundaries again.,positive
tweet_000001,c_02230,username_2230,2026-02-20T12:58:52Z,Finally! Can't wait to see these on the road. (delivery),positive
tweet_000001,c_02231,username_2231,2026-02-21T23:12:48Z,So many delays… what's different now? ⚠️,negative
tweet_000001,c_02232,username_2232,2026-02-21T02:30:07Z,This could be great for work sites and towing.,positive
tweet_000001,c_02233,username_2233,2026-02-20T01:36:54Z,I’ll believe it when I see consistent deliveries. (towing),negative
tweet_000001,c_02234,username_2234,2026-02-20T15:17:33Z,So many delays… what's different now? (range),negative
tweet_000001,c_02235,username_2235,2026-02-20T12:20:36Z,Design is… not for me. 🙄,negative
tweet_000001,c_02236,username_2236,2026-02-20T03:23:52Z,Waiting for real-world reviews. (price),neutral
tweet_000001,c_02237,username_2237,2026-02-20T10:28:02Z,Specs keep changing — hard to plan. (AWD),negative
tweet_000001,c_02238,username_2238,2026-02-21T02:37:51Z,I like the direction — keep iterating.,positive
tweet_000001,c_02239,username_2239,2026-02-21T13:21:11Z,Take my money. (kidding… mostly) 😄 (software updates),positive
tweet_000001,c_02240,username_2240,2026-02-20T19:27:40Z,Finally! Can't wait to see these on the road. (suspension) 😄,positive
tweet_000001,c_02241,username_2241,2026-02-20T08:44:33Z,So many delays… what's different now?,negative
tweet_000001,c_02242,username_2242,2026-02-20T13:18:44Z,The engineering is wild. Congrats to the team!,positive
tweet_000001,c_02243,username_2243,2026-02-21T09:44:17Z,Will there be different trims later? (towing),neutral
tweet_000001,c_02244,username_2244,2026-02-21T22:36:32Z,Limited-time offers feel gimmicky.,negative
tweet_000001,c_02245,username_2245,2026-02-21T18:32:52Z,This rollout has been messy. (efficiency),negative
tweet_000001,c_02246,username_2246,2026-02-21T09:58:28Z,Curious about charging speed on 800V.,neutral
tweet_000001,c_02247,username_2247,2026-02-20T19:40:39Z,Design grows on you. The utility matters most. (serviceability),positive
tweet_000001,c_02248,username_2248,2026-02-22T00:13:28Z,Not convinced this is practical day-to-day. (range) ⚠️,negative
tweet_000001,c_02249,username_2249,2026-02-21T08:31:01Z,Curious about charging speed on 800V. (price) 🧐,neutral
tweet_000001,c_02250,username_2250,2026-02-21T04:20:08Z,Finally! Can't wait to see these on the road. ✅,positive
tweet_000001,c_02251,username_2251,2026-02-20T02:02:37Z,Looks like Tesla is pushing boundaries again. (serviceability),positive
tweet_000001,c_02252,username_2252,2026-02-20T18:11:27Z,Not convinced this is practical day-to-day. (towing),negative
tweet_000001,c_02253,username_2253,2026-02-21T15:38:38Z,Design is… not for me. (towing),negative
tweet_000001,c_02254,username_2254,2026-02-20T06:41:54Z,So many delays… what's different now?,negative
tweet_000001,c_02255,username_2255,2026-02-21T08:56:26Z,This rollout has been messy. 😕,negative
tweet_000001,c_02256,username_2256,2026-02-21T13:13:01Z,How does this compare to the earlier announced configuration? (towing),neutral
tweet_000001,c_02257,username_2257,2026-02-20T10:17:10Z,How does this compare to the earlier announced configuration? (stainless steel),neutral
tweet_000001,c_02258,username_2258,2026-02-20T18:27:56Z,Design grows on you. The utility matters most. (range),positive
tweet_000001,c_02259,username_2259,2026-02-21T19:10:31Z,This is awesome — Cybertruck looks like the future! 🚀 😄,positive
tweet_000001,c_02260,username_2260,2026-02-20T03:56:41Z,I like the direction — keep iterating. ⚡,positive
tweet_000001,c_02261,username_2261,2026-02-20T02:26:05Z,Limited-time offers feel gimmicky. (features),negative
tweet_000001,c_02262,username_2262,2026-02-20T23:10:04Z,Is the limited-time offer available everywhere? (stainless steel),neutral
tweet_000001,c_02263,username_2263,2026-02-21T17:46:10Z,This rollout has been messy. (range),negative
tweet_000001,c_02264,username_2264,2026-02-21T10:21:05Z,This could be great for work sites and towing.,positive
tweet_000001,c_02265,username_2265,2026-02-20T10:05:27Z,Waiting for real-world reviews. ℹ️,neutral
tweet_000001,c_02266,username_2266,2026-02-20T04:43:59Z,Interesting update. Any details on range and pricing? (stainless steel),neutral
tweet_000001,c_02267,username_2267,2026-02-21T08:58:31Z,Do we have confirmed specs yet? (AWD),neutral
tweet_000001,c_02268,username_2268,2026-02-21T04:06:39Z,Not convinced this is practical day-to-day.,negative
tweet_000001,c_02269,username_2269,2026-02-20T05:04:20Z,AWD option is a big win. 🔥 🚀,positive
tweet_000001,c_02270,username_2270,2026-02-20T23:24:27Z,When will deliveries start in more regions? (suspension),neutral
tweet_000001,c_02271,username_2271,2026-02-21T04:53:18Z,AWD option is a big win. 🔥,positive
tweet_000001,c_02272,username_2272,2026-02-21T19:44:08Z,This could be great for work sites and towing. (stainless steel),positive
tweet_000001,c_02273,username_2273,2026-02-21T19:47:06Z,Will there be different trims later?,neutral
tweet_000001,c_02274,username_2274,2026-02-21T15:14:37Z,Not convinced this is practical day-to-day. (charging),negative
tweet_000001,c_02275,username_2275,2026-02-20T21:40:42Z,This rollout has been messy.,negative
tweet_000001,c_02276,username_2276,2026-02-20T07:56:04Z,Is the limited-time offer available everywhere?,neutral
tweet_000001,c_02277,username_2277,2026-02-21T02:57:19Z,Not convinced this is practical day-to-day. 🙄,negative
tweet_000001,c_02278,username_2278,2026-02-20T06:55:51Z,When will deliveries start in more regions? 🤔,neutral
tweet_000001,c_02279,username_2279,2026-02-20T16:59:18Z,How does this compare to the earlier announced configuration? 🤔,neutral
tweet_000001,c_02280,username_2280,2026-02-21T02:02:26Z,The engineering is wild. Congrats to the team!,positive
tweet_000001,c_02281,username_2281,2026-02-21T14:40:22Z,Looks like Tesla is pushing boundaries again. 😄,positive
tweet_000001,c_02282,username_2282,2026-02-22T00:58:00Z,Finally! Can't wait to see these on the road. 🔥,positive
tweet_000001,c_02283,username_2283,2026-02-20T17:10:53Z,Waiting for real-world reviews. (charging),neutral
tweet_000001,c_02284,username_2284,2026-02-21T14:38:21Z,The engineering is wild. Congrats to the team! ✅,positive
tweet_000001,c_02285,username_2285,2026-02-21T08:03:31Z,Finally! Can't wait to see these on the road.,positive
tweet_000001,c_02286,username_2286,2026-02-21T19:17:00Z,"Love the utilitarian focus. If specs hold, I'm in. (price)",positive
tweet_000001,c_02287,username_2287,2026-02-20T18:46:02Z,Still too expensive for what it is. 😕,negative
tweet_000001,c_02288,username_2288,2026-02-21T11:55:43Z,I like the direction — keep iterating. (towing) 🙌,positive
tweet_000001,c_02289,username_2289,2026-02-20T07:22:17Z,Waiting for real-world reviews. (delivery),neutral
tweet_000001,c_02290,username_2290,2026-02-21T08:37:24Z,I like the direction — keep iterating. (charging) 🚀,positive
tweet_000001,c_02291,username_2291,2026-02-20T04:49:40Z,Will there be different trims later?,neutral
tweet_000001,c_02292,username_2292,2026-02-20T22:39:31Z,The engineering is wild. Congrats to the team! (serviceability) 🙌,positive
tweet_000001,c_02293,username_2293,2026-02-21T13:11:38Z,I like the direction — keep iterating. (efficiency) 🔥,positive
tweet_000001,c_02294,username_2294,2026-02-20T09:20:19Z,Do we have confirmed specs yet? (range),neutral
tweet_000001,c_02295,username_2295,2026-02-20T18:38:11Z,"Love the utilitarian focus. If specs hold, I'm in. (towing) 🙌",positive
tweet_000001,c_02296,username_2296,2026-02-21T06:42:32Z,Take my money. (kidding… mostly) 😄 (AWD),positive
tweet_000001,c_02297,username_2297,2026-02-20T20:47:04Z,This could be great for work sites and towing. (features) ⚡,positive
tweet_000001,c_02298,username_2298,2026-02-20T22:13:15Z,Design grows on you. The utility matters most. (range) 🙌,positive
tweet_000001,c_02299,username_2299,2026-02-21T22:33:04Z,This could be great for work sites and towing.,positive
tweet_000001,c_02300,username_2300,2026-02-20T18:37:32Z,Finally! Can't wait to see these on the road. (price) ✅,positive
tweet_000001,c_02301,username_2301,2026-02-21T10:23:52Z,I’ll believe it when I see consistent deliveries.,negative
tweet_000001,c_02302,username_2302,2026-02-21T08:24:37Z,Waiting for real-world reviews. (towing),neutral
tweet_000001,c_02303,username_2303,2026-02-20T13:40:54Z,Interesting update. Any details on range and pricing? (charging),neutral
tweet_000001,c_02304,username_2304,2026-02-21T12:48:26Z,The engineering is wild. Congrats to the team! (range),positive
tweet_000001,c_02305,username_2305,2026-02-21T18:33:25Z,Specs keep changing — hard to plan.,negative
tweet_000001,c_02306,username_2306,2026-02-20T13:25:57Z,Finally! Can't wait to see these on the road. ⚡,positive
tweet_000001,c_02307,username_2307,2026-02-21T01:41:35Z,This could be great for work sites and towing. (stainless steel),positive
tweet_000001,c_02308,username_2308,2026-02-20T19:59:20Z,How does this compare to the earlier announced configuration? (charging) 🧐,neutral
tweet_000001,c_02309,username_2309,2026-02-20T23:10:40Z,Looks like Tesla is pushing boundaries again.,positive
tweet_000001,c_02310,username_2310,2026-02-21T20:37:50Z,This could be great for work sites and towing. (efficiency),positive
tweet_000001,c_02311,username_2311,2026-02-21T23:50:19Z,Interesting update. Any details on range and pricing? (software updates),neutral
tweet_000001,c_02312,username_2312,2026-02-20T11:33:48Z,This rollout has been messy. (AWD),negative
tweet_000001,c_02313,username_2313,2026-02-21T08:36:50Z,Waiting for real-world reviews. (price) 📅,neutral
tweet_000001,c_02314,username_2314,2026-02-21T23:45:40Z,Limited-time offers feel gimmicky.,negative
tweet_000001,c_02315,username_2315,2026-02-21T16:55:46Z,Feels like hype more than substance.,negative
tweet_000001,c_02316,username_2316,2026-02-20T13:59:22Z,AWD option is a big win. 🔥 ✅,positive
tweet_000001,c_02317,username_2317,2026-02-21T05:43:25Z,Design grows on you. The utility matters most. (towing) 🚀,positive
tweet_000001,c_02318,username_2318,2026-02-21T19:26:56Z,I like the direction — keep iterating.,positive
tweet_000001,c_02319,username_2319,2026-02-20T10:12:13Z,Take my money. (kidding… mostly) 😄,positive
tweet_000001,c_02320,username_2320,2026-02-21T02:31:03Z,AWD option is a big win. 🔥 (range),positive
tweet_000001,c_02321,username_2321,2026-02-20T11:57:49Z,Feels like hype more than substance.,negative
tweet_000001,c_02322,username_2322,2026-02-20T22:21:04Z,So many delays… what's different now? (delivery) ⚠️,negative
tweet_000001,c_02323,username_2323,2026-02-20T05:57:18Z,Is the limited-time offer available everywhere? (range) 🤔,neutral
tweet_000001,c_02324,username_2324,2026-02-20T05:07:24Z,This could be great for work sites and towing. (software updates) 🚀,positive
tweet_000001,c_02325,username_2325,2026-02-20T04:53:01Z,Specs keep changing — hard to plan. (towing),negative
tweet_000001,c_02326,username_2326,2026-02-21T13:48:14Z,Not convinced this is practical day-to-day. (price),negative
tweet_000001,c_02327,username_2327,2026-02-20T11:38:13Z,Design is… not for me. (price) 😕,negative
tweet_000001,c_02328,username_2328,2026-02-21T11:42:20Z,Looks like Tesla is pushing boundaries again. (efficiency),positive
tweet_000001,c_02329,username_2329,2026-02-21T08:01:12Z,Will there be different trims later? 🧐,neutral
tweet_000001,c_02330,username_2330,2026-02-20T23:14:33Z,Design grows on you. The utility matters most. (serviceability),positive
tweet_000001,c_02331,username_2331,2026-02-21T00:43:56Z,Design grows on you. The utility matters most. (features) 🔥,positive
tweet_000001,c_02332,username_2332,2026-02-21T07:33:53Z,I like the direction — keep iterating. (towing) 🙌,positive
tweet_000001,c_02333,username_2333,2026-02-21T23:00:10Z,How does this compare to the earlier announced configuration? (software updates),neutral
tweet_000001,c_02334,username_2334,2026-02-21T09:03:48Z,Limited-time offers feel gimmicky. (charging),negative
tweet_000001,c_02335,username_2335,2026-02-21T13:56:12Z,Looks like Tesla is pushing boundaries again. (software updates),positive
tweet_000001,c_02336,username_2336,2026-02-21T07:07:26Z,This could be great for work sites and towing. (build quality) 😄,positive
tweet_000001,c_02337,username_2337,2026-02-20T07:41:21Z,Curious about charging speed on 800V.,neutral
tweet_000001,c_02338,username_2338,2026-02-20T18:55:08Z,Design grows on you. The utility matters most. (delivery),positive
tweet_000001,c_02339,username_2339,2026-02-21T18:26:01Z,AWD option is a big win. 🔥 (software updates) ⚡,positive
tweet_000001,c_02340,username_2340,2026-02-20T01:41:00Z,This could be great for work sites and towing.,positive
tweet_000001,c_02341,username_2341,2026-02-21T10:45:44Z,Still too expensive for what it is. (towing),negative
tweet_000001,c_02342,username_2342,2026-02-22T00:34:22Z,"Love the utilitarian focus. If specs hold, I'm in. (price)",positive
tweet_000001,c_02343,username_2343,2026-02-21T18:25:27Z,This could be great for work sites and towing.,positive
tweet_000001,c_02344,username_2344,2026-02-20T10:05:35Z,Design grows on you. The utility matters most.,positive
tweet_000001,c_02345,username_2345,2026-02-20T05:06:38Z,Design is… not for me. (build quality),negative
tweet_000001,c_02346,username_2346,2026-02-21T13:19:01Z,I’ll believe it when I see consistent deliveries. (efficiency),negative
tweet_000001,c_02347,username_2347,2026-02-20T12:31:13Z,Specs keep changing — hard to plan.,negative
tweet_000001,c_02348,username_2348,2026-02-20T01:43:11Z,This could be great for work sites and towing. 🚀,positive
tweet_000001,c_02349,username_2349,2026-02-20T01:15:09Z,Curious about charging speed on 800V. 🤔,neutral
tweet_000001,c_02350,username_2350,2026-02-20T19:15:03Z,The engineering is wild. Congrats to the team! (range),positive
tweet_000001,c_02351,username_2351,2026-02-21T09:34:03Z,Will there be different trims later? (price) 📅,neutral
tweet_000001,c_02352,username_2352,2026-02-20T14:39:06Z,Design is… not for me.,negative
tweet_000001,c_02353,username_2353,2026-02-21T21:52:11Z,How does this compare to the earlier announced configuration?,neutral
tweet_000001,c_02354,username_2354,2026-02-21T08:43:58Z,I’ll believe it when I see consistent deliveries. 🙄,negative
tweet_000001,c_02355,username_2355,2026-02-20T13:41:07Z,Not convinced this is practical day-to-day.,negative
tweet_000001,c_02356,username_2356,2026-02-21T11:55:22Z,This could be great for work sites and towing. (efficiency) 🙌,positive
tweet_000001,c_02357,username_2357,2026-02-21T13:08:47Z,This rollout has been messy.,negative
tweet_000001,c_02358,username_2358,2026-02-20T09:03:57Z,This could be great for work sites and towing. (software updates) ✅,positive
tweet_000001,c_02359,username_2359,2026-02-21T10:32:01Z,When will deliveries start in more regions? (range),neutral
tweet_000001,c_02360,username_2360,2026-02-20T03:43:54Z,Design grows on you. The utility matters most. (stainless steel),positive
tweet_000001,c_02361,username_2361,2026-02-21T11:19:19Z,This could be great for work sites and towing. (delivery) 🙌,positive
tweet_000001,c_02362,username_2362,2026-02-20T16:35:54Z,Looks like Tesla is pushing boundaries again.,positive
tweet_000001,c_02363,username_2363,2026-02-21T14:36:31Z,"Love the utilitarian focus. If specs hold, I'm in. (delivery) ⚡",positive
tweet_000001,c_02364,username_2364,2026-02-21T18:15:25Z,Waiting for real-world reviews. (features) 🧐,neutral
tweet_000001,c_02365,username_2365,2026-02-21T05:56:06Z,When will deliveries start in more regions?,neutral
tweet_000001,c_02366,username_2366,2026-02-21T04:40:03Z,This could be great for work sites and towing. ⚡,positive
tweet_000001,c_02367,username_2367,2026-02-21T14:10:01Z,I like the direction — keep iterating. (suspension) 🙌,positive
tweet_000001,c_02368,username_2368,2026-02-21T02:35:51Z,Hope the build quality is solid.,neutral
tweet_000001,c_02369,username_2369,2026-02-20T04:31:17Z,This is awesome — Cybertruck looks like the future! 🚀 🚀,positive
tweet_000001,c_02370,username_2370,2026-02-20T08:59:05Z,Feels like hype more than substance.,negative
tweet_000001,c_02371,username_2371,2026-02-20T18:06:35Z,Design is… not for me. (delivery),negative
tweet_000001,c_02372,username_2372,2026-02-21T05:13:05Z,Concerned about safety and repairs. ⚠️,negative
tweet_000001,c_02373,username_2373,2026-02-20T09:35:08Z,Still too expensive for what it is. ⚠️,negative
tweet_000001,c_02374,username_2374,2026-02-21T21:24:59Z,This is awesome — Cybertruck looks like the future! 🚀 ⚡,positive
tweet_000001,c_02375,username_2375,2026-02-21T09:58:56Z,Concerned about safety and repairs. (efficiency),negative
tweet_000001,c_02376,username_2376,2026-02-20T15:47:39Z,The engineering is wild. Congrats to the team! (charging),positive
tweet_000001,c_02377,username_2377,2026-02-20T17:40:12Z,The engineering is wild. Congrats to the team!,positive
tweet_000001,c_02378,username_2378,2026-02-21T15:44:10Z,Design is… not for me. (range),negative
tweet_000001,c_02379,username_2379,2026-02-20T08:15:19Z,The engineering is wild. Congrats to the team! (delivery),positive
tweet_000001,c_02380,username_2380,2026-02-21T03:25:56Z,Concerned about safety and repairs. (price) 😒,negative
tweet_000001,c_02381,username_2381,2026-02-21T13:22:49Z,Design is… not for me.,negative
tweet_000001,c_02382,username_2382,2026-02-21T11:44:46Z,Not convinced this is practical day-to-day. (serviceability),negative
tweet_000001,c_02383,username_2383,2026-02-20T11:17:22Z,Limited-time offers feel gimmicky. (efficiency),negative
tweet_000001,c_02384,username_2384,2026-02-20T06:24:37Z,Design grows on you. The utility matters most. (features),positive
tweet_000001,c_02385,username_2385,2026-02-20T08:35:53Z,"Love the utilitarian focus. If specs hold, I'm in. (range)",positive
tweet_000001,c_02386,username_2386,2026-02-21T01:20:48Z,Interesting update. Any details on range and pricing? (towing),neutral
tweet_000001,c_02387,username_2387,2026-02-20T19:33:18Z,Take my money. (kidding… mostly) 😄 🔥,positive
tweet_000001,c_02388,username_2388,2026-02-20T22:13:35Z,When will deliveries start in more regions? (AWD),neutral
tweet_000001,c_02389,username_2389,2026-02-21T21:45:34Z,Not convinced this is practical day-to-day. (serviceability) 😕,negative
tweet_000001,c_02390,username_2390,2026-02-21T19:41:10Z,Feels like hype more than substance.,negative
tweet_000001,c_02391,username_2391,2026-02-22T00:49:00Z,This is awesome — Cybertruck looks like the future! 🚀 (software updates) ✅,positive
tweet_000001,c_02392,username_2392,2026-02-20T05:34:29Z,Finally! Can't wait to see these on the road. (suspension) ⚡,positive
tweet_000001,c_02393,username_2393,2026-02-20T05:47:19Z,The engineering is wild. Congrats to the team! (features),positive
tweet_000001,c_02394,username_2394,2026-02-21T21:40:08Z,This is awesome — Cybertruck looks like the future! 🚀 (price),positive
tweet_000001,c_02395,username_2395,2026-02-21T20:48:20Z,So many delays… what's different now?,negative
tweet_000001,c_02396,username_2396,2026-02-21T12:06:47Z,Finally! Can't wait to see these on the road. (range) 😄,positive
tweet_000001,c_02397,username_2397,2026-02-21T14:12:45Z,The engineering is wild. Congrats to the team!,positive
tweet_000001,c_02398,username_2398,2026-02-20T23:20:39Z,The engineering is wild. Congrats to the team! (range) 🔥,positive
tweet_000001,c_02399,username_2399,2026-02-21T16:08:53Z,Hope the build quality is solid.,neutral
tweet_000001,c_02400,username_2400,2026-02-20T02:34:03Z,What’s the estimated lead time? (software updates),neutral
tweet_000001,c_02401,username_2401,2026-02-20T10:22:10Z,Take my money. (kidding… mostly) 😄,positive
tweet_000001,c_02402,username_2402,2026-02-20T09:39:59Z,This could be great for work sites and towing. (serviceability),positive
tweet_000001,c_02403,username_2403,2026-02-21T04:01:32Z,Looks like Tesla is pushing boundaries again. (software updates),positive
tweet_000001,c_02404,username_2404,2026-02-20T18:35:34Z,The engineering is wild. Congrats to the team! (range) ⚡,positive
tweet_000001,c_02405,username_2405,2026-02-21T16:17:46Z,So many delays… what's different now? (features) 🙄,negative
tweet_000001,c_02406,username_2406,2026-02-20T05:23:31Z,When will deliveries start in more regions? (charging) 🤔,neutral
tweet_000001,c_02407,username_2407,2026-02-21T00:07:26Z,Looks like Tesla is pushing boundaries again.,positive
tweet_000001,c_02408,username_2408,2026-02-20T22:32:34Z,Finally! Can't wait to see these on the road.,positive
tweet_000001,c_02409,username_2409,2026-02-20T10:09:40Z,Limited-time offers feel gimmicky. (build quality) ⚠️,negative
tweet_000001,c_02410,username_2410,2026-02-20T17:17:26Z,How does this compare to the earlier announced configuration?,neutral
tweet_000001,c_02411,username_2411,2026-02-21T17:24:07Z,Specs keep changing — hard to plan. ⚠️,negative
tweet_000001,c_02412,username_2412,2026-02-21T00:28:06Z,I like the direction — keep iterating. (range) 😄,positive
tweet_000001,c_02413,username_2413,2026-02-21T22:31:59Z,How does this compare to the earlier announced configuration? (AWD),neutral
tweet_000001,c_02414,username_2414,2026-02-21T15:11:15Z,The engineering is wild. Congrats to the team! (build quality) ✅,positive
tweet_000001,c_02415,username_2415,2026-02-20T11:35:14Z,Interesting update. Any details on range and pricing?,neutral
tweet_000001,c_02416,username_2416,2026-02-22T00:34:29Z,Feels like hype more than substance. 😕,negative
tweet_000001,c_02417,username_2417,2026-02-20T20:55:57Z,AWD option is a big win. 🔥 (towing),positive
tweet_000001,c_02418,username_2418,2026-02-20T07:24:09Z,This is awesome — Cybertruck looks like the future! 🚀 (serviceability) 🚀,positive
tweet_000001,c_02419,username_2419,2026-02-21T05:06:33Z,Take my money. (kidding… mostly) 😄 (AWD) 🔥,positive
tweet_000001,c_02420,username_2420,2026-02-21T08:38:26Z,I like the direction — keep iterating. (towing) ✅,positive
tweet_000001,c_02421,username_2421,2026-02-20T03:08:33Z,Design grows on you. The utility matters most. ✅,positive
tweet_000001,c_02422,username_2422,2026-02-21T20:16:56Z,The engineering is wild. Congrats to the team! 🙌,positive
tweet_000001,c_02423,username_2423,2026-02-21T08:51:30Z,Concerned about safety and repairs.,negative
tweet_000001,c_02424,username_2424,2026-02-20T05:24:33Z,When will deliveries start in more regions? (suspension),neutral
tweet_000001,c_02425,username_2425,2026-02-20T22:10:45Z,I like the direction — keep iterating. (serviceability),positive
tweet_000001,c_02426,username_2426,2026-02-21T15:02:09Z,Specs keep changing — hard to plan. (software updates),negative
tweet_000001,c_02427,username_2427,2026-02-20T18:35:49Z,Finally! Can't wait to see these on the road. ⚡,positive
tweet_000001,c_02428,username_2428,2026-02-20T21:13:50Z,Limited-time offers feel gimmicky.,negative
tweet_000001,c_02429,username_2429,2026-02-20T22:47:28Z,Looks like Tesla is pushing boundaries again. (range),positive
tweet_000001,c_02430,username_2430,2026-02-21T03:35:16Z,Specs keep changing — hard to plan.,negative
tweet_000001,c_02431,username_2431,2026-02-21T21:31:23Z,Interesting update. Any details on range and pricing? (serviceability),neutral
tweet_000001,c_02432,username_2432,2026-02-20T20:30:41Z,I’ll believe it when I see consistent deliveries. (range),negative
tweet_000001,c_02433,username_2433,2026-02-21T11:12:54Z,Still too expensive for what it is.,negative
tweet_000001,c_02434,username_2434,2026-02-21T17:46:51Z,The engineering is wild. Congrats to the team! (serviceability),positive
tweet_000001,c_02435,username_2435,2026-02-20T21:22:48Z,So many delays… what's different now? (price),negative
tweet_000001,c_02436,username_2436,2026-02-20T20:02:14Z,AWD option is a big win. 🔥 (charging) ⚡,positive
tweet_000001,c_02437,username_2437,2026-02-20T13:57:22Z,Finally! Can't wait to see these on the road.,positive
tweet_000001,c_02438,username_2438,2026-02-20T18:11:33Z,"Love the utilitarian focus. If specs hold, I'm in. 🙌",positive
tweet_000001,c_02439,username_2439,2026-02-21T09:18:44Z,Hope the build quality is solid. (build quality),neutral
tweet_000001,c_02440,username_2440,2026-02-20T05:40:41Z,AWD option is a big win. 🔥 ✅,positive
tweet_000001,c_02441,username_2441,2026-02-21T16:36:13Z,Interesting update. Any details on range and pricing?,neutral
tweet_000001,c_02442,username_2442,2026-02-20T06:53:30Z,What’s the estimated lead time? (build quality) ℹ️,neutral
tweet_000001,c_02443,username_2443,2026-02-21T00:58:23Z,So many delays… what's different now? (efficiency),negative
tweet_000001,c_02444,username_2444,2026-02-21T23:59:26Z,Concerned about safety and repairs. ⚠️,negative
tweet_000001,c_02445,username_2445,2026-02-21T21:26:52Z,Looks like Tesla is pushing boundaries again. (software updates),positive
tweet_000001,c_02446,username_2446,2026-02-21T04:32:09Z,This could be great for work sites and towing. 🚀,positive
tweet_000001,c_02447,username_2447,2026-02-20T12:55:25Z,Looks like Tesla is pushing boundaries again. (delivery),positive
tweet_000001,c_02448,username_2448,2026-02-20T03:06:33Z,"Love the utilitarian focus. If specs hold, I'm in.",positive
tweet_000001,c_02449,username_2449,2026-02-21T14:26:42Z,I like the direction — keep iterating.,positive
tweet_000001,c_02450,username_2450,2026-02-20T16:53:46Z,Take my money. (kidding… mostly) 😄 ⚡,positive
tweet_000001,c_02451,username_2451,2026-02-20T12:10:41Z,Take my money. (kidding… mostly) 😄,positive
tweet_000001,c_02452,username_2452,2026-02-20T06:52:46Z,Design is… not for me. (serviceability),negative
tweet_000001,c_02453,username_2453,2026-02-21T07:41:37Z,What’s the estimated lead time?,neutral
tweet_000001,c_02454,username_2454,2026-02-21T15:40:48Z,This is awesome — Cybertruck looks like the future! 🚀,positive
tweet_000001,c_02455,username_2455,2026-02-21T15:08:22Z,How does this compare to the earlier announced configuration? (AWD),neutral
tweet_000001,c_02456,username_2456,2026-02-20T22:35:25Z,The engineering is wild. Congrats to the team! (features),positive
tweet_000001,c_02457,username_2457,2026-02-21T03:36:26Z,The engineering is wild. Congrats to the team! (suspension),positive
tweet_000001,c_02458,username_2458,2026-02-20T18:48:08Z,How does this compare to the earlier announced configuration?,neutral
tweet_000001,c_02459,username_2459,2026-02-21T03:36:04Z,When will deliveries start in more regions? (build quality) 🧐,neutral
tweet_000001,c_02460,username_2460,2026-02-22T00:49:26Z,This could be great for work sites and towing.,positive
tweet_000001,c_02461,username_2461,2026-02-21T07:44:59Z,Design is… not for me. (delivery),negative
tweet_000001,c_02462,username_2462,2026-02-20T19:05:10Z,Concerned about safety and repairs.,negative
tweet_000001,c_02463,username_2463,2026-02-21T21:20:40Z,Is the limited-time offer available everywhere?,neutral
tweet_000001,c_02464,username_2464,2026-02-20T09:50:23Z,When will deliveries start in more regions? (build quality),neutral
tweet_000001,c_02465,username_2465,2026-02-21T19:11:38Z,How does this compare to the earlier announced configuration?,neutral
tweet_000001,c_02466,username_2466,2026-02-20T14:21:03Z,This could be great for work sites and towing. (price),positive
tweet_000001,c_02467,username_2467,2026-02-21T17:37:59Z,This could be great for work sites and towing. 🚀,positive
tweet_000001,c_02468,username_2468,2026-02-21T08:39:54Z,This is awesome — Cybertruck looks like the future! 🚀,positive
tweet_000001,c_02469,username_2469,2026-02-20T10:53:22Z,What’s the estimated lead time?,neutral
tweet_000001,c_02470,username_2470,2026-02-21T08:00:18Z,Waiting for real-world reviews. (suspension),neutral
tweet_000001,c_02471,username_2471,2026-02-20T22:36:50Z,"Love the utilitarian focus. If specs hold, I'm in. (stainless steel)",positive
tweet_000001,c_02472,username_2472,2026-02-21T22:09:05Z,Limited-time offers feel gimmicky. ⚠️,negative
tweet_000001,c_02473,username_2473,2026-02-21T09:56:15Z,Concerned about safety and repairs.,negative
tweet_000001,c_02474,username_2474,2026-02-21T08:58:33Z,Specs keep changing — hard to plan.,negative
tweet_000001,c_02475,username_2475,2026-02-20T14:36:30Z,Hope the build quality is solid.,neutral
tweet_000001,c_02476,username_2476,2026-02-20T07:21:04Z,I’ll believe it when I see consistent deliveries.,negative
tweet_000001,c_02477,username_2477,2026-02-21T04:11:00Z,This could be great for work sites and towing. (charging) ⚡,positive
tweet_000001,c_02478,username_2478,2026-02-21T20:04:21Z,Specs keep changing — hard to plan. ⚠️,negative
tweet_000001,c_02479,username_2479,2026-02-21T13:10:13Z,Looks like Tesla is pushing boundaries again. (build quality),positive
tweet_000001,c_02480,username_2480,2026-02-21T19:28:18Z,Not convinced this is practical day-to-day.,negative
tweet_000001,c_02481,username_2481,2026-02-21T00:45:20Z,Take my money. (kidding… mostly) 😄 (delivery),positive
tweet_000001,c_02482,username_2482,2026-02-20T04:18:12Z,Design is… not for me. (towing),negative
tweet_000001,c_02483,username_2483,2026-02-21T22:04:03Z,This rollout has been messy. (towing) ⚠️,negative
tweet_000001,c_02484,username_2484,2026-02-20T21:11:27Z,This could be great for work sites and towing. (delivery) ✅,positive
tweet_000001,c_02485,username_2485,2026-02-21T21:23:23Z,When will deliveries start in more regions?,neutral
tweet_000001,c_02486,username_2486,2026-02-20T11:31:03Z,Limited-time offers feel gimmicky. (build quality),negative
tweet_000001,c_02487,username_2487,2026-02-20T03:14:29Z,Hope the build quality is solid.,neutral
tweet_000001,c_02488,username_2488,2026-02-21T16:33:33Z,Not convinced this is practical day-to-day. 😕,negative
tweet_000001,c_02489,username_2489,2026-02-21T04:09:32Z,Do we have confirmed specs yet? (serviceability),neutral
tweet_000001,c_02490,username_2490,2026-02-21T09:38:28Z,I like the direction — keep iterating. (charging) 🚀,positive
tweet_000001,c_02491,username_2491,2026-02-20T09:59:01Z,This could be great for work sites and towing.,positive
tweet_000001,c_02492,username_2492,2026-02-20T07:34:30Z,Finally! Can't wait to see these on the road.,positive
tweet_000001,c_02493,username_2493,2026-02-20T09:43:49Z,This rollout has been messy.,negative
tweet_000001,c_02494,username_2494,2026-02-20T17:26:51Z,"Love the utilitarian focus. If specs hold, I'm in. (build quality) 😄",positive
tweet_000001,c_02495,username_2495,2026-02-21T23:10:14Z,What’s the estimated lead time? 🧐,neutral
tweet_000001,c_02496,username_2496,2026-02-20T04:02:35Z,Will there be different trims later? (suspension),neutral
tweet_000001,c_02497,username_2497,2026-02-21T00:22:17Z,Do we have confirmed specs yet?,neutral
tweet_000001,c_02498,username_2498,2026-02-21T22:50:23Z,Still too expensive for what it is.,negative
tweet_000001,c_02499,username_2499,2026-02-20T19:09:24Z,I’ll believe it when I see consistent deliveries. (AWD),negative
tweet_000001,c_02500,username_2500,2026-02-20T20:34:03Z,This could be great for work sites and towing. (delivery),positive
tweet_000001,c_02501,username_2501,2026-02-20T21:49:41Z,I’ll believe it when I see consistent deliveries. (price),negative
tweet_000001,c_02502,username_2502,2026-02-20T16:50:48Z,Still too expensive for what it is. (charging),negative
tweet_000001,c_02503,username_2503,2026-02-20T16:26:09Z,Curious about charging speed on 800V. (suspension) 📅,neutral
tweet_000001,c_02504,username_2504,2026-02-21T23:11:59Z,So many delays… what's different now? (stainless steel),negative
tweet_000001,c_02505,username_2505,2026-02-22T01:05:13Z,Finally! Can't wait to see these on the road.,positive
tweet_000001,c_02506,username_2506,2026-02-20T22:31:16Z,This could be great for work sites and towing. (efficiency) ✅,positive
tweet_000001,c_02507,username_2507,2026-02-21T16:49:12Z,Feels like hype more than substance. (AWD) ⚠️,negative
tweet_000001,c_02508,username_2508,2026-02-21T07:48:14Z,This could be great for work sites and towing. (efficiency),positive
tweet_000001,c_02509,username_2509,2026-02-20T14:04:48Z,Feels like hype more than substance.,negative
tweet_000001,c_02510,username_2510,2026-02-21T02:33:35Z,Concerned about safety and repairs.,negative
tweet_000001,c_02511,username_2511,2026-02-21T12:28:29Z,This could be great for work sites and towing.,positive
tweet_000001,c_02512,username_2512,2026-02-20T03:21:32Z,Specs keep changing — hard to plan. (AWD),negative
tweet_000001,c_02513,username_2513,2026-02-21T07:01:58Z,This is awesome — Cybertruck looks like the future! 🚀 (stainless steel) ✅,positive
tweet_000001,c_02514,username_2514,2026-02-21T07:11:41Z,Will there be different trims later?,neutral
tweet_000001,c_02515,username_2515,2026-02-20T20:14:00Z,Interesting update. Any details on range and pricing? (suspension) 🤔,neutral
tweet_000001,c_02516,username_2516,2026-02-20T23:42:54Z,Feels like hype more than substance. (serviceability),negative
tweet_000001,c_02517,username_2517,2026-02-21T16:16:52Z,The engineering is wild. Congrats to the team! 🙌,positive
tweet_000001,c_02518,username_2518,2026-02-21T21:43:24Z,Waiting for real-world reviews. (build quality) 🤔,neutral
tweet_000001,c_02519,username_2519,2026-02-21T04:51:41Z,Limited-time offers feel gimmicky. ⚠️,negative
tweet_000001,c_02520,username_2520,2026-02-21T17:30:37Z,Limited-time offers feel gimmicky.,negative
tweet_000001,c_02521,username_2521,2026-02-21T03:37:01Z,Not convinced this is practical day-to-day. (delivery),negative
tweet_000001,c_02522,username_2522,2026-02-21T06:03:04Z,The engineering is wild. Congrats to the team! (delivery),positive
tweet_000001,c_02523,username_2523,2026-02-21T01:23:21Z,Take my money. (kidding… mostly) 😄 (suspension) 🚀,positive
tweet_000001,c_02524,username_2524,2026-02-20T03:52:36Z,This is awesome — Cybertruck looks like the future! 🚀,positive
tweet_000001,c_02525,username_2525,2026-02-21T13:46:05Z,Concerned about safety and repairs. ⚠️,negative
tweet_000001,c_02526,username_2526,2026-02-20T23:12:07Z,This is awesome — Cybertruck looks like the future! 🚀 (features),positive
tweet_000001,c_02527,username_2527,2026-02-20T03:42:34Z,AWD option is a big win. 🔥,positive
tweet_000001,c_02528,username_2528,2026-02-21T04:45:52Z,Concerned about safety and repairs. (suspension),negative
tweet_000001,c_02529,username_2529,2026-02-20T07:26:00Z,"Love the utilitarian focus. If specs hold, I'm in. (suspension)",positive
tweet_000001,c_02530,username_2530,2026-02-21T07:29:49Z,Still too expensive for what it is. (build quality),negative
tweet_000001,c_02531,username_2531,2026-02-20T12:18:25Z,Limited-time offers feel gimmicky.,negative
tweet_000001,c_02532,username_2532,2026-02-20T15:23:50Z,So many delays… what's different now?,negative
tweet_000001,c_02533,username_2533,2026-02-21T08:12:31Z,I like the direction — keep iterating. 😄,positive
tweet_000001,c_02534,username_2534,2026-02-20T16:00:27Z,"Love the utilitarian focus. If specs hold, I'm in. (efficiency)",positive
tweet_000001,c_02535,username_2535,2026-02-21T04:40:18Z,Specs keep changing — hard to plan. (AWD),negative
tweet_000001,c_02536,username_2536,2026-02-21T18:06:01Z,Specs keep changing — hard to plan. (suspension),negative
tweet_000001,c_02537,username_2537,2026-02-20T19:03:44Z,Concerned about safety and repairs. (charging),negative
tweet_000001,c_02538,username_2538,2026-02-21T04:23:30Z,I like the direction — keep iterating.,positive
tweet_000001,c_02539,username_2539,2026-02-21T19:19:47Z,Still too expensive for what it is. (AWD),negative
tweet_000001,c_02540,username_2540,2026-02-21T11:58:11Z,So many delays… what's different now? (towing) 😕,negative
tweet_000001,c_02541,username_2541,2026-02-20T08:11:45Z,Not convinced this is practical day-to-day. (charging),negative
tweet_000001,c_02542,username_2542,2026-02-20T07:21:30Z,I’ll believe it when I see consistent deliveries. (charging),negative
tweet_000001,c_02543,username_2543,2026-02-21T18:30:41Z,Design is… not for me. (charging) ⚠️,negative
tweet_000001,c_02544,username_2544,2026-02-21T01:51:10Z,Curious about charging speed on 800V. (suspension),neutral
tweet_000001,c_02545,username_2545,2026-02-21T06:51:10Z,This is awesome — Cybertruck looks like the future! 🚀 (AWD),positive
tweet_000001,c_02546,username_2546,2026-02-21T12:50:16Z,What’s the estimated lead time? (efficiency) 📅,neutral
tweet_000001,c_02547,username_2547,2026-02-21T12:25:14Z,I like the direction — keep iterating. (suspension),positive
tweet_000001,c_02548,username_2548,2026-02-20T07:10:47Z,"Love the utilitarian focus. If specs hold, I'm in. (price) 🚀",positive
tweet_000001,c_02549,username_2549,2026-02-20T13:03:11Z,I like the direction — keep iterating. 😄,positive
tweet_000001,c_02550,username_2550,2026-02-20T09:31:36Z,This is awesome — Cybertruck looks like the future! 🚀,positive
tweet_000001,c_02551,username_2551,2026-02-21T22:50:45Z,I like the direction — keep iterating. (suspension),positive
tweet_000001,c_02552,username_2552,2026-02-21T07:41:54Z,Take my money. (kidding… mostly) 😄 (price),positive
tweet_000001,c_02553,username_2553,2026-02-20T22:40:28Z,Specs keep changing — hard to plan. (serviceability),negative
tweet_000001,c_02554,username_2554,2026-02-21T18:18:19Z,I’ll believe it when I see consistent deliveries. (build quality),negative
tweet_000001,c_02555,username_2555,2026-02-21T21:57:36Z,Looks like Tesla is pushing boundaries again. (towing),positive
tweet_000001,c_02556,username_2556,2026-02-20T16:35:12Z,This rollout has been messy.,negative
tweet_000001,c_02557,username_2557,2026-02-20T11:06:18Z,Curious about charging speed on 800V. (charging) 📅,neutral
tweet_000001,c_02558,username_2558,2026-02-20T14:18:02Z,Finally! Can't wait to see these on the road. (range) 🔥,positive
tweet_000001,c_02559,username_2559,2026-02-20T15:45:36Z,"Love the utilitarian focus. If specs hold, I'm in. (stainless steel) 🙌",positive
tweet_000001,c_02560,username_2560,2026-02-21T11:22:45Z,Hope the build quality is solid. (stainless steel),neutral
tweet_000001,c_02561,username_2561,2026-02-20T17:42:32Z,This rollout has been messy.,negative
tweet_000001,c_02562,username_2562,2026-02-20T21:14:39Z,Specs keep changing — hard to plan.,negative
tweet_000001,c_02563,username_2563,2026-02-21T19:48:34Z,AWD option is a big win. 🔥 (features),positive
tweet_000001,c_02564,username_2564,2026-02-20T19:48:01Z,I like the direction — keep iterating. (efficiency) 🙌,positive
tweet_000001,c_02565,username_2565,2026-02-20T12:20:56Z,"Love the utilitarian focus. If specs hold, I'm in. ✅",positive
tweet_000001,c_02566,username_2566,2026-02-21T18:17:40Z,"Love the utilitarian focus. If specs hold, I'm in. (build quality)",positive
tweet_000001,c_02567,username_2567,2026-02-21T05:08:07Z,Looks like Tesla is pushing boundaries again. (serviceability),positive
tweet_000001,c_02568,username_2568,2026-02-21T22:05:51Z,This could be great for work sites and towing. (range),positive
tweet_000001,c_02569,username_2569,2026-02-20T17:00:39Z,Limited-time offers feel gimmicky.,negative
tweet_000001,c_02570,username_2570,2026-02-20T11:41:13Z,I’ll believe it when I see consistent deliveries. (range) 😕,negative
tweet_000001,c_02571,username_2571,2026-02-20T11:13:27Z,I like the direction — keep iterating.,positive
tweet_000001,c_02572,username_2572,2026-02-21T11:35:50Z,This rollout has been messy. (features) 😒,negative
tweet_000001,c_02573,username_2573,2026-02-21T05:53:07Z,Take my money. (kidding… mostly) 😄,positive
tweet_000001,c_02574,username_2574,2026-02-21T03:05:58Z,Is the limited-time offer available everywhere?,neutral
tweet_000001,c_02575,username_2575,2026-02-20T06:56:39Z,Design grows on you. The utility matters most.,positive
tweet_000001,c_02576,username_2576,2026-02-21T23:23:58Z,Is the limited-time offer available everywhere?,neutral
tweet_000001,c_02577,username_2577,2026-02-21T18:03:48Z,Feels like hype more than substance. (features) 😕,negative
tweet_000001,c_02578,username_2578,2026-02-21T17:52:31Z,Will there be different trims later? 🧐,neutral
tweet_000001,c_02579,username_2579,2026-02-21T11:11:18Z,Looks like Tesla is pushing boundaries again. 🙌,positive
tweet_000001,c_02580,username_2580,2026-02-20T15:09:25Z,Will there be different trims later? (suspension),neutral
tweet_000001,c_02581,username_2581,2026-02-20T15:30:37Z,This could be great for work sites and towing. (AWD) ✅,positive
tweet_000001,c_02582,username_2582,2026-02-21T01:10:01Z,Limited-time offers feel gimmicky.,negative
tweet_000001,c_02583,username_2583,2026-02-21T13:51:44Z,Interesting update. Any details on range and pricing? 🧐,neutral
tweet_000001,c_02584,username_2584,2026-02-21T23:58:31Z,This could be great for work sites and towing. (suspension),positive
tweet_000001,c_02585,username_2585,2026-02-20T21:12:53Z,Interesting update. Any details on range and pricing?,neutral
tweet_000001,c_02586,username_2586,2026-02-21T11:31:59Z,Hope the build quality is solid.,neutral
tweet_000001,c_02587,username_2587,2026-02-21T11:43:31Z,I like the direction — keep iterating. 🚀,positive
tweet_000001,c_02588,username_2588,2026-02-21T21:52:53Z,I’ll believe it when I see consistent deliveries. 🙄,negative
tweet_000001,c_02589,username_2589,2026-02-20T07:16:51Z,Take my money. (kidding… mostly) 😄 😄,positive
tweet_000001,c_02590,username_2590,2026-02-21T23:40:11Z,Still too expensive for what it is. (build quality) 🙄,negative
tweet_000001,c_02591,username_2591,2026-02-22T00:57:11Z,So many delays… what's different now? ⚠️,negative
tweet_000001,c_02592,username_2592,2026-02-20T13:34:18Z,So many delays… what's different now?,negative
tweet_000001,c_02593,username_2593,2026-02-20T02:16:54Z,Will there be different trims later? (efficiency),neutral
tweet_000001,c_02594,username_2594,2026-02-20T05:58:47Z,Do we have confirmed specs yet?,neutral
tweet_000001,c_02595,username_2595,2026-02-20T20:39:57Z,"Love the utilitarian focus. If specs hold, I'm in. (range) 🔥",positive
tweet_000001,c_02596,username_2596,2026-02-21T14:03:24Z,Concerned about safety and repairs. (suspension),negative
tweet_000001,c_02597,username_2597,2026-02-20T01:29:05Z,AWD option is a big win. 🔥 (stainless steel) 😄,positive
tweet_000001,c_02598,username_2598,2026-02-21T18:37:23Z,When will deliveries start in more regions? (charging) 🤔,neutral
tweet_000001,c_02599,username_2599,2026-02-20T14:32:21Z,"Love the utilitarian focus. If specs hold, I'm in. (serviceability)",positive
tweet_000001,c_02600,username_2600,2026-02-20T02:42:51Z,Finally! Can't wait to see these on the road. ✅,positive
tweet_000001,c_02601,username_2601,2026-02-21T10:46:17Z,When will deliveries start in more regions?,neutral
tweet_000001,c_02602,username_2602,2026-02-20T23:39:43Z,The engineering is wild. Congrats to the team!,positive
tweet_000001,c_02603,username_2603,2026-02-20T23:51:32Z,Still too expensive for what it is. (towing) 🙄,negative
tweet_000001,c_02604,username_2604,2026-02-21T18:23:41Z,Looks like Tesla is pushing boundaries again. (AWD) 🔥,positive
tweet_000001,c_02605,username_2605,2026-02-20T14:08:48Z,AWD option is a big win. 🔥 (charging) 😄,positive
tweet_000001,c_02606,username_2606,2026-02-21T03:06:41Z,Hope the build quality is solid. (features),neutral
tweet_000001,c_02607,username_2607,2026-02-21T09:59:39Z,Finally! Can't wait to see these on the road. (serviceability) 🙌,positive
tweet_000001,c_02608,username_2608,2026-02-21T18:39:44Z,The engineering is wild. Congrats to the team!,positive
tweet_000001,c_02609,username_2609,2026-02-22T00:17:27Z,Specs keep changing — hard to plan. (suspension),negative
tweet_000001,c_02610,username_2610,2026-02-21T17:25:01Z,AWD option is a big win. 🔥 (features) 🔥,positive
tweet_000001,c_02611,username_2611,2026-02-21T11:18:21Z,Specs keep changing — hard to plan. (price),negative
tweet_000001,c_02612,username_2612,2026-02-21T23:12:22Z,Finally! Can't wait to see these on the road. (charging),positive
tweet_000001,c_02613,username_2613,2026-02-21T04:21:31Z,Design grows on you. The utility matters most. (serviceability),positive
tweet_000001,c_02614,username_2614,2026-02-21T00:43:27Z,Limited-time offers feel gimmicky.,negative
tweet_000001,c_02615,username_2615,2026-02-20T01:49:30Z,Finally! Can't wait to see these on the road. (stainless steel) 🚀,positive
tweet_000001,c_02616,username_2616,2026-02-20T14:52:30Z,Looks like Tesla is pushing boundaries again. (charging),positive
tweet_000001,c_02617,username_2617,2026-02-20T02:50:01Z,This could be great for work sites and towing.,positive
tweet_000001,c_02618,username_2618,2026-02-21T19:11:25Z,Take my money. (kidding… mostly) 😄,positive
tweet_000001,c_02619,username_2619,2026-02-20T18:59:15Z,Specs keep changing — hard to plan.,negative
tweet_000001,c_02620,username_2620,2026-02-21T12:23:19Z,Take my money. (kidding… mostly) 😄 (AWD),positive
tweet_000001,c_02621,username_2621,2026-02-21T14:09:56Z,Limited-time offers feel gimmicky. (features) 😒,negative
tweet_000001,c_02622,username_2622,2026-02-21T06:25:54Z,So many delays… what's different now? (build quality) ⚠️,negative
tweet_000001,c_02623,username_2623,2026-02-21T20:42:40Z,I like the direction — keep iterating. (serviceability),positive
tweet_000001,c_02624,username_2624,2026-02-20T10:42:30Z,This rollout has been messy. 😕,negative
tweet_000001,c_02625,username_2625,2026-02-20T23:46:14Z,Finally! Can't wait to see these on the road.,positive
tweet_000001,c_02626,username_2626,2026-02-20T13:17:23Z,Feels like hype more than substance. (delivery) 🙄,negative
tweet_000001,c_02627,username_2627,2026-02-20T23:11:19Z,AWD option is a big win. 🔥 (AWD),positive
tweet_000001,c_02628,username_2628,2026-02-21T09:02:18Z,Limited-time offers feel gimmicky. 😒,negative
tweet_000001,c_02629,username_2629,2026-02-21T04:30:09Z,Interesting update. Any details on range and pricing? (stainless steel) 📅,neutral
tweet_000001,c_02630,username_2630,2026-02-20T16:43:23Z,This could be great for work sites and towing.,positive
tweet_000001,c_02631,username_2631,2026-02-20T18:55:33Z,When will deliveries start in more regions? (stainless steel),neutral
tweet_000001,c_02632,username_2632,2026-02-20T10:58:23Z,Concerned about safety and repairs.,negative
tweet_000001,c_02633,username_2633,2026-02-21T08:10:04Z,Design grows on you. The utility matters most. (price) ⚡,positive
tweet_000001,c_02634,username_2634,2026-02-21T19:57:08Z,This is awesome — Cybertruck looks like the future! 🚀 (serviceability) 🔥,positive
tweet_000001,c_02635,username_2635,2026-02-21T04:07:45Z,This rollout has been messy. (range),negative
tweet_000001,c_02636,username_2636,2026-02-21T06:14:40Z,Limited-time offers feel gimmicky. 🙄,negative
tweet_000001,c_02637,username_2637,2026-02-20T04:28:19Z,Design is… not for me. (price) 🙄,negative
tweet_000001,c_02638,username_2638,2026-02-21T08:14:57Z,I’ll believe it when I see consistent deliveries. (software updates),negative
tweet_000001,c_02639,username_2639,2026-02-21T12:15:00Z,Still too expensive for what it is. (software updates) 🤦,negative
tweet_000001,c_02640,username_2640,2026-02-21T14:55:19Z,Limited-time offers feel gimmicky. (price) 😕,negative
tweet_000001,c_02641,username_2641,2026-02-22T01:00:32Z,Take my money. (kidding… mostly) 😄 ✅,positive
tweet_000001,c_02642,username_2642,2026-02-20T10:37:28Z,Design grows on you. The utility matters most. (efficiency),positive
tweet_000001,c_02643,username_2643,2026-02-21T12:38:58Z,Concerned about safety and repairs. (range) ⚠️,negative
tweet_000001,c_02644,username_2644,2026-02-21T23:25:30Z,When will deliveries start in more regions?,neutral
tweet_000001,c_02645,username_2645,2026-02-21T10:02:15Z,I like the direction — keep iterating. (charging),positive
tweet_000001,c_02646,username_2646,2026-02-21T16:12:33Z,Looks like Tesla is pushing boundaries again. (delivery),positive
tweet_000001,c_02647,username_2647,2026-02-21T15:58:05Z,Concerned about safety and repairs. 😕,negative
tweet_000001,c_02648,username_2648,2026-02-21T01:47:52Z,Hope the build quality is solid. (build quality),neutral
tweet_000001,c_02649,username_2649,2026-02-21T10:22:52Z,Take my money. (kidding… mostly) 😄 (towing) 😄,positive
tweet_000001,c_02650,username_2650,2026-02-21T10:45:51Z,Waiting for real-world reviews. (serviceability),neutral
tweet_000001,c_02651,username_2651,2026-02-20T19:37:25Z,Take my money. (kidding… mostly) 😄 (towing),positive
tweet_000001,c_02652,username_2652,2026-02-20T02:57:48Z,I like the direction — keep iterating. (towing) 🚀,positive
tweet_000001,c_02653,username_2653,2026-02-21T09:46:58Z,Looks like Tesla is pushing boundaries again. (range),positive
tweet_000001,c_02654,username_2654,2026-02-21T03:15:49Z,This is awesome — Cybertruck looks like the future! 🚀 (software updates) 🚀,positive
tweet_000001,c_02655,username_2655,2026-02-21T16:12:23Z,Limited-time offers feel gimmicky. (delivery),negative
tweet_000001,c_02656,username_2656,2026-02-21T08:38:30Z,AWD option is a big win. 🔥 (charging),positive
tweet_000001,c_02657,username_2657,2026-02-20T19:01:29Z,Not convinced this is practical day-to-day. (range) ⚠️,negative
tweet_000001,c_02658,username_2658,2026-02-20T04:02:16Z,I’ll believe it when I see consistent deliveries.,negative
tweet_000001,c_02659,username_2659,2026-02-20T08:36:48Z,Take my money. (kidding… mostly) 😄 (suspension) ⚡,positive
tweet_000001,c_02660,username_2660,2026-02-20T23:14:23Z,Concerned about safety and repairs. (delivery),negative
tweet_000001,c_02661,username_2661,2026-02-20T19:57:13Z,When will deliveries start in more regions?,neutral
tweet_000001,c_02662,username_2662,2026-02-20T09:43:40Z,Design is… not for me. (towing),negative
tweet_000001,c_02663,username_2663,2026-02-21T16:30:36Z,The engineering is wild. Congrats to the team! 🙌,positive
tweet_000001,c_02664,username_2664,2026-02-21T11:41:12Z,Design is… not for me.,negative
tweet_000001,c_02665,username_2665,2026-02-20T14:46:23Z,Is the limited-time offer available everywhere? (range),neutral
tweet_000001,c_02666,username_2666,2026-02-20T14:26:56Z,AWD option is a big win. 🔥 (software updates) 😄,positive
tweet_000001,c_02667,username_2667,2026-02-22T01:06:24Z,Finally! Can't wait to see these on the road. (charging),positive
tweet_000001,c_02668,username_2668,2026-02-21T23:28:43Z,This rollout has been messy. (AWD) ⚠️,negative
tweet_000001,c_02669,username_2669,2026-02-20T17:20:48Z,Limited-time offers feel gimmicky.,negative
tweet_000001,c_02670,username_2670,2026-02-21T21:37:08Z,This could be great for work sites and towing. (efficiency),positive
tweet_000001,c_02671,username_2671,2026-02-21T16:40:39Z,Will there be different trims later? (build quality) 🧐,neutral
tweet_000001,c_02672,username_2672,2026-02-21T00:31:32Z,Looks like Tesla is pushing boundaries again. ⚡,positive
tweet_000001,c_02673,username_2673,2026-02-21T13:35:03Z,Design is… not for me. (delivery),negative
tweet_000001,c_02674,username_2674,2026-02-20T19:52:08Z,Take my money. (kidding… mostly) 😄 (serviceability),positive
tweet_000001,c_02675,username_2675,2026-02-21T23:13:33Z,Feels like hype more than substance. (stainless steel) 😒,negative
tweet_000001,c_02676,username_2676,2026-02-21T04:08:01Z,AWD option is a big win. 🔥 (stainless steel),positive
tweet_000001,c_02677,username_2677,2026-02-21T11:17:00Z,This is awesome — Cybertruck looks like the future! 🚀 (serviceability) ✅,positive
tweet_000001,c_02678,username_2678,2026-02-21T18:23:03Z,Take my money. (kidding… mostly) 😄 (features) ✅,positive
tweet_000001,c_02679,username_2679,2026-02-21T17:46:07Z,This could be great for work sites and towing. 🙌,positive
tweet_000001,c_02680,username_2680,2026-02-20T10:50:23Z,Will there be different trims later?,neutral
tweet_000001,c_02681,username_2681,2026-02-20T08:18:42Z,Take my money. (kidding… mostly) 😄 (price),positive
tweet_000001,c_02682,username_2682,2026-02-20T14:15:24Z,I’ll believe it when I see consistent deliveries.,negative
tweet_000001,c_02683,username_2683,2026-02-21T06:27:30Z,I like the direction — keep iterating. (features) 🙌,positive
tweet_000001,c_02684,username_2684,2026-02-20T21:33:26Z,Looks like Tesla is pushing boundaries again.,positive
tweet_000001,c_02685,username_2685,2026-02-21T23:21:09Z,Looks like Tesla is pushing boundaries again. (build quality) 😄,positive
tweet_000001,c_02686,username_2686,2026-02-21T13:16:57Z,This could be great for work sites and towing. (charging) 🔥,positive
tweet_000001,c_02687,username_2687,2026-02-21T06:22:51Z,AWD option is a big win. 🔥 (stainless steel),positive
tweet_000001,c_02688,username_2688,2026-02-22T01:01:56Z,Finally! Can't wait to see these on the road. 🙌,positive
tweet_000001,c_02689,username_2689,2026-02-22T00:48:27Z,Will there be different trims later?,neutral
tweet_000001,c_02690,username_2690,2026-02-21T23:35:32Z,This is awesome — Cybertruck looks like the future! 🚀 🙌,positive
tweet_000001,c_02691,username_2691,2026-02-21T13:54:13Z,When will deliveries start in more regions? (suspension),neutral
tweet_000001,c_02692,username_2692,2026-02-20T02:54:45Z,Waiting for real-world reviews. 📅,neutral
tweet_000001,c_02693,username_2693,2026-02-20T07:52:26Z,Looks like Tesla is pushing boundaries again. (serviceability),positive
tweet_000001,c_02694,username_2694,2026-02-22T00:52:52Z,Will there be different trims later? (AWD),neutral
tweet_000001,c_02695,username_2695,2026-02-20T13:00:04Z,Feels like hype more than substance. (AWD) 🙄,negative
tweet_000001,c_02696,username_2696,2026-02-21T00:45:00Z,Curious about charging speed on 800V. (range) 📅,neutral
tweet_000001,c_02697,username_2697,2026-02-21T10:41:14Z,Design is… not for me.,negative
tweet_000001,c_02698,username_2698,2026-02-20T18:51:48Z,Finally! Can't wait to see these on the road.,positive
tweet_000001,c_02699,username_2699,2026-02-20T09:20:39Z,So many delays… what's different now?,negative
tweet_000001,c_02700,username_2700,2026-02-20T12:50:50Z,Design is… not for me. (price) 😕,negative
tweet_000001,c_02701,username_2701,2026-02-21T06:50:21Z,What’s the estimated lead time?,neutral
tweet_000001,c_02702,username_2702,2026-02-20T06:22:25Z,Concerned about safety and repairs.,negative
tweet_000001,c_02703,username_2703,2026-02-21T16:22:40Z,"Love the utilitarian focus. If specs hold, I'm in.",positive
tweet_000001,c_02704,username_2704,2026-02-21T16:08:49Z,This is awesome — Cybertruck looks like the future! 🚀 (suspension) 😄,positive
tweet_000001,c_02705,username_2705,2026-02-20T04:09:21Z,This rollout has been messy. (build quality),negative
tweet_000001,c_02706,username_2706,2026-02-21T09:17:35Z,Concerned about safety and repairs. ⚠️,negative
tweet_000001,c_02707,username_2707,2026-02-21T19:28:14Z,"Love the utilitarian focus. If specs hold, I'm in. ⚡",positive
tweet_000001,c_02708,username_2708,2026-02-21T01:59:45Z,Finally! Can't wait to see these on the road.,positive
tweet_000001,c_02709,username_2709,2026-02-20T16:32:52Z,AWD option is a big win. 🔥 (efficiency),positive
tweet_000001,c_02710,username_2710,2026-02-21T10:37:05Z,This could be great for work sites and towing.,positive
tweet_000001,c_02711,username_2711,2026-02-21T02:11:09Z,Specs keep changing — hard to plan. 🤦,negative
tweet_000001,c_02712,username_2712,2026-02-20T20:01:52Z,Hope the build quality is solid. (range),neutral
tweet_000001,c_02713,username_2713,2026-02-20T12:01:43Z,I like the direction — keep iterating. (AWD),positive
tweet_000001,c_02714,username_2714,2026-02-21T18:17:08Z,Looks like Tesla is pushing boundaries again. ⚡,positive
tweet_000001,c_02715,username_2715,2026-02-20T12:46:38Z,Design grows on you. The utility matters most.,positive
tweet_000001,c_02716,username_2716,2026-02-21T09:16:47Z,AWD option is a big win. 🔥 (features),positive
tweet_000001,c_02717,username_2717,2026-02-20T11:55:10Z,Hope the build quality is solid. (software updates) ℹ️,neutral
tweet_000001,c_02718,username_2718,2026-02-20T03:17:21Z,Design is… not for me. (delivery),negative
tweet_000001,c_02719,username_2719,2026-02-20T20:08:25Z,This rollout has been messy.,negative
tweet_000001,c_02720,username_2720,2026-02-21T14:53:00Z,Take my money. (kidding… mostly) 😄 (delivery),positive
tweet_000001,c_02721,username_2721,2026-02-22T00:08:01Z,I’ll believe it when I see consistent deliveries. (build quality) ⚠️,negative
tweet_000001,c_02722,username_2722,2026-02-21T04:46:24Z,Feels like hype more than substance.,negative
tweet_000001,c_02723,username_2723,2026-02-21T12:21:07Z,I’ll believe it when I see consistent deliveries. (software updates) 😕,negative
tweet_000001,c_02724,username_2724,2026-02-21T02:10:49Z,Do we have confirmed specs yet? (AWD) 🤔,neutral
tweet_000001,c_02725,username_2725,2026-02-22T00:34:52Z,The engineering is wild. Congrats to the team! (charging),positive
tweet_000001,c_02726,username_2726,2026-02-21T23:45:14Z,This is awesome — Cybertruck looks like the future! 🚀,positive
tweet_000001,c_02727,username_2727,2026-02-21T15:24:54Z,The engineering is wild. Congrats to the team! 🚀,positive
tweet_000001,c_02728,username_2728,2026-02-21T06:16:02Z,"Love the utilitarian focus. If specs hold, I'm in.",positive
tweet_000001,c_02729,username_2729,2026-02-20T21:01:05Z,I like the direction — keep iterating.,positive
tweet_000001,c_02730,username_2730,2026-02-21T16:24:22Z,When will deliveries start in more regions? ℹ️,neutral
tweet_000001,c_02731,username_2731,2026-02-20T19:04:04Z,Specs keep changing — hard to plan. 🙄,negative
tweet_000001,c_02732,username_2732,2026-02-20T17:52:37Z,How does this compare to the earlier announced configuration? (serviceability) 🧐,neutral
tweet_000001,c_02733,username_2733,2026-02-20T07:54:09Z,The engineering is wild. Congrats to the team!,positive
tweet_000001,c_02734,username_2734,2026-02-20T10:54:06Z,Not convinced this is practical day-to-day. (AWD) 😒,negative
tweet_000001,c_02735,username_2735,2026-02-21T19:34:36Z,Feels like hype more than substance. (build quality),negative
tweet_000001,c_02736,username_2736,2026-02-20T04:58:11Z,This rollout has been messy. 🤦,negative
tweet_000001,c_02737,username_2737,2026-02-20T09:43:35Z,Feels like hype more than substance. (AWD) 😒,negative
tweet_000001,c_02738,username_2738,2026-02-20T16:54:19Z,Hope the build quality is solid. (serviceability) 📅,neutral
tweet_000001,c_02739,username_2739,2026-02-20T09:22:15Z,Feels like hype more than substance. 😒,negative
tweet_000001,c_02740,username_2740,2026-02-21T10:28:24Z,This is awesome — Cybertruck looks like the future! 🚀 (software updates),positive
tweet_000001,c_02741,username_2741,2026-02-21T13:07:13Z,Finally! Can't wait to see these on the road. (charging),positive
tweet_000001,c_02742,username_2742,2026-02-22T00:14:16Z,AWD option is a big win. 🔥 (build quality) ✅,positive
tweet_000001,c_02743,username_2743,2026-02-21T18:07:12Z,I like the direction — keep iterating. (charging) 🔥,positive
tweet_000001,c_02744,username_2744,2026-02-21T12:45:16Z,This is awesome — Cybertruck looks like the future! 🚀 (build quality),positive
tweet_000001,c_02745,username_2745,2026-02-20T13:07:43Z,Curious about charging speed on 800V. (software updates),neutral
tweet_000001,c_02746,username_2746,2026-02-20T08:08:10Z,Feels like hype more than substance. (efficiency),negative
tweet_000001,c_02747,username_2747,2026-02-20T14:33:02Z,Do we have confirmed specs yet?,neutral
tweet_000001,c_02748,username_2748,2026-02-20T16:46:33Z,AWD option is a big win. 🔥 (stainless steel),positive
tweet_000001,c_02749,username_2749,2026-02-21T11:36:39Z,Limited-time offers feel gimmicky.,negative
tweet_000001,c_02750,username_2750,2026-02-20T16:33:46Z,Hope the build quality is solid.,neutral
tweet_000001,c_02751,username_2751,2026-02-20T15:13:26Z,Take my money. (kidding… mostly) 😄,positive
tweet_000001,c_02752,username_2752,2026-02-21T21:40:40Z,I’ll believe it when I see consistent deliveries. (build quality),negative
tweet_000001,c_02753,username_2753,2026-02-22T00:50:08Z,Design grows on you. The utility matters most.,positive
tweet_000001,c_02754,username_2754,2026-02-20T20:51:57Z,The engineering is wild. Congrats to the team!,positive
tweet_000001,c_02755,username_2755,2026-02-20T23:21:31Z,This rollout has been messy. (stainless steel),negative
tweet_000001,c_02756,username_2756,2026-02-21T00:12:46Z,This could be great for work sites and towing. (serviceability) 😄,positive
tweet_000001,c_02757,username_2757,2026-02-20T01:39:47Z,Will there be different trims later? (software updates),neutral
tweet_000001,c_02758,username_2758,2026-02-20T11:26:21Z,Feels like hype more than substance. 🙄,negative
tweet_000001,c_02759,username_2759,2026-02-20T16:26:25Z,Specs keep changing — hard to plan. (stainless steel) 🤦,negative
tweet_000001,c_02760,username_2760,2026-02-21T05:05:45Z,Looks like Tesla is pushing boundaries again. (suspension) 🔥,positive
tweet_000001,c_02761,username_2761,2026-02-21T22:13:08Z,I like the direction — keep iterating. (towing) 🔥,positive
tweet_000001,c_02762,username_2762,2026-02-20T12:55:52Z,Looks like Tesla is pushing boundaries again.,positive
tweet_000001,c_02763,username_2763,2026-02-21T20:25:35Z,How does this compare to the earlier announced configuration?,neutral
tweet_000001,c_02764,username_2764,2026-02-21T05:39:12Z,This could be great for work sites and towing. (serviceability),positive
tweet_000001,c_02765,username_2765,2026-02-20T05:34:09Z,"Love the utilitarian focus. If specs hold, I'm in. (stainless steel) ✅",positive
tweet_000001,c_02766,username_2766,2026-02-21T09:09:11Z,Specs keep changing — hard to plan. (delivery),negative
tweet_000001,c_02767,username_2767,2026-02-20T06:38:15Z,Waiting for real-world reviews.,neutral
tweet_000001,c_02768,username_2768,2026-02-20T12:18:06Z,Finally! Can't wait to see these on the road. (serviceability) 🚀,positive
tweet_000001,c_02769,username_2769,2026-02-21T09:09:47Z,Do we have confirmed specs yet? (build quality),neutral
tweet_000001,c_02770,username_2770,2026-02-20T20:14:05Z,Not convinced this is practical day-to-day. (towing),negative
tweet_000001,c_02771,username_2771,2026-02-20T11:28:42Z,"Love the utilitarian focus. If specs hold, I'm in.",positive
tweet_000001,c_02772,username_2772,2026-02-21T00:06:43Z,Looks like Tesla is pushing boundaries again.,positive
tweet_000001,c_02773,username_2773,2026-02-20T16:53:31Z,I’ll believe it when I see consistent deliveries. (AWD),negative
tweet_000001,c_02774,username_2774,2026-02-21T01:29:57Z,Do we have confirmed specs yet?,neutral
tweet_000001,c_02775,username_2775,2026-02-20T19:50:40Z,Hope the build quality is solid. 🤔,neutral
tweet_000001,c_02776,username_2776,2026-02-22T00:00:59Z,Take my money. (kidding… mostly) 😄 (features),positive
tweet_000001,c_02777,username_2777,2026-02-20T04:44:51Z,I like the direction — keep iterating. (build quality) 🙌,positive
tweet_000001,c_02778,username_2778,2026-02-21T09:05:11Z,This is awesome — Cybertruck looks like the future! 🚀,positive
tweet_000001,c_02779,username_2779,2026-02-21T01:03:59Z,I like the direction — keep iterating. (serviceability) 🚀,positive
tweet_000001,c_02780,username_2780,2026-02-20T06:45:05Z,Design grows on you. The utility matters most. (build quality),positive
tweet_000001,c_02781,username_2781,2026-02-21T15:58:18Z,Finally! Can't wait to see these on the road.,positive
tweet_000001,c_02782,username_2782,2026-02-20T07:38:17Z,So many delays… what's different now?,negative
tweet_000001,c_02783,username_2783,2026-02-20T15:09:00Z,Limited-time offers feel gimmicky.,negative
tweet_000001,c_02784,username_2784,2026-02-20T21:24:38Z,Feels like hype more than substance. (suspension) ⚠️,negative
tweet_000001,c_02785,username_2785,2026-02-20T06:34:03Z,I’ll believe it when I see consistent deliveries. 😒,negative
tweet_000001,c_02786,username_2786,2026-02-21T08:44:10Z,This is awesome — Cybertruck looks like the future! 🚀 (towing) 😄,positive
tweet_000001,c_02787,username_2787,2026-02-20T02:37:27Z,Still too expensive for what it is. (software updates) 🙄,negative
tweet_000001,c_02788,username_2788,2026-02-21T19:48:10Z,Looks like Tesla is pushing boundaries again. (efficiency),positive
tweet_000001,c_02789,username_2789,2026-02-21T19:04:45Z,This rollout has been messy.,negative
tweet_000001,c_02790,username_2790,2026-02-21T19:15:19Z,I’ll believe it when I see consistent deliveries. (delivery) 🙄,negative
tweet_000001,c_02791,username_2791,2026-02-20T08:35:49Z,Still too expensive for what it is. (range),negative
tweet_000001,c_02792,username_2792,2026-02-21T16:34:37Z,This rollout has been messy. ⚠️,negative
tweet_000001,c_02793,username_2793,2026-02-20T18:00:20Z,Do we have confirmed specs yet? (delivery),neutral
tweet_000001,c_02794,username_2794,2026-02-20T20:59:21Z,The engineering is wild. Congrats to the team! ✅,positive
tweet_000001,c_02795,username_2795,2026-02-20T03:14:15Z,Finally! Can't wait to see these on the road.,positive
tweet_000001,c_02796,username_2796,2026-02-20T10:12:52Z,Will there be different trims later? (suspension),neutral
tweet_000001,c_02797,username_2797,2026-02-20T16:26:19Z,Take my money. (kidding… mostly) 😄 (charging) 🔥,positive
tweet_000001,c_02798,username_2798,2026-02-21T04:57:27Z,Hope the build quality is solid. ℹ️,neutral
tweet_000001,c_02799,username_2799,2026-02-21T14:08:49Z,So many delays… what's different now? 🙄,negative
tweet_000001,c_02800,username_2800,2026-02-20T10:00:51Z,This could be great for work sites and towing. ✅,positive
tweet_000001,c_02801,username_2801,2026-02-21T07:28:43Z,Design is… not for me. (price),negative
tweet_000001,c_02802,username_2802,2026-02-21T03:27:14Z,Feels like hype more than substance. (price),negative
tweet_000001,c_02803,username_2803,2026-02-20T02:25:32Z,Still too expensive for what it is. (software updates),negative
tweet_000001,c_02804,username_2804,2026-02-20T08:32:11Z,This rollout has been messy. (towing),negative
tweet_000001,c_02805,username_2805,2026-02-21T08:51:49Z,Is the limited-time offer available everywhere? (suspension) 📅,neutral
tweet_000001,c_02806,username_2806,2026-02-21T11:34:24Z,Still too expensive for what it is. ⚠️,negative
tweet_000001,c_02807,username_2807,2026-02-20T04:33:13Z,I’ll believe it when I see consistent deliveries. 😕,negative
tweet_000001,c_02808,username_2808,2026-02-20T10:34:00Z,I like the direction — keep iterating. (suspension),positive
tweet_000001,c_02809,username_2809,2026-02-20T04:05:21Z,Interesting update. Any details on range and pricing? (AWD),neutral
tweet_000001,c_02810,username_2810,2026-02-20T22:35:30Z,This rollout has been messy.,negative
tweet_000001,c_02811,username_2811,2026-02-21T07:46:41Z,Finally! Can't wait to see these on the road. (build quality),positive
tweet_000001,c_02812,username_2812,2026-02-20T14:28:29Z,Waiting for real-world reviews. ℹ️,neutral
tweet_000001,c_02813,username_2813,2026-02-20T03:25:59Z,Feels like hype more than substance. (software updates),negative
tweet_000001,c_02814,username_2814,2026-02-20T20:33:35Z,Design grows on you. The utility matters most. (features) 🚀,positive
tweet_000001,c_02815,username_2815,2026-02-21T11:30:39Z,Interesting update. Any details on range and pricing? 📅,neutral
tweet_000001,c_02816,username_2816,2026-02-20T04:38:09Z,Not convinced this is practical day-to-day. (serviceability),negative
tweet_000001,c_02817,username_2817,2026-02-20T13:36:36Z,Curious about charging speed on 800V. (stainless steel),neutral
tweet_000001,c_02818,username_2818,2026-02-20T07:57:29Z,Take my money. (kidding… mostly) 😄 😄,positive
tweet_000001,c_02819,username_2819,2026-02-21T11:04:08Z,Take my money. (kidding… mostly) 😄,positive
tweet_000001,c_02820,username_2820,2026-02-20T11:02:13Z,Design grows on you. The utility matters most. 😄,positive
tweet_000001,c_02821,username_2821,2026-02-21T11:26:13Z,Specs keep changing — hard to plan. (efficiency),negative
tweet_000001,c_02822,username_2822,2026-02-21T21:55:54Z,"Love the utilitarian focus. If specs hold, I'm in. (suspension)",positive
tweet_000001,c_02823,username_2823,2026-02-21T18:50:47Z,Do we have confirmed specs yet? (build quality) ℹ️,neutral
tweet_000001,c_02824,username_2824,2026-02-20T17:40:27Z,"Love the utilitarian focus. If specs hold, I'm in.",positive
tweet_000001,c_02825,username_2825,2026-02-20T21:48:23Z,Design grows on you. The utility matters most. (AWD) ⚡,positive
tweet_000001,c_02826,username_2826,2026-02-20T23:10:33Z,This rollout has been messy.,negative
tweet_000001,c_02827,username_2827,2026-02-21T20:16:10Z,Not convinced this is practical day-to-day. (towing),negative
tweet_000001,c_02828,username_2828,2026-02-20T10:50:26Z,Looks like Tesla is pushing boundaries again. (efficiency) ⚡,positive
tweet_000001,c_02829,username_2829,2026-02-20T03:44:31Z,Take my money. (kidding… mostly) 😄,positive
tweet_000001,c_02830,username_2830,2026-02-20T14:30:55Z,This is awesome — Cybertruck looks like the future! 🚀 (range),positive
tweet_000001,c_02831,username_2831,2026-02-20T18:34:05Z,Curious about charging speed on 800V. (range),neutral
tweet_000001,c_02832,username_2832,2026-02-21T12:28:57Z,This rollout has been messy. (serviceability),negative
tweet_000001,c_02833,username_2833,2026-02-20T16:53:38Z,This could be great for work sites and towing.,positive
tweet_000001,c_02834,username_2834,2026-02-20T09:49:45Z,AWD option is a big win. 🔥,positive
tweet_000001,c_02835,username_2835,2026-02-21T01:48:54Z,Looks like Tesla is pushing boundaries again. ✅,positive
tweet_000001,c_02836,username_2836,2026-02-21T12:44:17Z,Not convinced this is practical day-to-day. (price),negative
tweet_000001,c_02837,username_2837,2026-02-21T02:10:51Z,Not convinced this is practical day-to-day. (features),negative
tweet_000001,c_02838,username_2838,2026-02-22T00:01:13Z,This is awesome — Cybertruck looks like the future! 🚀 🔥,positive
tweet_000001,c_02839,username_2839,2026-02-21T10:33:33Z,Limited-time offers feel gimmicky. (suspension) ⚠️,negative
tweet_000001,c_02840,username_2840,2026-02-20T23:36:26Z,This could be great for work sites and towing. (price),positive
tweet_000001,c_02841,username_2841,2026-02-21T14:00:10Z,Finally! Can't wait to see these on the road. (build quality) ⚡,positive
tweet_000001,c_02842,username_2842,2026-02-20T17:24:18Z,Still too expensive for what it is. (suspension),negative
tweet_000001,c_02843,username_2843,2026-02-21T21:00:31Z,I’ll believe it when I see consistent deliveries. (build quality),negative
tweet_000001,c_02844,username_2844,2026-02-21T16:04:23Z,This rollout has been messy. (suspension),negative
tweet_000001,c_02845,username_2845,2026-02-21T15:54:24Z,Curious about charging speed on 800V. (price),neutral
tweet_000001,c_02846,username_2846,2026-02-21T23:28:57Z,Design grows on you. The utility matters most. (features),positive
tweet_000001,c_02847,username_2847,2026-02-21T16:37:53Z,So many delays… what's different now? (AWD) 🤦,negative
tweet_000001,c_02848,username_2848,2026-02-20T22:50:24Z,Take my money. (kidding… mostly) 😄,positive
tweet_000001,c_02849,username_2849,2026-02-21T11:57:03Z,How does this compare to the earlier announced configuration? (suspension),neutral
tweet_000001,c_02850,username_2850,2026-02-20T01:16:32Z,"Love the utilitarian focus. If specs hold, I'm in. (build quality)",positive
tweet_000001,c_02851,username_2851,2026-02-20T16:27:03Z,So many delays… what's different now? (price) 🤦,negative
tweet_000001,c_02852,username_2852,2026-02-20T11:27:59Z,Finally! Can't wait to see these on the road. (delivery),positive
tweet_000001,c_02853,username_2853,2026-02-20T18:54:20Z,Take my money. (kidding… mostly) 😄,positive
tweet_000001,c_02854,username_2854,2026-02-21T05:43:18Z,So many delays… what's different now? (stainless steel) ⚠️,negative
tweet_000001,c_02855,username_2855,2026-02-20T11:28:35Z,Take my money. (kidding… mostly) 😄 (suspension),positive
tweet_000001,c_02856,username_2856,2026-02-20T12:18:25Z,Do we have confirmed specs yet? (efficiency) 🧐,neutral
tweet_000001,c_02857,username_2857,2026-02-20T02:02:03Z,"Love the utilitarian focus. If specs hold, I'm in. (build quality) ⚡",positive
tweet_000001,c_02858,username_2858,2026-02-21T20:49:39Z,This could be great for work sites and towing. (charging) 🚀,positive
tweet_000001,c_02859,username_2859,2026-02-21T16:39:47Z,Design grows on you. The utility matters most. (price),positive
tweet_000001,c_02860,username_2860,2026-02-21T02:06:29Z,AWD option is a big win. 🔥 ✅,positive
tweet_000001,c_02861,username_2861,2026-02-20T09:27:59Z,Feels like hype more than substance. (delivery),negative
tweet_000001,c_02862,username_2862,2026-02-21T12:44:03Z,AWD option is a big win. 🔥 (price) ⚡,positive
tweet_000001,c_02863,username_2863,2026-02-21T21:10:55Z,So many delays… what's different now? 🤦,negative
tweet_000001,c_02864,username_2864,2026-02-21T08:44:31Z,Will there be different trims later? (price),neutral
tweet_000001,c_02865,username_2865,2026-02-20T21:39:13Z,AWD option is a big win. 🔥,positive
tweet_000001,c_02866,username_2866,2026-02-21T01:11:40Z,Will there be different trims later? 🧐,neutral
tweet_000001,c_02867,username_2867,2026-02-20T07:18:02Z,Interesting update. Any details on range and pricing? (features),neutral
tweet_000001,c_02868,username_2868,2026-02-21T19:54:19Z,Feels like hype more than substance. (software updates),negative
tweet_000001,c_02869,username_2869,2026-02-20T08:49:13Z,This could be great for work sites and towing. (serviceability) 🙌,positive
tweet_000001,c_02870,username_2870,2026-02-21T05:06:32Z,This is awesome — Cybertruck looks like the future! 🚀,positive
tweet_000001,c_02871,username_2871,2026-02-22T00:02:54Z,Limited-time offers feel gimmicky. (price),negative
tweet_000001,c_02872,username_2872,2026-02-20T18:37:31Z,This rollout has been messy. (suspension),negative
tweet_000001,c_02873,username_2873,2026-02-21T07:58:00Z,Concerned about safety and repairs. 🤦,negative
tweet_000001,c_02874,username_2874,2026-02-21T10:48:01Z,Design grows on you. The utility matters most. 😄,positive
tweet_000001,c_02875,username_2875,2026-02-21T22:59:17Z,Concerned about safety and repairs. 😒,negative
tweet_000001,c_02876,username_2876,2026-02-20T14:24:39Z,Interesting update. Any details on range and pricing?,neutral
tweet_000001,c_02877,username_2877,2026-02-20T22:31:58Z,Will there be different trims later?,neutral
tweet_000001,c_02878,username_2878,2026-02-20T19:42:37Z,Looks like Tesla is pushing boundaries again. 🔥,positive
tweet_000001,c_02879,username_2879,2026-02-20T21:23:37Z,How does this compare to the earlier announced configuration?,neutral
tweet_000001,c_02880,username_2880,2026-02-21T23:28:30Z,AWD option is a big win. 🔥 🙌,positive
tweet_000001,c_02881,username_2881,2026-02-21T17:06:05Z,Looks like Tesla is pushing boundaries again.,positive
tweet_000001,c_02882,username_2882,2026-02-20T13:46:43Z,Feels like hype more than substance. 😒,negative
tweet_000001,c_02883,username_2883,2026-02-21T16:26:35Z,The engineering is wild. Congrats to the team! (towing) ⚡,positive
tweet_000001,c_02884,username_2884,2026-02-20T07:50:06Z,Take my money. (kidding… mostly) 😄 (charging),positive
tweet_000001,c_02885,username_2885,2026-02-21T05:07:01Z,The engineering is wild. Congrats to the team! (suspension),positive
tweet_000001,c_02886,username_2886,2026-02-21T01:47:22Z,Feels like hype more than substance.,negative
tweet_000001,c_02887,username_2887,2026-02-20T13:31:22Z,Waiting for real-world reviews. (AWD),neutral
tweet_000001,c_02888,username_2888,2026-02-21T14:06:16Z,I like the direction — keep iterating. (build quality),positive
tweet_000001,c_02889,username_2889,2026-02-21T06:13:45Z,So many delays… what's different now? 😕,negative
tweet_000001,c_02890,username_2890,2026-02-21T20:47:34Z,Concerned about safety and repairs. ⚠️,negative
tweet_000001,c_02891,username_2891,2026-02-21T16:02:57Z,Looks like Tesla is pushing boundaries again. (software updates) ⚡,positive
tweet_000001,c_02892,username_2892,2026-02-20T22:39:07Z,So many delays… what's different now? (price) 🙄,negative
tweet_000001,c_02893,username_2893,2026-02-21T09:28:28Z,Still too expensive for what it is. (delivery),negative
tweet_000001,c_02894,username_2894,2026-02-20T21:11:11Z,Still too expensive for what it is. (suspension),negative
tweet_000001,c_02895,username_2895,2026-02-20T19:06:57Z,The engineering is wild. Congrats to the team! (features) 🚀,positive
tweet_000001,c_02896,username_2896,2026-02-20T22:51:42Z,Design is… not for me.,negative
tweet_000001,c_02897,username_2897,2026-02-21T12:26:27Z,How does this compare to the earlier announced configuration? (build quality),neutral
tweet_000001,c_02898,username_2898,2026-02-20T15:14:54Z,Take my money. (kidding… mostly) 😄 (build quality),positive
tweet_000001,c_02899,username_2899,2026-02-21T22:55:31Z,Design grows on you. The utility matters most.,positive
tweet_000001,c_02900,username_2900,2026-02-20T20:17:28Z,Looks like Tesla is pushing boundaries again. ✅,positive
tweet_000001,c_02901,username_2901,2026-02-21T03:47:35Z,The engineering is wild. Congrats to the team! (stainless steel) ⚡,positive
tweet_000001,c_02902,username_2902,2026-02-20T11:02:36Z,This rollout has been messy.,negative
tweet_000001,c_02903,username_2903,2026-02-20T19:13:42Z,I like the direction — keep iterating. (price),positive
tweet_000001,c_02904,username_2904,2026-02-21T14:12:05Z,This could be great for work sites and towing. (price),positive
tweet_000001,c_02905,username_2905,2026-02-21T21:14:18Z,Do we have confirmed specs yet?,neutral
tweet_000001,c_02906,username_2906,2026-02-22T00:12:53Z,I like the direction — keep iterating. ✅,positive
tweet_000001,c_02907,username_2907,2026-02-21T19:03:58Z,Still too expensive for what it is. (charging),negative
tweet_000001,c_02908,username_2908,2026-02-21T09:00:43Z,"Love the utilitarian focus. If specs hold, I'm in. 🙌",positive
tweet_000001,c_02909,username_2909,2026-02-21T09:54:23Z,I like the direction — keep iterating.,positive
tweet_000001,c_02910,username_2910,2026-02-21T11:57:24Z,Finally! Can't wait to see these on the road. (stainless steel) ⚡,positive
tweet_000001,c_02911,username_2911,2026-02-20T21:21:15Z,Design grows on you. The utility matters most. (suspension) 🙌,positive
tweet_000001,c_02912,username_2912,2026-02-21T12:59:22Z,Take my money. (kidding… mostly) 😄,positive
tweet_000001,c_02913,username_2913,2026-02-21T06:06:13Z,Design is… not for me. ⚠️,negative
tweet_000001,c_02914,username_2914,2026-02-21T01:19:07Z,Design is… not for me. (build quality),negative
tweet_000001,c_02915,username_2915,2026-02-20T11:45:09Z,I like the direction — keep iterating.,positive
tweet_000001,c_02916,username_2916,2026-02-20T01:44:36Z,So many delays… what's different now? (features),negative
tweet_000001,c_02917,username_2917,2026-02-20T09:57:54Z,Limited-time offers feel gimmicky.,negative
tweet_000001,c_02918,username_2918,2026-02-20T12:59:19Z,Design is… not for me. (serviceability),negative
tweet_000001,c_02919,username_2919,2026-02-20T14:18:33Z,Finally! Can't wait to see these on the road. (charging),positive
tweet_000001,c_02920,username_2920,2026-02-21T01:24:36Z,"Love the utilitarian focus. If specs hold, I'm in. (software updates)",positive
tweet_000001,c_02921,username_2921,2026-02-21T05:27:47Z,Take my money. (kidding… mostly) 😄 (charging) ✅,positive
tweet_000001,c_02922,username_2922,2026-02-20T14:34:29Z,Limited-time offers feel gimmicky. (delivery),negative
tweet_000001,c_02923,username_2923,2026-02-20T19:36:03Z,Feels like hype more than substance. (towing),negative
tweet_000001,c_02924,username_2924,2026-02-20T17:45:12Z,Looks like Tesla is pushing boundaries again.,positive
tweet_000001,c_02925,username_2925,2026-02-21T01:59:15Z,This could be great for work sites and towing.,positive
tweet_000001,c_02926,username_2926,2026-02-20T02:44:07Z,So many delays… what's different now? (build quality) ⚠️,negative
tweet_000001,c_02927,username_2927,2026-02-20T08:12:12Z,I’ll believe it when I see consistent deliveries. (build quality) ⚠️,negative
tweet_000001,c_02928,username_2928,2026-02-21T05:16:00Z,Specs keep changing — hard to plan. (serviceability),negative
tweet_000001,c_02929,username_2929,2026-02-20T06:18:09Z,I’ll believe it when I see consistent deliveries. (serviceability),negative
tweet_000001,c_02930,username_2930,2026-02-21T16:13:23Z,The engineering is wild. Congrats to the team! ⚡,positive
tweet_000001,c_02931,username_2931,2026-02-20T12:30:46Z,Hope the build quality is solid. (delivery),neutral
tweet_000001,c_02932,username_2932,2026-02-20T14:10:28Z,Not convinced this is practical day-to-day. (charging) 😕,negative
tweet_000001,c_02933,username_2933,2026-02-21T16:23:45Z,"Love the utilitarian focus. If specs hold, I'm in. ✅",positive
tweet_000001,c_02934,username_2934,2026-02-20T09:05:52Z,Waiting for real-world reviews.,neutral
tweet_000001,c_02935,username_2935,2026-02-20T13:26:19Z,Limited-time offers feel gimmicky. (serviceability) 😒,negative
tweet_000001,c_02936,username_2936,2026-02-21T01:49:06Z,This could be great for work sites and towing.,positive
tweet_000001,c_02937,username_2937,2026-02-21T05:33:53Z,Feels like hype more than substance.,negative
tweet_000001,c_02938,username_2938,2026-02-20T06:01:00Z,Waiting for real-world reviews. (delivery) 📅,neutral
tweet_000001,c_02939,username_2939,2026-02-20T14:57:52Z,Concerned about safety and repairs. (range),negative
tweet_000001,c_02940,username_2940,2026-02-21T12:14:00Z,Design grows on you. The utility matters most. (build quality) ⚡,positive
tweet_000001,c_02941,username_2941,2026-02-21T00:35:31Z,I like the direction — keep iterating. (suspension),positive
tweet_000001,c_02942,username_2942,2026-02-21T05:57:13Z,What’s the estimated lead time? ℹ️,neutral
tweet_000001,c_02943,username_2943,2026-02-21T09:51:55Z,The engineering is wild. Congrats to the team! (efficiency),positive
tweet_000001,c_02944,username_2944,2026-02-21T08:56:09Z,Concerned about safety and repairs. (range),negative
tweet_000001,c_02945,username_2945,2026-02-21T00:39:43Z,Not convinced this is practical day-to-day. (software updates) ⚠️,negative
tweet_000001,c_02946,username_2946,2026-02-20T05:15:48Z,I like the direction — keep iterating. 🚀,positive
tweet_000001,c_02947,username_2947,2026-02-20T23:36:49Z,Hope the build quality is solid.,neutral
tweet_000001,c_02948,username_2948,2026-02-20T13:52:24Z,Waiting for real-world reviews.,neutral
tweet_000001,c_02949,username_2949,2026-02-20T04:41:15Z,AWD option is a big win. 🔥 (stainless steel),positive
tweet_000001,c_02950,username_2950,2026-02-20T05:04:05Z,Concerned about safety and repairs.,negative
tweet_000001,c_02951,username_2951,2026-02-20T14:13:57Z,Not convinced this is practical day-to-day. (suspension) 🙄,negative
tweet_000001,c_02952,username_2952,2026-02-20T08:26:00Z,Feels like hype more than substance.,negative
tweet_000001,c_02953,username_2953,2026-02-21T00:34:27Z,Limited-time offers feel gimmicky.,negative
tweet_000001,c_02954,username_2954,2026-02-21T18:50:22Z,Hope the build quality is solid. (software updates) 🤔,neutral
tweet_000001,c_02955,username_2955,2026-02-20T22:23:57Z,Still too expensive for what it is.,negative
tweet_000001,c_02956,username_2956,2026-02-21T01:20:04Z,I’ll believe it when I see consistent deliveries.,negative
tweet_000001,c_02957,username_2957,2026-02-21T04:19:20Z,Concerned about safety and repairs. (delivery),negative
tweet_000001,c_02958,username_2958,2026-02-21T22:31:31Z,Specs keep changing — hard to plan.,negative
tweet_000001,c_02959,username_2959,2026-02-21T18:47:43Z,AWD option is a big win. 🔥 (efficiency),positive
tweet_000001,c_02960,username_2960,2026-02-20T21:06:04Z,Concerned about safety and repairs.,negative
tweet_000001,c_02961,username_2961,2026-02-21T07:22:13Z,Take my money. (kidding… mostly) 😄 (AWD),positive
tweet_000001,c_02962,username_2962,2026-02-21T12:48:03Z,AWD option is a big win. 🔥,positive
tweet_000001,c_02963,username_2963,2026-02-21T06:02:49Z,This is awesome — Cybertruck looks like the future! 🚀,positive
tweet_000001,c_02964,username_2964,2026-02-20T17:29:11Z,Limited-time offers feel gimmicky. 🤦,negative
tweet_000001,c_02965,username_2965,2026-02-20T06:05:32Z,I’ll believe it when I see consistent deliveries. (delivery),negative
tweet_000001,c_02966,username_2966,2026-02-20T19:55:39Z,Concerned about safety and repairs. (towing) 😒,negative
tweet_000001,c_02967,username_2967,2026-02-20T20:17:30Z,Limited-time offers feel gimmicky.,negative
tweet_000001,c_02968,username_2968,2026-02-20T15:58:06Z,When will deliveries start in more regions? (charging) 🤔,neutral
tweet_000001,c_02969,username_2969,2026-02-21T11:23:54Z,Feels like hype more than substance. (AWD) 🤦,negative
tweet_000001,c_02970,username_2970,2026-02-20T14:40:59Z,When will deliveries start in more regions?,neutral
tweet_000001,c_02971,username_2971,2026-02-20T18:51:13Z,Take my money. (kidding… mostly) 😄,positive
tweet_000001,c_02972,username_2972,2026-02-20T11:38:43Z,This could be great for work sites and towing. (range),positive
tweet_000001,c_02973,username_2973,2026-02-21T13:55:20Z,Design is… not for me.,negative
tweet_000001,c_02974,username_2974,2026-02-20T04:26:10Z,So many delays… what's different now? (delivery) ⚠️,negative
tweet_000001,c_02975,username_2975,2026-02-20T14:01:53Z,Looks like Tesla is pushing boundaries again. (efficiency) 😄,positive
tweet_000001,c_02976,username_2976,2026-02-20T12:23:53Z,AWD option is a big win. 🔥 (AWD) 🔥,positive
tweet_000001,c_02977,username_2977,2026-02-21T01:42:31Z,Feels like hype more than substance. (charging) 🙄,negative
tweet_000001,c_02978,username_2978,2026-02-21T21:03:41Z,I like the direction — keep iterating. (delivery) ✅,positive
tweet_000001,c_02979,username_2979,2026-02-20T05:22:47Z,Limited-time offers feel gimmicky.,negative
tweet_000001,c_02980,username_2980,2026-02-21T16:09:16Z,Still too expensive for what it is. ⚠️,negative
tweet_000001,c_02981,username_2981,2026-02-21T04:13:10Z,This is awesome — Cybertruck looks like the future! 🚀 (price),positive
tweet_000001,c_02982,username_2982,2026-02-20T01:40:47Z,Take my money. (kidding… mostly) 😄 (range),positive
tweet_000001,c_02983,username_2983,2026-02-21T18:32:03Z,Limited-time offers feel gimmicky.,negative
tweet_000001,c_02984,username_2984,2026-02-20T03:48:46Z,So many delays… what's different now? (range),negative
tweet_000001,c_02985,username_2985,2026-02-21T11:56:32Z,Hope the build quality is solid. 📅,neutral
tweet_000001,c_02986,username_2986,2026-02-21T09:59:38Z,Design is… not for me.,negative
tweet_000001,c_02987,username_2987,2026-02-21T02:22:58Z,This could be great for work sites and towing. (delivery),positive
tweet_000001,c_02988,username_2988,2026-02-21T03:28:27Z,Do we have confirmed specs yet? (efficiency),neutral
tweet_000001,c_02989,username_2989,2026-02-21T05:32:10Z,Specs keep changing — hard to plan.,negative
tweet_000001,c_02990,username_2990,2026-02-20T02:46:28Z,Concerned about safety and repairs. 🤦,negative
tweet_000001,c_02991,username_2991,2026-02-21T07:07:56Z,I like the direction — keep iterating.,positive
tweet_000001,c_02992,username_2992,2026-02-20T10:21:14Z,This rollout has been messy. (software updates),negative
tweet_000001,c_02993,username_2993,2026-02-21T07:40:04Z,How does this compare to the earlier announced configuration?,neutral
tweet_000001,c_02994,username_2994,2026-02-21T05:32:07Z,This could be great for work sites and towing. (stainless steel),positive
tweet_000001,c_02995,username_2995,2026-02-20T10:56:35Z,I like the direction — keep iterating. (AWD),positive
tweet_000001,c_02996,username_2996,2026-02-21T18:38:19Z,Design is… not for me.,negative
tweet_000001,c_02997,username_2997,2026-02-21T22:18:54Z,Looks like Tesla is pushing boundaries again.,positive
tweet_000001,c_02998,username_2998,2026-02-21T06:58:29Z,Looks like Tesla is pushing boundaries again. 🔥,positive
tweet_000001,c_02999,username_2999,2026-02-21T11:29:28Z,"Love the utilitarian focus. If specs hold, I'm in. (charging) 🙌",positive
tweet_000001,c_03000,username_3000,2026-02-21T07:15:34Z,Still too expensive for what it is. (stainless steel),negative
tweet_000001,c_03001,username_3001,2026-02-20T12:39:43Z,Concerned about safety and repairs.,negative
tweet_000001,c_03002,username_3002,2026-02-21T09:30:24Z,Still too expensive for what it is.,negative
tweet_000001,c_03003,username_3003,2026-02-20T13:47:58Z,AWD option is a big win. 🔥,positive
tweet_000001,c_03004,username_3004,2026-02-20T12:35:56Z,Will there be different trims later? (features) 📅,neutral
tweet_000001,c_03005,username_3005,2026-02-21T00:17:46Z,How does this compare to the earlier announced configuration? (suspension) 📅,neutral
tweet_000001,c_03006,username_3006,2026-02-21T00:16:33Z,So many delays… what's different now?,negative
tweet_000001,c_03007,username_3007,2026-02-21T22:59:08Z,Still too expensive for what it is.,negative
tweet_000001,c_03008,username_3008,2026-02-20T07:29:38Z,This is awesome — Cybertruck looks like the future! 🚀 (range) 🚀,positive
tweet_000001,c_03009,username_3009,2026-02-21T00:03:48Z,This rollout has been messy. (delivery),negative
tweet_000001,c_03010,username_3010,2026-02-20T23:38:45Z,"Love the utilitarian focus. If specs hold, I'm in. (stainless steel)",positive
tweet_000001,c_03011,username_3011,2026-02-21T09:46:17Z,How does this compare to the earlier announced configuration? (delivery) 🤔,neutral
tweet_000001,c_03012,username_3012,2026-02-21T18:09:55Z,Finally! Can't wait to see these on the road. 😄,positive
tweet_000001,c_03013,username_3013,2026-02-20T09:52:28Z,I like the direction — keep iterating.,positive
tweet_000001,c_03014,username_3014,2026-02-21T18:08:56Z,I like the direction — keep iterating.,positive
tweet_000001,c_03015,username_3015,2026-02-20T21:43:43Z,Do we have confirmed specs yet?,neutral
tweet_000001,c_03016,username_3016,2026-02-20T11:55:42Z,This could be great for work sites and towing. (range) 😄,positive
tweet_000001,c_03017,username_3017,2026-02-21T11:40:45Z,Concerned about safety and repairs. (features) ⚠️,negative
tweet_000001,c_03018,username_3018,2026-02-21T09:21:28Z,Design grows on you. The utility matters most. (charging),positive
tweet_000001,c_03019,username_3019,2026-02-21T13:03:33Z,Design grows on you. The utility matters most. (stainless steel),positive
tweet_000001,c_03020,username_3020,2026-02-21T04:11:24Z,Limited-time offers feel gimmicky. (serviceability) 🤦,negative
tweet_000001,c_03021,username_3021,2026-02-20T12:08:06Z,"Love the utilitarian focus. If specs hold, I'm in.",positive
tweet_000001,c_03022,username_3022,2026-02-20T15:36:16Z,Looks like Tesla is pushing boundaries again. (features),positive
tweet_000001,c_03023,username_3023,2026-02-20T07:17:57Z,This rollout has been messy.,negative
tweet_000001,c_03024,username_3024,2026-02-20T02:24:42Z,Design grows on you. The utility matters most.,positive
tweet_000001,c_03025,username_3025,2026-02-20T13:33:38Z,Looks like Tesla is pushing boundaries again. ✅,positive
tweet_000001,c_03026,username_3026,2026-02-21T15:08:48Z,This is awesome — Cybertruck looks like the future! 🚀 (delivery) 🔥,positive
tweet_000001,c_03027,username_3027,2026-02-20T23:34:42Z,Specs keep changing — hard to plan. (software updates) ⚠️,negative
tweet_000001,c_03028,username_3028,2026-02-22T01:04:08Z,How does this compare to the earlier announced configuration?,neutral
tweet_000001,c_03029,username_3029,2026-02-20T03:32:04Z,I’ll believe it when I see consistent deliveries.,negative
tweet_000001,c_03030,username_3030,2026-02-20T02:01:39Z,Hope the build quality is solid. (software updates) 📅,neutral
tweet_000001,c_03031,username_3031,2026-02-21T04:55:19Z,Take my money. (kidding… mostly) 😄 (efficiency) 😄,positive
tweet_000001,c_03032,username_3032,2026-02-21T01:41:24Z,Looks like Tesla is pushing boundaries again.,positive
tweet_000001,c_03033,username_3033,2026-02-21T08:09:43Z,Concerned about safety and repairs. ⚠️,negative
tweet_000001,c_03034,username_3034,2026-02-20T20:17:53Z,I like the direction — keep iterating. (towing) 😄,positive
tweet_000001,c_03035,username_3035,2026-02-20T07:25:28Z,Looks like Tesla is pushing boundaries again.,positive
tweet_000001,c_03036,username_3036,2026-02-20T02:55:31Z,Finally! Can't wait to see these on the road. 🚀,positive
tweet_000001,c_03037,username_3037,2026-02-20T14:08:47Z,Looks like Tesla is pushing boundaries again. (serviceability),positive
tweet_000001,c_03038,username_3038,2026-02-20T07:36:47Z,Limited-time offers feel gimmicky. (range),negative
tweet_000001,c_03039,username_3039,2026-02-21T02:05:26Z,Design grows on you. The utility matters most. (serviceability),positive
tweet_000001,c_03040,username_3040,2026-02-21T10:48:06Z,Waiting for real-world reviews. 🤔,neutral
tweet_000001,c_03041,username_3041,2026-02-20T05:20:23Z,Finally! Can't wait to see these on the road. (suspension),positive
tweet_000001,c_03042,username_3042,2026-02-20T14:45:47Z,Limited-time offers feel gimmicky. 🤦,negative
tweet_000001,c_03043,username_3043,2026-02-20T18:13:19Z,The engineering is wild. Congrats to the team! (price) ⚡,positive
tweet_000001,c_03044,username_3044,2026-02-21T15:47:41Z,The engineering is wild. Congrats to the team! (AWD),positive
tweet_000001,c_03045,username_3045,2026-02-21T13:19:00Z,So many delays… what's different now?,negative
tweet_000001,c_03046,username_3046,2026-02-21T20:20:39Z,Still too expensive for what it is. (build quality) 🙄,negative
tweet_000001,c_03047,username_3047,2026-02-20T15:38:51Z,AWD option is a big win. 🔥 (build quality),positive
tweet_000001,c_03048,username_3048,2026-02-20T15:02:15Z,"Love the utilitarian focus. If specs hold, I'm in. 🔥",positive
tweet_000001,c_03049,username_3049,2026-02-21T00:39:14Z,The engineering is wild. Congrats to the team! (efficiency),positive
tweet_000001,c_03050,username_3050,2026-02-20T22:51:23Z,Design grows on you. The utility matters most. (efficiency) 😄,positive
tweet_000001,c_03051,username_3051,2026-02-20T19:31:24Z,Looks like Tesla is pushing boundaries again.,positive
tweet_000001,c_03052,username_3052,2026-02-22T00:56:02Z,Is the limited-time offer available everywhere? (delivery) 🤔,neutral
tweet_000001,c_03053,username_3053,2026-02-21T13:12:58Z,Looks like Tesla is pushing boundaries again. 😄,positive
tweet_000001,c_03054,username_3054,2026-02-20T07:04:18Z,This could be great for work sites and towing. (suspension),positive
tweet_000001,c_03055,username_3055,2026-02-21T00:26:06Z,So many delays… what's different now?,negative
tweet_000001,c_03056,username_3056,2026-02-21T21:20:29Z,Limited-time offers feel gimmicky. (suspension),negative
tweet_000001,c_03057,username_3057,2026-02-21T10:04:31Z,Waiting for real-world reviews.,neutral
tweet_000001,c_03058,username_3058,2026-02-21T13:38:12Z,AWD option is a big win. 🔥 ⚡,positive
tweet_000001,c_03059,username_3059,2026-02-20T15:06:22Z,The engineering is wild. Congrats to the team! (range),positive
tweet_000001,c_03060,username_3060,2026-02-21T07:05:08Z,Feels like hype more than substance. 🤦,negative
tweet_000001,c_03061,username_3061,2026-02-21T11:00:36Z,This could be great for work sites and towing. (delivery),positive
tweet_000001,c_03062,username_3062,2026-02-21T05:19:33Z,Take my money. (kidding… mostly) 😄,positive
tweet_000001,c_03063,username_3063,2026-02-21T00:18:47Z,Will there be different trims later?,neutral
tweet_000001,c_03064,username_3064,2026-02-21T06:20:05Z,Waiting for real-world reviews. (features),neutral
tweet_000001,c_03065,username_3065,2026-02-20T13:49:53Z,Curious about charging speed on 800V. (delivery) 🤔,neutral
tweet_000001,c_03066,username_3066,2026-02-21T05:44:34Z,This could be great for work sites and towing. (stainless steel) 😄,positive
tweet_000001,c_03067,username_3067,2026-02-21T05:48:41Z,Finally! Can't wait to see these on the road. (build quality) 🔥,positive
tweet_000001,c_03068,username_3068,2026-02-21T12:40:42Z,So many delays… what's different now?,negative
tweet_000001,c_03069,username_3069,2026-02-20T12:53:16Z,This could be great for work sites and towing. 🚀,positive
tweet_000001,c_03070,username_3070,2026-02-20T06:07:19Z,This rollout has been messy.,negative
tweet_000001,c_03071,username_3071,2026-02-20T11:33:07Z,Design is… not for me. (charging),negative
tweet_000001,c_03072,username_3072,2026-02-21T07:34:02Z,How does this compare to the earlier announced configuration? (towing),neutral
tweet_000001,c_03073,username_3073,2026-02-21T01:54:16Z,AWD option is a big win. 🔥,positive
tweet_000001,c_03074,username_3074,2026-02-20T10:07:21Z,Design grows on you. The utility matters most. (towing) ✅,positive
tweet_000001,c_03075,username_3075,2026-02-20T10:34:49Z,Waiting for real-world reviews. (charging) 📅,neutral
tweet_000001,c_03076,username_3076,2026-02-21T04:11:35Z,Concerned about safety and repairs. (stainless steel),negative
tweet_000001,c_03077,username_3077,2026-02-21T00:00:29Z,Feels like hype more than substance.,negative
tweet_000001,c_03078,username_3078,2026-02-21T19:16:54Z,Looks like Tesla is pushing boundaries again.,positive
tweet_000001,c_03079,username_3079,2026-02-21T00:41:06Z,Design grows on you. The utility matters most. 🙌,positive
tweet_000001,c_03080,username_3080,2026-02-21T21:37:27Z,Design is… not for me. 😒,negative
tweet_000001,c_03081,username_3081,2026-02-21T11:27:22Z,Still too expensive for what it is. (price),negative
tweet_000001,c_03082,username_3082,2026-02-20T12:03:10Z,So many delays… what's different now? (build quality),negative
tweet_000001,c_03083,username_3083,2026-02-21T21:07:47Z,AWD option is a big win. 🔥 (software updates),positive
tweet_000001,c_03084,username_3084,2026-02-20T21:21:46Z,Curious about charging speed on 800V. (features) ℹ️,neutral
tweet_000001,c_03085,username_3085,2026-02-20T17:30:45Z,Still too expensive for what it is. (serviceability),negative
tweet_000001,c_03086,username_3086,2026-02-20T11:53:24Z,Specs keep changing — hard to plan.,negative
tweet_000001,c_03087,username_3087,2026-02-21T00:07:37Z,Design grows on you. The utility matters most. ⚡,positive
tweet_000001,c_03088,username_3088,2026-02-20T14:57:14Z,Design grows on you. The utility matters most. 🚀,positive
tweet_000001,c_03089,username_3089,2026-02-20T15:26:43Z,What’s the estimated lead time? 📅,neutral
tweet_000001,c_03090,username_3090,2026-02-21T08:03:04Z,This is awesome — Cybertruck looks like the future! 🚀 (AWD) 🚀,positive
tweet_000001,c_03091,username_3091,2026-02-20T03:20:55Z,Will there be different trims later? (charging),neutral
tweet_000001,c_03092,username_3092,2026-02-20T11:59:56Z,Feels like hype more than substance.,negative
tweet_000001,c_03093,username_3093,2026-02-21T20:29:32Z,This could be great for work sites and towing. ✅,positive
tweet_000001,c_03094,username_3094,2026-02-21T10:27:02Z,Specs keep changing — hard to plan. (serviceability),negative
tweet_000001,c_03095,username_3095,2026-02-20T13:06:43Z,Design grows on you. The utility matters most. (range) ✅,positive
tweet_000001,c_03096,username_3096,2026-02-21T17:29:14Z,Feels like hype more than substance. (stainless steel),negative
tweet_000001,c_03097,username_3097,2026-02-21T04:33:31Z,Not convinced this is practical day-to-day. (software updates),negative
tweet_000001,c_03098,username_3098,2026-02-21T06:03:07Z,Finally! Can't wait to see these on the road. (features) ✅,positive
tweet_000001,c_03099,username_3099,2026-02-21T00:50:38Z,Design grows on you. The utility matters most. 🙌,positive
tweet_000001,c_03100,username_3100,2026-02-20T05:19:03Z,Finally! Can't wait to see these on the road. (price) 🚀,positive
tweet_000001,c_03101,username_3101,2026-02-21T15:19:03Z,Finally! Can't wait to see these on the road. ✅,positive
tweet_000001,c_03102,username_3102,2026-02-21T03:15:06Z,This rollout has been messy. (stainless steel),negative
tweet_000001,c_03103,username_3103,2026-02-21T13:06:34Z,Concerned about safety and repairs. (build quality),negative
tweet_000001,c_03104,username_3104,2026-02-21T06:05:06Z,Finally! Can't wait to see these on the road. (price),positive
tweet_000001,c_03105,username_3105,2026-02-21T09:54:31Z,Finally! Can't wait to see these on the road. (towing) 🚀,positive
tweet_000001,c_03106,username_3106,2026-02-22T00:11:59Z,I like the direction — keep iterating. (efficiency),positive
tweet_000001,c_03107,username_3107,2026-02-20T17:40:18Z,Feels like hype more than substance. (AWD),negative
tweet_000001,c_03108,username_3108,2026-02-20T12:21:51Z,Finally! Can't wait to see these on the road. (stainless steel) ⚡,positive
tweet_000001,c_03109,username_3109,2026-02-21T06:04:18Z,Interesting update. Any details on range and pricing? (towing),neutral
tweet_000001,c_03110,username_3110,2026-02-21T07:27:53Z,What’s the estimated lead time? (AWD),neutral
tweet_000001,c_03111,username_3111,2026-02-20T16:27:25Z,Do we have confirmed specs yet? (range),neutral
tweet_000001,c_03112,username_3112,2026-02-20T07:07:15Z,Design grows on you. The utility matters most.,positive
tweet_000001,c_03113,username_3113,2026-02-20T13:12:18Z,Concerned about safety and repairs. (build quality) 😒,negative
tweet_000001,c_03114,username_3114,2026-02-20T21:44:31Z,AWD option is a big win. 🔥 (build quality) 🔥,positive
tweet_000001,c_03115,username_3115,2026-02-21T21:29:43Z,AWD option is a big win. 🔥 (stainless steel),positive
tweet_000001,c_03116,username_3116,2026-02-21T05:50:26Z,Limited-time offers feel gimmicky.,negative
tweet_000001,c_03117,username_3117,2026-02-21T09:41:36Z,So many delays… what's different now?,negative
tweet_000001,c_03118,username_3118,2026-02-21T06:47:29Z,The engineering is wild. Congrats to the team! (range) 🚀,positive
tweet_000001,c_03119,username_3119,2026-02-20T16:13:12Z,The engineering is wild. Congrats to the team!,positive
tweet_000001,c_03120,username_3120,2026-02-20T22:59:38Z,The engineering is wild. Congrats to the team!,positive
tweet_000001,c_03121,username_3121,2026-02-21T03:31:57Z,This could be great for work sites and towing. (efficiency) ✅,positive
tweet_000001,c_03122,username_3122,2026-02-20T17:02:14Z,I like the direction — keep iterating. (range) 🔥,positive
tweet_000001,c_03123,username_3123,2026-02-21T01:33:58Z,The engineering is wild. Congrats to the team! (suspension) ✅,positive
tweet_000001,c_03124,username_3124,2026-02-21T10:35:31Z,Will there be different trims later? 📅,neutral
tweet_000001,c_03125,username_3125,2026-02-21T12:12:55Z,Not convinced this is practical day-to-day. (features),negative
tweet_000001,c_03126,username_3126,2026-02-20T19:20:47Z,When will deliveries start in more regions?,neutral
tweet_000001,c_03127,username_3127,2026-02-20T03:31:18Z,So many delays… what's different now? (range),negative
tweet_000001,c_03128,username_3128,2026-02-20T01:15:02Z,AWD option is a big win. 🔥 (suspension),positive
tweet_000001,c_03129,username_3129,2026-02-20T12:51:48Z,Limited-time offers feel gimmicky. (AWD),negative
tweet_000001,c_03130,username_3130,2026-02-21T08:03:50Z,This rollout has been messy. (software updates),negative
tweet_000001,c_03131,username_3131,2026-02-20T22:54:39Z,Still too expensive for what it is. ⚠️,negative
tweet_000001,c_03132,username_3132,2026-02-21T10:31:20Z,Design is… not for me. (efficiency),negative
tweet_000001,c_03133,username_3133,2026-02-20T03:27:40Z,Feels like hype more than substance. (price) 🙄,negative
tweet_000001,c_03134,username_3134,2026-02-21T10:23:59Z,Hope the build quality is solid. 🤔,neutral
tweet_000001,c_03135,username_3135,2026-02-21T18:15:47Z,This could be great for work sites and towing. (suspension) 🚀,positive
tweet_000001,c_03136,username_3136,2026-02-21T06:11:52Z,Will there be different trims later? (charging),neutral
tweet_000001,c_03137,username_3137,2026-02-21T11:09:40Z,Concerned about safety and repairs. (range),negative
tweet_000001,c_03138,username_3138,2026-02-20T04:27:23Z,Limited-time offers feel gimmicky.,negative
tweet_000001,c_03139,username_3139,2026-02-20T21:45:11Z,How does this compare to the earlier announced configuration? (towing) 🧐,neutral
tweet_000001,c_03140,username_3140,2026-02-20T14:56:41Z,The engineering is wild. Congrats to the team!,positive
tweet_000001,c_03141,username_3141,2026-02-22T00:35:41Z,This is awesome — Cybertruck looks like the future! 🚀,positive
tweet_000001,c_03142,username_3142,2026-02-21T08:57:02Z,Not convinced this is practical day-to-day.,negative
tweet_000001,c_03143,username_3143,2026-02-20T18:06:31Z,Interesting update. Any details on range and pricing? (price),neutral
tweet_000001,c_03144,username_3144,2026-02-21T10:28:25Z,How does this compare to the earlier announced configuration? (stainless steel),neutral
tweet_000001,c_03145,username_3145,2026-02-21T04:17:06Z,I like the direction — keep iterating. (stainless steel),positive
tweet_000001,c_03146,username_3146,2026-02-21T02:30:08Z,Take my money. (kidding… mostly) 😄 (software updates) ✅,positive
tweet_000001,c_03147,username_3147,2026-02-20T22:32:43Z,I’ll believe it when I see consistent deliveries.,negative
tweet_000001,c_03148,username_3148,2026-02-21T13:15:33Z,Not convinced this is practical day-to-day. (software updates) ⚠️,negative
tweet_000001,c_03149,username_3149,2026-02-20T11:16:21Z,This rollout has been messy.,negative
tweet_000001,c_03150,username_3150,2026-02-21T10:04:26Z,What’s the estimated lead time? 🤔,neutral
tweet_000001,c_03151,username_3151,2026-02-21T02:15:34Z,What’s the estimated lead time?,neutral
tweet_000001,c_03152,username_3152,2026-02-20T11:48:44Z,Design grows on you. The utility matters most. (efficiency),positive
tweet_000001,c_03153,username_3153,2026-02-20T12:51:33Z,So many delays… what's different now? (features) 🤦,negative
tweet_000001,c_03154,username_3154,2026-02-20T07:12:08Z,Take my money. (kidding… mostly) 😄,positive
tweet_000001,c_03155,username_3155,2026-02-21T16:51:45Z,This is awesome — Cybertruck looks like the future! 🚀 (serviceability) 🙌,positive
tweet_000001,c_03156,username_3156,2026-02-20T13:14:35Z,Do we have confirmed specs yet?,neutral
tweet_000001,c_03157,username_3157,2026-02-21T12:52:15Z,Limited-time offers feel gimmicky. (features),negative
tweet_000001,c_03158,username_3158,2026-02-21T06:00:36Z,I like the direction — keep iterating. 🙌,positive
tweet_000001,c_03159,username_3159,2026-02-21T02:49:07Z,Concerned about safety and repairs.,negative
tweet_000001,c_03160,username_3160,2026-02-20T17:41:35Z,This could be great for work sites and towing. (suspension),positive
tweet_000001,c_03161,username_3161,2026-02-20T14:57:49Z,This is awesome — Cybertruck looks like the future! 🚀,positive
tweet_000001,c_03162,username_3162,2026-02-20T09:05:59Z,This could be great for work sites and towing. (price),positive
tweet_000001,c_03163,username_3163,2026-02-20T23:34:21Z,The engineering is wild. Congrats to the team! 🔥,positive
tweet_000001,c_03164,username_3164,2026-02-21T16:42:53Z,When will deliveries start in more regions? 🤔,neutral
tweet_000001,c_03165,username_3165,2026-02-20T03:30:52Z,AWD option is a big win. 🔥 (delivery),positive
tweet_000001,c_03166,username_3166,2026-02-20T06:26:40Z,When will deliveries start in more regions? (price),neutral
tweet_000001,c_03167,username_3167,2026-02-21T03:17:00Z,Concerned about safety and repairs. (serviceability) 🤦,negative
tweet_000001,c_03168,username_3168,2026-02-21T04:33:01Z,The engineering is wild. Congrats to the team! (serviceability),positive
tweet_000001,c_03169,username_3169,2026-02-21T12:05:20Z,So many delays… what's different now? (efficiency),negative
tweet_000001,c_03170,username_3170,2026-02-20T03:32:42Z,This could be great for work sites and towing. (range) 😄,positive
tweet_000001,c_03171,username_3171,2026-02-21T05:11:39Z,Not convinced this is practical day-to-day.,negative
tweet_000001,c_03172,username_3172,2026-02-21T20:00:11Z,Design grows on you. The utility matters most.,positive
tweet_000001,c_03173,username_3173,2026-02-21T12:57:11Z,This is awesome — Cybertruck looks like the future! 🚀 (charging),positive
tweet_000001,c_03174,username_3174,2026-02-20T07:34:21Z,This could be great for work sites and towing. (price) ⚡,positive
tweet_000001,c_03175,username_3175,2026-02-21T23:13:11Z,"Love the utilitarian focus. If specs hold, I'm in. (suspension) 🙌",positive
tweet_000001,c_03176,username_3176,2026-02-21T11:25:18Z,This is awesome — Cybertruck looks like the future! 🚀 (build quality),positive
tweet_000001,c_03177,username_3177,2026-02-21T10:06:19Z,Design is… not for me. 🙄,negative
tweet_000001,c_03178,username_3178,2026-02-21T20:27:43Z,Still too expensive for what it is.,negative
tweet_000001,c_03179,username_3179,2026-02-21T13:48:35Z,I’ll believe it when I see consistent deliveries. (suspension),negative
tweet_000001,c_03180,username_3180,2026-02-21T16:15:20Z,Still too expensive for what it is. (price),negative
tweet_000001,c_03181,username_3181,2026-02-21T13:00:38Z,Finally! Can't wait to see these on the road. 🔥,positive
tweet_000001,c_03182,username_3182,2026-02-20T04:08:57Z,AWD option is a big win. 🔥,positive
tweet_000001,c_03183,username_3183,2026-02-20T12:31:18Z,"Love the utilitarian focus. If specs hold, I'm in. (charging) 😄",positive
tweet_000001,c_03184,username_3184,2026-02-22T00:51:48Z,Finally! Can't wait to see these on the road. 🔥,positive
tweet_000001,c_03185,username_3185,2026-02-20T17:31:08Z,Waiting for real-world reviews.,neutral
tweet_000001,c_03186,username_3186,2026-02-21T13:10:29Z,Do we have confirmed specs yet?,neutral
tweet_000001,c_03187,username_3187,2026-02-20T09:42:12Z,"Love the utilitarian focus. If specs hold, I'm in. (delivery)",positive
tweet_000001,c_03188,username_3188,2026-02-21T21:19:11Z,Design grows on you. The utility matters most. (charging) ⚡,positive
tweet_000001,c_03189,username_3189,2026-02-21T08:33:34Z,Still too expensive for what it is.,negative
tweet_000001,c_03190,username_3190,2026-02-21T04:04:04Z,Not convinced this is practical day-to-day. (charging) 🤦,negative
tweet_000001,c_03191,username_3191,2026-02-21T17:49:48Z,Take my money. (kidding… mostly) 😄 (price) ⚡,positive
tweet_000001,c_03192,username_3192,2026-02-21T03:17:33Z,Feels like hype more than substance. (AWD),negative
tweet_000001,c_03193,username_3193,2026-02-20T11:15:51Z,Limited-time offers feel gimmicky. (price),negative
tweet_000001,c_03194,username_3194,2026-02-20T15:33:35Z,This could be great for work sites and towing.,positive
tweet_000001,c_03195,username_3195,2026-02-21T17:50:10Z,AWD option is a big win. 🔥 (features),positive
tweet_000001,c_03196,username_3196,2026-02-21T19:38:19Z,Will there be different trims later? (range) ℹ️,neutral
tweet_000001,c_03197,username_3197,2026-02-20T23:07:13Z,I’ll believe it when I see consistent deliveries.,negative
tweet_000001,c_03198,username_3198,2026-02-21T04:19:40Z,Still too expensive for what it is. (range) ⚠️,negative
tweet_000001,c_03199,username_3199,2026-02-21T19:53:24Z,I like the direction — keep iterating. (features) 🔥,positive
tweet_000001,c_03200,username_3200,2026-02-21T12:13:51Z,The engineering is wild. Congrats to the team! (charging),positive
tweet_000001,c_03201,username_3201,2026-02-20T16:50:30Z,When will deliveries start in more regions? (build quality),neutral
tweet_000001,c_03202,username_3202,2026-02-21T16:40:25Z,When will deliveries start in more regions? (delivery),neutral
tweet_000001,c_03203,username_3203,2026-02-20T11:50:16Z,"Love the utilitarian focus. If specs hold, I'm in. (price)",positive
tweet_000001,c_03204,username_3204,2026-02-20T19:14:27Z,Concerned about safety and repairs.,negative
tweet_000001,c_03205,username_3205,2026-02-20T17:39:32Z,Specs keep changing — hard to plan. (features),negative
tweet_000001,c_03206,username_3206,2026-02-21T00:35:13Z,Concerned about safety and repairs. (efficiency),negative
tweet_000001,c_03207,username_3207,2026-02-21T04:27:38Z,Concerned about safety and repairs. (AWD),negative
tweet_000001,c_03208,username_3208,2026-02-20T10:31:17Z,Feels like hype more than substance.,negative
tweet_000001,c_03209,username_3209,2026-02-21T06:51:09Z,Finally! Can't wait to see these on the road. (build quality) 🚀,positive
tweet_000001,c_03210,username_3210,2026-02-21T08:45:40Z,Hope the build quality is solid. (price),neutral
tweet_000001,c_03211,username_3211,2026-02-20T11:50:58Z,This is awesome — Cybertruck looks like the future! 🚀 (software updates) ⚡,positive
tweet_000001,c_03212,username_3212,2026-02-21T02:06:57Z,Specs keep changing — hard to plan.,negative
tweet_000001,c_03213,username_3213,2026-02-20T23:41:17Z,This could be great for work sites and towing. (software updates),positive
tweet_000001,c_03214,username_3214,2026-02-21T20:10:49Z,Not convinced this is practical day-to-day.,negative
tweet_000001,c_03215,username_3215,2026-02-21T19:02:47Z,Finally! Can't wait to see these on the road. (price),positive
tweet_000001,c_03216,username_3216,2026-02-21T02:11:00Z,I like the direction — keep iterating. (efficiency) ⚡,positive
tweet_000001,c_03217,username_3217,2026-02-20T20:46:50Z,AWD option is a big win. 🔥,positive
tweet_000001,c_03218,username_3218,2026-02-20T17:50:27Z,Looks like Tesla is pushing boundaries again. 🔥,positive
tweet_000001,c_03219,username_3219,2026-02-21T18:27:57Z,Design is… not for me. (towing) ⚠️,negative
tweet_000001,c_03220,username_3220,2026-02-21T14:56:44Z,Concerned about safety and repairs. (serviceability),negative
tweet_000001,c_03221,username_3221,2026-02-22T01:14:42Z,Do we have confirmed specs yet?,neutral
tweet_000001,c_03222,username_3222,2026-02-20T11:23:30Z,AWD option is a big win. 🔥 (efficiency) 🙌,positive
tweet_000001,c_03223,username_3223,2026-02-21T17:30:40Z,Looks like Tesla is pushing boundaries again. (charging),positive
tweet_000001,c_03224,username_3224,2026-02-20T13:52:39Z,"Love the utilitarian focus. If specs hold, I'm in.",positive
tweet_000001,c_03225,username_3225,2026-02-21T23:45:03Z,The engineering is wild. Congrats to the team! (features),positive
tweet_000001,c_03226,username_3226,2026-02-21T01:49:00Z,I’ll believe it when I see consistent deliveries.,negative
tweet_000001,c_03227,username_3227,2026-02-21T04:33:23Z,The engineering is wild. Congrats to the team! (suspension) 🙌,positive
tweet_000001,c_03228,username_3228,2026-02-21T10:40:44Z,I like the direction — keep iterating. (towing),positive
tweet_000001,c_03229,username_3229,2026-02-20T19:38:20Z,"Love the utilitarian focus. If specs hold, I'm in.",positive
tweet_000001,c_03230,username_3230,2026-02-21T05:52:23Z,This is awesome — Cybertruck looks like the future! 🚀 (features),positive
tweet_000001,c_03231,username_3231,2026-02-21T13:17:55Z,How does this compare to the earlier announced configuration?,neutral
tweet_000001,c_03232,username_3232,2026-02-20T21:25:37Z,What’s the estimated lead time? (AWD) 📅,neutral
tweet_000001,c_03233,username_3233,2026-02-21T22:59:15Z,This could be great for work sites and towing. (charging),positive
tweet_000001,c_03234,username_3234,2026-02-21T00:03:08Z,"Love the utilitarian focus. If specs hold, I'm in. (price) 🚀",positive
tweet_000001,c_03235,username_3235,2026-02-20T04:14:16Z,"Love the utilitarian focus. If specs hold, I'm in. (build quality)",positive
tweet_000001,c_03236,username_3236,2026-02-20T10:31:42Z,"Love the utilitarian focus. If specs hold, I'm in.",positive
tweet_000001,c_03237,username_3237,2026-02-20T16:10:11Z,This is awesome — Cybertruck looks like the future! 🚀,positive
tweet_000001,c_03238,username_3238,2026-02-20T01:58:03Z,Limited-time offers feel gimmicky. (serviceability),negative
tweet_000001,c_03239,username_3239,2026-02-20T21:56:38Z,Will there be different trims later? (AWD),neutral
tweet_000001,c_03240,username_3240,2026-02-21T18:48:03Z,Is the limited-time offer available everywhere?,neutral
tweet_000001,c_03241,username_3241,2026-02-20T18:27:40Z,Finally! Can't wait to see these on the road. (serviceability) 🔥,positive
tweet_000001,c_03242,username_3242,2026-02-20T13:45:47Z,Take my money. (kidding… mostly) 😄 (serviceability) 🔥,positive
tweet_000001,c_03243,username_3243,2026-02-20T07:53:21Z,Hope the build quality is solid.,neutral
tweet_000001,c_03244,username_3244,2026-02-20T20:53:27Z,Feels like hype more than substance. (AWD),negative
tweet_000001,c_03245,username_3245,2026-02-20T17:20:26Z,Design is… not for me. (delivery),negative
tweet_000001,c_03246,username_3246,2026-02-20T17:17:41Z,AWD option is a big win. 🔥 (AWD),positive
tweet_000001,c_03247,username_3247,2026-02-21T08:56:23Z,Hope the build quality is solid.,neutral
tweet_000001,c_03248,username_3248,2026-02-21T09:44:19Z,The engineering is wild. Congrats to the team! (price),positive
tweet_000001,c_03249,username_3249,2026-02-21T09:35:26Z,Feels like hype more than substance. (software updates),negative
tweet_000001,c_03250,username_3250,2026-02-21T04:55:57Z,Interesting update. Any details on range and pricing? (towing) 📅,neutral
tweet_000001,c_03251,username_3251,2026-02-21T09:02:45Z,What’s the estimated lead time? (range),neutral
tweet_000001,c_03252,username_3252,2026-02-21T22:04:45Z,Take my money. (kidding… mostly) 😄,positive
tweet_000001,c_03253,username_3253,2026-02-21T04:24:29Z,Curious about charging speed on 800V.,neutral
tweet_000001,c_03254,username_3254,2026-02-21T04:45:02Z,Finally! Can't wait to see these on the road. ✅,positive
tweet_000001,c_03255,username_3255,2026-02-21T02:58:26Z,Take my money. (kidding… mostly) 😄 (suspension) 🔥,positive
tweet_000001,c_03256,username_3256,2026-02-21T04:52:48Z,Design grows on you. The utility matters most.,positive
tweet_000001,c_03257,username_3257,2026-02-21T18:16:08Z,Design is… not for me. 😕,negative
tweet_000001,c_03258,username_3258,2026-02-21T05:33:59Z,Design grows on you. The utility matters most. (software updates) 😄,positive
tweet_000001,c_03259,username_3259,2026-02-21T09:40:39Z,Take my money. (kidding… mostly) 😄 (towing) ✅,positive
tweet_000001,c_03260,username_3260,2026-02-21T03:56:40Z,Specs keep changing — hard to plan. (delivery) 😒,negative
tweet_000001,c_03261,username_3261,2026-02-22T00:13:05Z,I like the direction — keep iterating. (features) 🚀,positive
tweet_000001,c_03262,username_3262,2026-02-21T05:01:33Z,Waiting for real-world reviews. (AWD) ℹ️,neutral
tweet_000001,c_03263,username_3263,2026-02-20T07:58:36Z,Design grows on you. The utility matters most. 🚀,positive
tweet_000001,c_03264,username_3264,2026-02-21T15:29:52Z,AWD option is a big win. 🔥 (towing) 😄,positive
tweet_000001,c_03265,username_3265,2026-02-20T21:31:50Z,I’ll believe it when I see consistent deliveries. (towing) 😕,negative
tweet_000001,c_03266,username_3266,2026-02-20T18:07:49Z,"Love the utilitarian focus. If specs hold, I'm in.",positive
tweet_000001,c_03267,username_3267,2026-02-20T14:03:42Z,Is the limited-time offer available everywhere? (software updates),neutral
tweet_000001,c_03268,username_3268,2026-02-20T18:27:10Z,Interesting update. Any details on range and pricing? 🤔,neutral
tweet_000001,c_03269,username_3269,2026-02-20T06:09:23Z,When will deliveries start in more regions? (features) 🤔,neutral
tweet_000001,c_03270,username_3270,2026-02-21T10:55:51Z,Not convinced this is practical day-to-day.,negative
tweet_000001,c_03271,username_3271,2026-02-20T12:22:14Z,I like the direction — keep iterating. 🚀,positive
tweet_000001,c_03272,username_3272,2026-02-21T00:57:02Z,Finally! Can't wait to see these on the road.,positive
tweet_000001,c_03273,username_3273,2026-02-20T02:45:31Z,Not convinced this is practical day-to-day. (range),negative
tweet_000001,c_03274,username_3274,2026-02-20T13:24:38Z,Interesting update. Any details on range and pricing? (delivery) 🧐,neutral
tweet_000001,c_03275,username_3275,2026-02-21T19:02:15Z,Specs keep changing — hard to plan. (charging) 😕,negative
tweet_000001,c_03276,username_3276,2026-02-20T19:19:28Z,I’ll believe it when I see consistent deliveries.,negative
tweet_000001,c_03277,username_3277,2026-02-20T06:08:03Z,Concerned about safety and repairs. (towing),negative
tweet_000001,c_03278,username_3278,2026-02-21T12:55:39Z,Will there be different trims later? (suspension),neutral
tweet_000001,c_03279,username_3279,2026-02-21T15:28:58Z,This could be great for work sites and towing.,positive
tweet_000001,c_03280,username_3280,2026-02-21T03:01:22Z,So many delays… what's different now? (suspension),negative
tweet_000001,c_03281,username_3281,2026-02-20T19:33:30Z,What’s the estimated lead time? 📅,neutral
tweet_000001,c_03282,username_3282,2026-02-20T10:26:33Z,This is awesome — Cybertruck looks like the future! 🚀 (serviceability),positive
tweet_000001,c_03283,username_3283,2026-02-20T22:58:54Z,Limited-time offers feel gimmicky.,negative
tweet_000001,c_03284,username_3284,2026-02-21T04:37:31Z,Specs keep changing — hard to plan. (stainless steel),negative
tweet_000001,c_03285,username_3285,2026-02-20T02:25:05Z,Do we have confirmed specs yet? (efficiency),neutral
tweet_000001,c_03286,username_3286,2026-02-21T10:00:49Z,Design grows on you. The utility matters most.,positive
tweet_000001,c_03287,username_3287,2026-02-22T00:30:50Z,AWD option is a big win. 🔥 (delivery) 🔥,positive
tweet_000001,c_03288,username_3288,2026-02-21T09:13:08Z,Specs keep changing — hard to plan. (charging),negative
tweet_000001,c_03289,username_3289,2026-02-21T04:18:24Z,Design is… not for me. (software updates),negative
tweet_000001,c_03290,username_3290,2026-02-20T19:07:01Z,Finally! Can't wait to see these on the road.,positive
tweet_000001,c_03291,username_3291,2026-02-20T22:45:42Z,Looks like Tesla is pushing boundaries again. (charging),positive
tweet_000001,c_03292,username_3292,2026-02-22T00:49:53Z,Concerned about safety and repairs. (towing),negative
tweet_000001,c_03293,username_3293,2026-02-21T14:34:24Z,I like the direction — keep iterating. (charging) ✅,positive
tweet_000001,c_03294,username_3294,2026-02-20T15:20:19Z,Is the limited-time offer available everywhere? 🤔,neutral
tweet_000001,c_03295,username_3295,2026-02-20T11:52:37Z,Not convinced this is practical day-to-day. (range),negative
tweet_000001,c_03296,username_3296,2026-02-21T23:10:27Z,I like the direction — keep iterating. (charging),positive
tweet_000001,c_03297,username_3297,2026-02-21T21:52:54Z,How does this compare to the earlier announced configuration? (stainless steel) 🤔,neutral
tweet_000001,c_03298,username_3298,2026-02-21T14:53:47Z,Design grows on you. The utility matters most. (charging),positive
tweet_000001,c_03299,username_3299,2026-02-21T08:48:35Z,I like the direction — keep iterating. (features),positive
tweet_000001,c_03300,username_3300,2026-02-21T18:29:25Z,Not convinced this is practical day-to-day. (delivery),negative
tweet_000001,c_03301,username_3301,2026-02-21T04:46:10Z,Looks like Tesla is pushing boundaries again.,positive
tweet_000001,c_03302,username_3302,2026-02-21T23:30:15Z,Specs keep changing — hard to plan. (features),negative
tweet_000001,c_03303,username_3303,2026-02-20T08:02:09Z,Hope the build quality is solid. (software updates) 🤔,neutral
tweet_000001,c_03304,username_3304,2026-02-20T23:18:26Z,This is awesome — Cybertruck looks like the future! 🚀 🙌,positive
tweet_000001,c_03305,username_3305,2026-02-20T15:21:07Z,Take my money. (kidding… mostly) 😄,positive
tweet_000001,c_03306,username_3306,2026-02-21T08:20:12Z,I like the direction — keep iterating. (AWD) 🚀,positive
tweet_000001,c_03307,username_3307,2026-02-20T13:08:52Z,This is awesome — Cybertruck looks like the future! 🚀 (charging),positive
tweet_000001,c_03308,username_3308,2026-02-20T17:12:14Z,This could be great for work sites and towing. ⚡,positive
tweet_000001,c_03309,username_3309,2026-02-21T13:11:03Z,"Love the utilitarian focus. If specs hold, I'm in. (charging)",positive
tweet_000001,c_03310,username_3310,2026-02-21T02:12:26Z,Hope the build quality is solid.,neutral
tweet_000001,c_03311,username_3311,2026-02-21T11:23:46Z,Specs keep changing — hard to plan. (build quality),negative
tweet_000001,c_03312,username_3312,2026-02-21T01:19:24Z,This rollout has been messy. (efficiency),negative
tweet_000001,c_03313,username_3313,2026-02-21T20:11:47Z,Not convinced this is practical day-to-day.,negative
tweet_000001,c_03314,username_3314,2026-02-20T19:06:43Z,The engineering is wild. Congrats to the team!,positive
tweet_000001,c_03315,username_3315,2026-02-20T21:04:12Z,Looks like Tesla is pushing boundaries again. ⚡,positive
tweet_000001,c_03316,username_3316,2026-02-21T06:43:12Z,Still too expensive for what it is. ⚠️,negative
tweet_000001,c_03317,username_3317,2026-02-20T09:00:17Z,Curious about charging speed on 800V. (features) ℹ️,neutral
tweet_000001,c_03318,username_3318,2026-02-21T11:03:45Z,Finally! Can't wait to see these on the road.,positive
tweet_000001,c_03319,username_3319,2026-02-21T14:05:03Z,This rollout has been messy. (software updates),negative
tweet_000001,c_03320,username_3320,2026-02-21T01:22:05Z,Specs keep changing — hard to plan. (delivery),negative
tweet_000001,c_03321,username_3321,2026-02-20T06:04:45Z,Waiting for real-world reviews. 📅,neutral
tweet_000001,c_03322,username_3322,2026-02-21T08:43:10Z,Finally! Can't wait to see these on the road. (range) ✅,positive
tweet_000001,c_03323,username_3323,2026-02-20T09:51:32Z,Specs keep changing — hard to plan. (charging),negative
tweet_000001,c_03324,username_3324,2026-02-21T06:06:39Z,Hope the build quality is solid. (software updates),neutral
tweet_000001,c_03325,username_3325,2026-02-20T22:06:35Z,Design is… not for me. 🙄,negative
tweet_000001,c_03326,username_3326,2026-02-21T20:47:37Z,This rollout has been messy. (price) 😕,negative
tweet_000001,c_03327,username_3327,2026-02-20T01:52:05Z,I’ll believe it when I see consistent deliveries. (charging),negative
tweet_000001,c_03328,username_3328,2026-02-22T00:26:01Z,Curious about charging speed on 800V. ℹ️,neutral
tweet_000001,c_03329,username_3329,2026-02-20T03:37:48Z,Finally! Can't wait to see these on the road. (stainless steel),positive
tweet_000001,c_03330,username_3330,2026-02-21T03:15:51Z,So many delays… what's different now? (delivery),negative
tweet_000001,c_03331,username_3331,2026-02-21T01:17:24Z,When will deliveries start in more regions? (serviceability) 🤔,neutral
tweet_000001,c_03332,username_3332,2026-02-21T21:59:11Z,Still too expensive for what it is. 🙄,negative
tweet_000001,c_03333,username_3333,2026-02-21T05:42:42Z,This could be great for work sites and towing. (serviceability) 🙌,positive
tweet_000001,c_03334,username_3334,2026-02-20T06:28:11Z,Design grows on you. The utility matters most. (price),positive
tweet_000001,c_03335,username_3335,2026-02-20T20:10:52Z,I’ll believe it when I see consistent deliveries.,negative
tweet_000001,c_03336,username_3336,2026-02-20T08:14:57Z,Feels like hype more than substance.,negative
tweet_000001,c_03337,username_3337,2026-02-20T03:34:57Z,Concerned about safety and repairs.,negative
tweet_000001,c_03338,username_3338,2026-02-21T11:40:05Z,Feels like hype more than substance. (build quality) 🤦,negative
tweet_000001,c_03339,username_3339,2026-02-21T07:41:08Z,Do we have confirmed specs yet?,neutral
tweet_000001,c_03340,username_3340,2026-02-21T01:01:58Z,Design is… not for me. (delivery),negative
tweet_000001,c_03341,username_3341,2026-02-20T03:55:46Z,Limited-time offers feel gimmicky. (price) 🤦,negative
tweet_000001,c_03342,username_3342,2026-02-20T10:25:58Z,Curious about charging speed on 800V. 🧐,neutral
tweet_000001,c_03343,username_3343,2026-02-21T00:32:53Z,Hope the build quality is solid. (charging),neutral
tweet_000001,c_03344,username_3344,2026-02-20T10:10:43Z,I like the direction — keep iterating. ⚡,positive
tweet_000001,c_03345,username_3345,2026-02-20T16:31:30Z,How does this compare to the earlier announced configuration?,neutral
tweet_000001,c_03346,username_3346,2026-02-21T05:42:24Z,Design is… not for me. (range) ⚠️,negative
tweet_000001,c_03347,username_3347,2026-02-21T05:37:00Z,Finally! Can't wait to see these on the road.,positive
tweet_000001,c_03348,username_3348,2026-02-21T06:11:39Z,Looks like Tesla is pushing boundaries again. (stainless steel),positive
tweet_000001,c_03349,username_3349,2026-02-21T08:00:16Z,Looks like Tesla is pushing boundaries again.,positive
tweet_000001,c_03350,username_3350,2026-02-20T14:38:44Z,This is awesome — Cybertruck looks like the future! 🚀 ✅,positive
tweet_000001,c_03351,username_3351,2026-02-21T07:31:39Z,"Love the utilitarian focus. If specs hold, I'm in. (stainless steel) 🔥",positive
tweet_000001,c_03352,username_3352,2026-02-20T18:43:40Z,I like the direction — keep iterating.,positive
tweet_000001,c_03353,username_3353,2026-02-20T15:58:40Z,I’ll believe it when I see consistent deliveries. (features) ⚠️,negative
tweet_000001,c_03354,username_3354,2026-02-21T02:13:25Z,Hope the build quality is solid. (range) ℹ️,neutral
tweet_000001,c_03355,username_3355,2026-02-20T16:37:08Z,Finally! Can't wait to see these on the road. (efficiency),positive
tweet_000001,c_03356,username_3356,2026-02-21T14:01:17Z,AWD option is a big win. 🔥 (build quality),positive
tweet_000001,c_03357,username_3357,2026-02-21T21:50:53Z,So many delays… what's different now? (features),negative
tweet_000001,c_03358,username_3358,2026-02-20T04:07:15Z,This could be great for work sites and towing.,positive
tweet_000001,c_03359,username_3359,2026-02-20T22:22:52Z,Not convinced this is practical day-to-day.,negative
tweet_000001,c_03360,username_3360,2026-02-20T21:57:56Z,This rollout has been messy. (serviceability),negative
tweet_000001,c_03361,username_3361,2026-02-20T05:49:22Z,Feels like hype more than substance.,negative
tweet_000001,c_03362,username_3362,2026-02-21T11:00:15Z,Design grows on you. The utility matters most. (stainless steel),positive
tweet_000001,c_03363,username_3363,2026-02-20T17:28:51Z,Feels like hype more than substance. (efficiency),negative
tweet_000001,c_03364,username_3364,2026-02-20T17:57:34Z,Design grows on you. The utility matters most. (towing) 🔥,positive
tweet_000001,c_03365,username_3365,2026-02-20T04:12:08Z,Design is… not for me.,negative
tweet_000001,c_03366,username_3366,2026-02-21T06:09:25Z,Interesting update. Any details on range and pricing? (price),neutral
tweet_000001,c_03367,username_3367,2026-02-20T21:10:31Z,I like the direction — keep iterating.,positive
tweet_000001,c_03368,username_3368,2026-02-21T07:35:49Z,This is awesome — Cybertruck looks like the future! 🚀 (suspension),positive
tweet_000001,c_03369,username_3369,2026-02-21T23:51:17Z,AWD option is a big win. 🔥,positive
tweet_000001,c_03370,username_3370,2026-02-21T13:24:50Z,So many delays… what's different now? (efficiency),negative
tweet_000001,c_03371,username_3371,2026-02-20T09:41:15Z,The engineering is wild. Congrats to the team! ⚡,positive
tweet_000001,c_03372,username_3372,2026-02-21T01:10:37Z,Curious about charging speed on 800V. (AWD) 📅,neutral
tweet_000001,c_03373,username_3373,2026-02-20T07:03:06Z,Looks like Tesla is pushing boundaries again.,positive
tweet_000001,c_03374,username_3374,2026-02-20T02:45:23Z,Limited-time offers feel gimmicky. (suspension),negative
tweet_000001,c_03375,username_3375,2026-02-20T13:33:28Z,Specs keep changing — hard to plan.,negative
tweet_000001,c_03376,username_3376,2026-02-21T08:18:11Z,Design is… not for me.,negative
tweet_000001,c_03377,username_3377,2026-02-20T22:16:41Z,Specs keep changing — hard to plan.,negative
tweet_000001,c_03378,username_3378,2026-02-21T23:46:55Z,"Love the utilitarian focus. If specs hold, I'm in. (delivery)",positive
tweet_000001,c_03379,username_3379,2026-02-20T01:29:32Z,The engineering is wild. Congrats to the team! (features),positive
tweet_000001,c_03380,username_3380,2026-02-20T20:54:52Z,I’ll believe it when I see consistent deliveries. (charging) 😒,negative
tweet_000001,c_03381,username_3381,2026-02-21T16:10:40Z,This could be great for work sites and towing. (charging),positive
tweet_000001,c_03382,username_3382,2026-02-20T21:30:54Z,"Love the utilitarian focus. If specs hold, I'm in. (price) 😄",positive
tweet_000001,c_03383,username_3383,2026-02-20T15:02:03Z,I like the direction — keep iterating.,positive
tweet_000001,c_03384,username_3384,2026-02-21T22:25:18Z,"Love the utilitarian focus. If specs hold, I'm in. ✅",positive
tweet_000001,c_03385,username_3385,2026-02-20T12:55:32Z,I like the direction — keep iterating.,positive
tweet_000001,c_03386,username_3386,2026-02-21T12:06:25Z,This rollout has been messy. (software updates),negative
tweet_000001,c_03387,username_3387,2026-02-21T08:44:11Z,"Love the utilitarian focus. If specs hold, I'm in.",positive
tweet_000001,c_03388,username_3388,2026-02-21T06:33:22Z,Do we have confirmed specs yet? (serviceability),neutral
tweet_000001,c_03389,username_3389,2026-02-21T19:56:49Z,"Love the utilitarian focus. If specs hold, I'm in.",positive
tweet_000001,c_03390,username_3390,2026-02-22T01:05:35Z,Feels like hype more than substance. (charging),negative
tweet_000001,c_03391,username_3391,2026-02-22T00:02:14Z,Looks like Tesla is pushing boundaries again. (range) 🔥,positive
tweet_000001,c_03392,username_3392,2026-02-20T01:31:15Z,So many delays… what's different now? (efficiency),negative
tweet_000001,c_03393,username_3393,2026-02-22T00:29:17Z,This rollout has been messy. (range),negative
tweet_000001,c_03394,username_3394,2026-02-21T10:59:58Z,"Love the utilitarian focus. If specs hold, I'm in. (price)",positive
tweet_000001,c_03395,username_3395,2026-02-21T18:07:50Z,Limited-time offers feel gimmicky. (charging),negative
tweet_000001,c_03396,username_3396,2026-02-21T17:24:59Z,This rollout has been messy. (features) ⚠️,negative
tweet_000001,c_03397,username_3397,2026-02-20T19:09:57Z,Specs keep changing — hard to plan. (software updates) 😕,negative
tweet_000001,c_03398,username_3398,2026-02-20T05:14:55Z,Specs keep changing — hard to plan.,negative
tweet_000001,c_03399,username_3399,2026-02-20T20:03:26Z,Take my money. (kidding… mostly) 😄 😄,positive
tweet_000001,c_03400,username_3400,2026-02-20T06:40:02Z,What’s the estimated lead time? (charging),neutral
tweet_000001,c_03401,username_3401,2026-02-20T23:04:56Z,Take my money. (kidding… mostly) 😄 (towing) ⚡,positive
tweet_000001,c_03402,username_3402,2026-02-20T08:01:39Z,Finally! Can't wait to see these on the road.,positive
tweet_000001,c_03403,username_3403,2026-02-20T08:32:26Z,This rollout has been messy. (towing),negative
tweet_000001,c_03404,username_3404,2026-02-21T00:25:43Z,"Love the utilitarian focus. If specs hold, I'm in. (AWD)",positive
tweet_000001,c_03405,username_3405,2026-02-20T06:59:27Z,Design is… not for me. (towing),negative
tweet_000001,c_03406,username_3406,2026-02-21T17:18:53Z,Not convinced this is practical day-to-day. 😒,negative
tweet_000001,c_03407,username_3407,2026-02-21T19:17:31Z,Not convinced this is practical day-to-day. (build quality),negative
tweet_000001,c_03408,username_3408,2026-02-20T08:33:48Z,Concerned about safety and repairs. 🤦,negative
tweet_000001,c_03409,username_3409,2026-02-20T08:01:10Z,Looks like Tesla is pushing boundaries again. (range) 🚀,positive
tweet_000001,c_03410,username_3410,2026-02-21T20:05:20Z,This is awesome — Cybertruck looks like the future! 🚀 (charging) ✅,positive
tweet_000001,c_03411,username_3411,2026-02-21T06:48:47Z,I like the direction — keep iterating. (delivery),positive
tweet_000001,c_03412,username_3412,2026-02-21T18:06:52Z,The engineering is wild. Congrats to the team! (delivery) 🙌,positive
tweet_000001,c_03413,username_3413,2026-02-20T08:48:49Z,This is awesome — Cybertruck looks like the future! 🚀 (suspension),positive
tweet_000001,c_03414,username_3414,2026-02-20T13:34:59Z,I like the direction — keep iterating. (software updates) 🙌,positive
tweet_000001,c_03415,username_3415,2026-02-20T21:09:07Z,So many delays… what's different now?,negative
tweet_000001,c_03416,username_3416,2026-02-20T14:54:25Z,How does this compare to the earlier announced configuration? (range),neutral
tweet_000001,c_03417,username_3417,2026-02-21T21:54:21Z,Take my money. (kidding… mostly) 😄 (build quality) 🔥,positive
tweet_000001,c_03418,username_3418,2026-02-21T06:42:22Z,So many delays… what's different now? (serviceability) 🙄,negative
tweet_000001,c_03419,username_3419,2026-02-21T22:08:01Z,"Love the utilitarian focus. If specs hold, I'm in. 🙌",positive
tweet_000001,c_03420,username_3420,2026-02-21T13:29:23Z,This is awesome — Cybertruck looks like the future! 🚀,positive
tweet_000001,c_03421,username_3421,2026-02-20T15:10:12Z,Specs keep changing — hard to plan.,negative
tweet_000001,c_03422,username_3422,2026-02-21T23:54:47Z,Hope the build quality is solid. (efficiency) 🤔,neutral
tweet_000001,c_03423,username_3423,2026-02-20T18:03:37Z,Design is… not for me.,negative
tweet_000001,c_03424,username_3424,2026-02-21T05:59:33Z,Finally! Can't wait to see these on the road. 🚀,positive
tweet_000001,c_03425,username_3425,2026-02-21T19:05:21Z,Still too expensive for what it is.,negative
tweet_000001,c_03426,username_3426,2026-02-20T02:15:07Z,Will there be different trims later? (AWD),neutral
tweet_000001,c_03427,username_3427,2026-02-20T11:57:11Z,When will deliveries start in more regions?,neutral
tweet_000001,c_03428,username_3428,2026-02-21T07:11:14Z,Will there be different trims later?,neutral
tweet_000001,c_03429,username_3429,2026-02-21T09:32:17Z,Design is… not for me. 🤦,negative
tweet_000001,c_03430,username_3430,2026-02-21T02:58:03Z,Do we have confirmed specs yet?,neutral
tweet_000001,c_03431,username_3431,2026-02-20T18:55:40Z,How does this compare to the earlier announced configuration? (towing),neutral
tweet_000001,c_03432,username_3432,2026-02-20T19:36:29Z,Still too expensive for what it is. (delivery) 😕,negative
tweet_000001,c_03433,username_3433,2026-02-21T10:39:17Z,Not convinced this is practical day-to-day. (software updates) ⚠️,negative
tweet_000001,c_03434,username_3434,2026-02-20T11:29:43Z,AWD option is a big win. 🔥 (software updates),positive
tweet_000001,c_03435,username_3435,2026-02-21T11:42:35Z,Not convinced this is practical day-to-day. (charging) 🙄,negative
tweet_000001,c_03436,username_3436,2026-02-21T09:58:12Z,The engineering is wild. Congrats to the team! 😄,positive
tweet_000001,c_03437,username_3437,2026-02-21T05:41:32Z,AWD option is a big win. 🔥 (AWD),positive
tweet_000001,c_03438,username_3438,2026-02-20T10:58:12Z,Interesting update. Any details on range and pricing?,neutral
tweet_000001,c_03439,username_3439,2026-02-21T05:15:15Z,Design is… not for me.,negative
tweet_000001,c_03440,username_3440,2026-02-21T23:59:27Z,I’ll believe it when I see consistent deliveries. (suspension),negative
tweet_000001,c_03441,username_3441,2026-02-20T19:48:17Z,"Love the utilitarian focus. If specs hold, I'm in. (efficiency)",positive
tweet_000001,c_03442,username_3442,2026-02-20T23:50:21Z,Will there be different trims later? (serviceability),neutral
tweet_000001,c_03443,username_3443,2026-02-20T09:03:00Z,The engineering is wild. Congrats to the team! 🔥,positive
tweet_000001,c_03444,username_3444,2026-02-21T17:44:01Z,So many delays… what's different now? (build quality),negative
tweet_000001,c_03445,username_3445,2026-02-21T22:56:40Z,Feels like hype more than substance. 😕,negative
tweet_000001,c_03446,username_3446,2026-02-21T01:05:19Z,What’s the estimated lead time? (stainless steel) ℹ️,neutral
tweet_000001,c_03447,username_3447,2026-02-20T14:53:38Z,Limited-time offers feel gimmicky.,negative
tweet_000001,c_03448,username_3448,2026-02-21T08:11:11Z,Specs keep changing — hard to plan. 🙄,negative
tweet_000001,c_03449,username_3449,2026-02-21T23:02:28Z,Will there be different trims later?,neutral
tweet_000001,c_03450,username_3450,2026-02-21T18:24:27Z,Design grows on you. The utility matters most. (software updates),positive
tweet_000001,c_03451,username_3451,2026-02-20T15:32:30Z,Do we have confirmed specs yet? (stainless steel),neutral
tweet_000001,c_03452,username_3452,2026-02-20T18:48:40Z,Not convinced this is practical day-to-day. (AWD),negative
tweet_000001,c_03453,username_3453,2026-02-21T18:12:19Z,Still too expensive for what it is. 🙄,negative
tweet_000001,c_03454,username_3454,2026-02-20T18:05:35Z,Take my money. (kidding… mostly) 😄 😄,positive
tweet_000001,c_03455,username_3455,2026-02-21T16:12:21Z,Limited-time offers feel gimmicky. (build quality),negative
tweet_000001,c_03456,username_3456,2026-02-20T11:07:58Z,The engineering is wild. Congrats to the team! 🚀,positive
tweet_000001,c_03457,username_3457,2026-02-20T03:54:58Z,Is the limited-time offer available everywhere? (serviceability),neutral
tweet_000001,c_03458,username_3458,2026-02-20T21:40:08Z,So many delays… what's different now?,negative
tweet_000001,c_03459,username_3459,2026-02-20T08:03:25Z,This rollout has been messy.,negative
tweet_000001,c_03460,username_3460,2026-02-20T08:03:33Z,Is the limited-time offer available everywhere?,neutral
tweet_000001,c_03461,username_3461,2026-02-21T23:03:36Z,The engineering is wild. Congrats to the team! (suspension) 🔥,positive
tweet_000001,c_03462,username_3462,2026-02-22T01:06:46Z,This is awesome — Cybertruck looks like the future! 🚀,positive
tweet_000001,c_03463,username_3463,2026-02-20T17:00:17Z,Will there be different trims later? ℹ️,neutral
tweet_000001,c_03464,username_3464,2026-02-21T19:10:09Z,Is the limited-time offer available everywhere? (suspension),neutral
tweet_000001,c_03465,username_3465,2026-02-21T03:14:19Z,This could be great for work sites and towing. (delivery) 🚀,positive
tweet_000001,c_03466,username_3466,2026-02-21T22:55:18Z,So many delays… what's different now? (towing) 🙄,negative
tweet_000001,c_03467,username_3467,2026-02-20T18:18:19Z,Interesting update. Any details on range and pricing? ℹ️,neutral
tweet_000001,c_03468,username_3468,2026-02-20T15:38:31Z,I’ll believe it when I see consistent deliveries. (range),negative
tweet_000001,c_03469,username_3469,2026-02-20T17:40:46Z,So many delays… what's different now? (price),negative
tweet_000001,c_03470,username_3470,2026-02-20T16:07:00Z,Looks like Tesla is pushing boundaries again.,positive
tweet_000001,c_03471,username_3471,2026-02-20T23:03:56Z,Take my money. (kidding… mostly) 😄 (price),positive
tweet_000001,c_03472,username_3472,2026-02-20T12:49:58Z,Feels like hype more than substance. (delivery),negative
tweet_000001,c_03473,username_3473,2026-02-21T16:03:50Z,Curious about charging speed on 800V.,neutral
tweet_000001,c_03474,username_3474,2026-02-20T09:09:09Z,Limited-time offers feel gimmicky. 🙄,negative
tweet_000001,c_03475,username_3475,2026-02-21T07:28:23Z,Limited-time offers feel gimmicky. (suspension),negative
tweet_000001,c_03476,username_3476,2026-02-20T20:37:47Z,Not convinced this is practical day-to-day.,negative
tweet_000001,c_03477,username_3477,2026-02-21T15:54:23Z,So many delays… what's different now?,negative
tweet_000001,c_03478,username_3478,2026-02-21T01:17:00Z,How does this compare to the earlier announced configuration? (serviceability),neutral
tweet_000001,c_03479,username_3479,2026-02-21T18:33:32Z,Do we have confirmed specs yet?,neutral
tweet_000001,c_03480,username_3480,2026-02-21T21:44:16Z,This could be great for work sites and towing. (towing),positive
tweet_000001,c_03481,username_3481,2026-02-20T02:42:30Z,The engineering is wild. Congrats to the team! (software updates),positive
tweet_000001,c_03482,username_3482,2026-02-21T11:06:02Z,When will deliveries start in more regions? ℹ️,neutral
tweet_000001,c_03483,username_3483,2026-02-20T05:10:01Z,The engineering is wild. Congrats to the team!,positive
tweet_000001,c_03484,username_3484,2026-02-20T09:29:25Z,Not convinced this is practical day-to-day. (efficiency),negative
tweet_000001,c_03485,username_3485,2026-02-20T11:05:46Z,Interesting update. Any details on range and pricing? (build quality),neutral
tweet_000001,c_03486,username_3486,2026-02-20T10:27:22Z,Do we have confirmed specs yet?,neutral
tweet_000001,c_03487,username_3487,2026-02-21T21:26:35Z,I like the direction — keep iterating. 🙌,positive
tweet_000001,c_03488,username_3488,2026-02-20T07:20:06Z,Looks like Tesla is pushing boundaries again. (price) ✅,positive
tweet_000001,c_03489,username_3489,2026-02-21T17:13:12Z,Finally! Can't wait to see these on the road. 😄,positive
tweet_000001,c_03490,username_3490,2026-02-20T16:11:58Z,Finally! Can't wait to see these on the road. ⚡,positive
tweet_000001,c_03491,username_3491,2026-02-20T07:45:31Z,I like the direction — keep iterating. (charging) ⚡,positive
tweet_000001,c_03492,username_3492,2026-02-21T23:24:21Z,What’s the estimated lead time? (features),neutral
tweet_000001,c_03493,username_3493,2026-02-20T13:14:17Z,Specs keep changing — hard to plan. 😕,negative
tweet_000001,c_03494,username_3494,2026-02-20T02:05:22Z,Still too expensive for what it is.,negative
tweet_000001,c_03495,username_3495,2026-02-20T03:27:35Z,Limited-time offers feel gimmicky. (features),negative
tweet_000001,c_03496,username_3496,2026-02-21T23:38:16Z,Design grows on you. The utility matters most. (suspension) 🚀,positive
tweet_000001,c_03497,username_3497,2026-02-21T09:12:55Z,Not convinced this is practical day-to-day. 😒,negative
tweet_000001,c_03498,username_3498,2026-02-20T03:07:54Z,I’ll believe it when I see consistent deliveries. 😕,negative
tweet_000001,c_03499,username_3499,2026-02-21T13:57:05Z,AWD option is a big win. 🔥 🚀,positive
tweet_000001,c_03500,username_3500,2026-02-21T16:59:31Z,I’ll believe it when I see consistent deliveries.,negative
tweet_000001,c_03501,username_3501,2026-02-21T11:58:04Z,AWD option is a big win. 🔥 (features) 🔥,positive
tweet_000001,c_03502,username_3502,2026-02-20T22:17:33Z,Not convinced this is practical day-to-day. 🤦,negative
tweet_000001,c_03503,username_3503,2026-02-21T11:23:32Z,Still too expensive for what it is. (charging) 😒,negative
tweet_000001,c_03504,username_3504,2026-02-20T04:48:26Z,This is awesome — Cybertruck looks like the future! 🚀,positive
tweet_000001,c_03505,username_3505,2026-02-21T04:46:03Z,This rollout has been messy. 😒,negative
tweet_000001,c_03506,username_3506,2026-02-20T21:16:50Z,What’s the estimated lead time? (software updates),neutral
tweet_000001,c_03507,username_3507,2026-02-20T18:25:14Z,Concerned about safety and repairs. (towing),negative
tweet_000001,c_03508,username_3508,2026-02-21T00:40:16Z,Waiting for real-world reviews.,neutral
tweet_000001,c_03509,username_3509,2026-02-20T13:38:46Z,So many delays… what's different now? (range),negative
tweet_000001,c_03510,username_3510,2026-02-20T04:07:02Z,This could be great for work sites and towing. (AWD) 🙌,positive
tweet_000001,c_03511,username_3511,2026-02-21T21:58:31Z,I like the direction — keep iterating. (stainless steel),positive
tweet_000001,c_03512,username_3512,2026-02-20T02:29:14Z,Design grows on you. The utility matters most.,positive
tweet_000001,c_03513,username_3513,2026-02-21T15:32:21Z,I’ll believe it when I see consistent deliveries. (range) 😕,negative
tweet_000001,c_03514,username_3514,2026-02-20T10:09:49Z,Concerned about safety and repairs. (build quality) 😒,negative
tweet_000001,c_03515,username_3515,2026-02-21T15:47:30Z,Still too expensive for what it is. (suspension) 🙄,negative
tweet_000001,c_03516,username_3516,2026-02-21T17:06:57Z,Feels like hype more than substance. (AWD),negative
tweet_000001,c_03517,username_3517,2026-02-21T04:46:53Z,The engineering is wild. Congrats to the team! (price) 🔥,positive
tweet_000001,c_03518,username_3518,2026-02-20T12:31:35Z,"Love the utilitarian focus. If specs hold, I'm in. (software updates)",positive
tweet_000001,c_03519,username_3519,2026-02-20T22:44:32Z,Finally! Can't wait to see these on the road. (efficiency),positive
tweet_000001,c_03520,username_3520,2026-02-20T23:38:28Z,Take my money. (kidding… mostly) 😄 (range) 😄,positive
tweet_000001,c_03521,username_3521,2026-02-20T10:45:12Z,Looks like Tesla is pushing boundaries again.,positive
tweet_000001,c_03522,username_3522,2026-02-21T08:37:34Z,Do we have confirmed specs yet? (features) 📅,neutral
tweet_000001,c_03523,username_3523,2026-02-20T04:13:09Z,Take my money. (kidding… mostly) 😄 (efficiency) ✅,positive
tweet_000001,c_03524,username_3524,2026-02-21T04:27:34Z,AWD option is a big win. 🔥 😄,positive
tweet_000001,c_03525,username_3525,2026-02-20T17:55:51Z,Looks like Tesla is pushing boundaries again. (efficiency) 🔥,positive
tweet_000001,c_03526,username_3526,2026-02-20T02:56:38Z,"Love the utilitarian focus. If specs hold, I'm in. (towing)",positive
tweet_000001,c_03527,username_3527,2026-02-20T21:37:24Z,Specs keep changing — hard to plan. (build quality),negative
tweet_000001,c_03528,username_3528,2026-02-20T02:53:16Z,Design is… not for me.,negative
tweet_000001,c_03529,username_3529,2026-02-21T17:44:35Z,Not convinced this is practical day-to-day. (towing) 🙄,negative
tweet_000001,c_03530,username_3530,2026-02-21T11:09:35Z,Design grows on you. The utility matters most. ⚡,positive
tweet_000001,c_03531,username_3531,2026-02-21T02:00:10Z,This is awesome — Cybertruck looks like the future! 🚀 (efficiency) ✅,positive
tweet_000001,c_03532,username_3532,2026-02-20T18:38:24Z,Design is… not for me. ⚠️,negative
tweet_000001,c_03533,username_3533,2026-02-20T15:24:02Z,I like the direction — keep iterating. (stainless steel),positive
tweet_000001,c_03534,username_3534,2026-02-20T10:08:48Z,Take my money. (kidding… mostly) 😄,positive
tweet_000001,c_03535,username_3535,2026-02-20T08:41:24Z,"Love the utilitarian focus. If specs hold, I'm in. (serviceability)",positive
tweet_000001,c_03536,username_3536,2026-02-21T11:12:57Z,"Love the utilitarian focus. If specs hold, I'm in. (serviceability)",positive
tweet_000001,c_03537,username_3537,2026-02-20T18:48:21Z,Design grows on you. The utility matters most. (efficiency) 🔥,positive
tweet_000001,c_03538,username_3538,2026-02-20T11:03:32Z,Take my money. (kidding… mostly) 😄,positive
tweet_000001,c_03539,username_3539,2026-02-20T04:06:18Z,Concerned about safety and repairs.,negative
tweet_000001,c_03540,username_3540,2026-02-20T07:21:24Z,Design grows on you. The utility matters most.,positive
tweet_000001,c_03541,username_3541,2026-02-21T01:05:36Z,Take my money. (kidding… mostly) 😄 (build quality),positive
tweet_000001,c_03542,username_3542,2026-02-21T17:29:07Z,Not convinced this is practical day-to-day. 🙄,negative
tweet_000001,c_03543,username_3543,2026-02-20T16:26:50Z,This is awesome — Cybertruck looks like the future! 🚀 🚀,positive
tweet_000001,c_03544,username_3544,2026-02-21T01:36:50Z,Take my money. (kidding… mostly) 😄 (delivery),positive
tweet_000001,c_03545,username_3545,2026-02-21T15:23:49Z,Still too expensive for what it is. (software updates) 🤦,negative
tweet_000001,c_03546,username_3546,2026-02-20T20:27:56Z,AWD option is a big win. 🔥,positive
tweet_000001,c_03547,username_3547,2026-02-21T07:30:23Z,This is awesome — Cybertruck looks like the future! 🚀,positive
tweet_000001,c_03548,username_3548,2026-02-21T05:46:37Z,Waiting for real-world reviews.,neutral
tweet_000001,c_03549,username_3549,2026-02-20T05:28:09Z,"Love the utilitarian focus. If specs hold, I'm in. (price)",positive
tweet_000001,c_03550,username_3550,2026-02-21T15:32:57Z,Hope the build quality is solid. (build quality) ℹ️,neutral
tweet_000001,c_03551,username_3551,2026-02-21T06:09:31Z,Not convinced this is practical day-to-day. (range),negative
tweet_000001,c_03552,username_3552,2026-02-21T06:54:25Z,The engineering is wild. Congrats to the team! (suspension) 🔥,positive
tweet_000001,c_03553,username_3553,2026-02-21T21:25:08Z,Hope the build quality is solid. (price) 🧐,neutral
tweet_000001,c_03554,username_3554,2026-02-21T01:39:28Z,Waiting for real-world reviews. (price) 🤔,neutral
tweet_000001,c_03555,username_3555,2026-02-20T22:39:16Z,Finally! Can't wait to see these on the road. (software updates),positive
tweet_000001,c_03556,username_3556,2026-02-20T04:22:13Z,Waiting for real-world reviews.,neutral
tweet_000001,c_03557,username_3557,2026-02-21T01:49:31Z,The engineering is wild. Congrats to the team! (software updates),positive
tweet_000001,c_03558,username_3558,2026-02-20T04:37:32Z,What’s the estimated lead time? ℹ️,neutral
tweet_000001,c_03559,username_3559,2026-02-21T08:18:28Z,This is awesome — Cybertruck looks like the future! 🚀,positive
tweet_000001,c_03560,username_3560,2026-02-20T05:16:59Z,What’s the estimated lead time?,neutral
tweet_000001,c_03561,username_3561,2026-02-21T06:13:08Z,Design grows on you. The utility matters most. (features) 🔥,positive
tweet_000001,c_03562,username_3562,2026-02-21T10:25:40Z,Limited-time offers feel gimmicky. (suspension) 🙄,negative
tweet_000001,c_03563,username_3563,2026-02-20T17:10:05Z,AWD option is a big win. 🔥 😄,positive
tweet_000001,c_03564,username_3564,2026-02-21T14:19:11Z,I like the direction — keep iterating. (serviceability) ⚡,positive
tweet_000001,c_03565,username_3565,2026-02-21T12:35:10Z,Will there be different trims later?,neutral
tweet_000001,c_03566,username_3566,2026-02-20T11:38:00Z,So many delays… what's different now? (build quality),negative
tweet_000001,c_03567,username_3567,2026-02-20T22:23:46Z,Interesting update. Any details on range and pricing? (towing),neutral
tweet_000001,c_03568,username_3568,2026-02-20T01:36:39Z,Not convinced this is practical day-to-day.,negative
tweet_000001,c_03569,username_3569,2026-02-21T02:11:52Z,Specs keep changing — hard to plan. (efficiency),negative
tweet_000001,c_03570,username_3570,2026-02-21T15:44:31Z,I’ll believe it when I see consistent deliveries. (AWD) ⚠️,negative
tweet_000001,c_03571,username_3571,2026-02-21T21:59:49Z,"Love the utilitarian focus. If specs hold, I'm in. (efficiency) ⚡",positive
tweet_000001,c_03572,username_3572,2026-02-20T02:33:52Z,Hope the build quality is solid.,neutral
tweet_000001,c_03573,username_3573,2026-02-21T18:21:10Z,So many delays… what's different now?,negative
tweet_000001,c_03574,username_3574,2026-02-20T22:03:31Z,So many delays… what's different now? (range),negative
tweet_000001,c_03575,username_3575,2026-02-21T10:14:39Z,Specs keep changing — hard to plan. (delivery),negative
tweet_000001,c_03576,username_3576,2026-02-21T20:47:02Z,Design grows on you. The utility matters most.,positive
tweet_000001,c_03577,username_3577,2026-02-21T22:43:24Z,Design grows on you. The utility matters most.,positive
tweet_000001,c_03578,username_3578,2026-02-22T01:04:28Z,Is the limited-time offer available everywhere?,neutral
tweet_000001,c_03579,username_3579,2026-02-21T20:57:47Z,Feels like hype more than substance. (build quality) 😒,negative
tweet_000001,c_03580,username_3580,2026-02-21T03:54:52Z,Hope the build quality is solid. (serviceability) 🧐,neutral
tweet_000001,c_03581,username_3581,2026-02-21T18:25:00Z,When will deliveries start in more regions? (features),neutral
tweet_000001,c_03582,username_3582,2026-02-20T23:47:38Z,So many delays… what's different now?,negative
tweet_000001,c_03583,username_3583,2026-02-20T15:24:34Z,Finally! Can't wait to see these on the road. 🔥,positive
tweet_000001,c_03584,username_3584,2026-02-20T22:41:23Z,I’ll believe it when I see consistent deliveries.,negative
tweet_000001,c_03585,username_3585,2026-02-21T18:18:46Z,I like the direction — keep iterating. 🙌,positive
tweet_000001,c_03586,username_3586,2026-02-20T02:55:19Z,I like the direction — keep iterating. (software updates),positive
tweet_000001,c_03587,username_3587,2026-02-21T10:32:27Z,Will there be different trims later? 📅,neutral
tweet_000001,c_03588,username_3588,2026-02-20T13:54:50Z,Design is… not for me. (suspension) 😒,negative
tweet_000001,c_03589,username_3589,2026-02-20T17:17:55Z,Looks like Tesla is pushing boundaries again.,positive
tweet_000001,c_03590,username_3590,2026-02-21T03:35:44Z,The engineering is wild. Congrats to the team!,positive
tweet_000001,c_03591,username_3591,2026-02-22T01:06:36Z,Not convinced this is practical day-to-day.,negative
tweet_000001,c_03592,username_3592,2026-02-20T21:58:52Z,This is awesome — Cybertruck looks like the future! 🚀,positive
tweet_000001,c_03593,username_3593,2026-02-20T09:49:41Z,Curious about charging speed on 800V.,neutral
tweet_000001,c_03594,username_3594,2026-02-21T08:51:49Z,Waiting for real-world reviews. (features),neutral
tweet_000001,c_03595,username_3595,2026-02-20T11:58:18Z,Will there be different trims later? (stainless steel),neutral
tweet_000001,c_03596,username_3596,2026-02-20T11:55:33Z,Will there be different trims later? 📅,neutral
tweet_000001,c_03597,username_3597,2026-02-21T18:58:05Z,Take my money. (kidding… mostly) 😄 (efficiency) 🔥,positive
tweet_000001,c_03598,username_3598,2026-02-20T02:20:14Z,What’s the estimated lead time? (software updates) ℹ️,neutral
tweet_000001,c_03599,username_3599,2026-02-20T15:06:22Z,I like the direction — keep iterating. (stainless steel),positive
tweet_000001,c_03600,username_3600,2026-02-20T10:00:06Z,Specs keep changing — hard to plan.,negative
tweet_000001,c_03601,username_3601,2026-02-21T06:16:49Z,I like the direction — keep iterating. (serviceability),positive
tweet_000001,c_03602,username_3602,2026-02-20T23:52:39Z,What’s the estimated lead time? (range),neutral
tweet_000001,c_03603,username_3603,2026-02-20T13:12:35Z,This could be great for work sites and towing. ⚡,positive
tweet_000001,c_03604,username_3604,2026-02-21T14:40:15Z,Take my money. (kidding… mostly) 😄,positive
tweet_000001,c_03605,username_3605,2026-02-21T05:35:49Z,"Love the utilitarian focus. If specs hold, I'm in. 😄",positive
tweet_000001,c_03606,username_3606,2026-02-21T13:56:34Z,The engineering is wild. Congrats to the team! (efficiency) 🙌,positive
tweet_000001,c_03607,username_3607,2026-02-21T01:37:56Z,Still too expensive for what it is. (price),negative
tweet_000001,c_03608,username_3608,2026-02-20T05:19:36Z,Design grows on you. The utility matters most. ⚡,positive
tweet_000001,c_03609,username_3609,2026-02-21T21:24:59Z,Limited-time offers feel gimmicky. 🤦,negative
tweet_000001,c_03610,username_3610,2026-02-21T06:56:39Z,I’ll believe it when I see consistent deliveries.,negative
tweet_000001,c_03611,username_3611,2026-02-21T19:39:49Z,How does this compare to the earlier announced configuration?,neutral
tweet_000001,c_03612,username_3612,2026-02-20T04:54:45Z,Looks like Tesla is pushing boundaries again. (towing) 😄,positive
tweet_000001,c_03613,username_3613,2026-02-21T09:20:13Z,This could be great for work sites and towing. (software updates) ⚡,positive
tweet_000001,c_03614,username_3614,2026-02-21T09:56:49Z,I’ll believe it when I see consistent deliveries.,negative
tweet_000001,c_03615,username_3615,2026-02-21T07:13:30Z,Finally! Can't wait to see these on the road. (stainless steel) 🚀,positive
tweet_000001,c_03616,username_3616,2026-02-21T13:04:59Z,This could be great for work sites and towing.,positive
tweet_000001,c_03617,username_3617,2026-02-20T12:58:17Z,Hope the build quality is solid.,neutral
tweet_000001,c_03618,username_3618,2026-02-20T20:26:26Z,Still too expensive for what it is. (build quality),negative
tweet_000001,c_03619,username_3619,2026-02-20T20:23:11Z,Limited-time offers feel gimmicky. 🤦,negative
tweet_000001,c_03620,username_3620,2026-02-20T18:09:07Z,"Love the utilitarian focus. If specs hold, I'm in.",positive
tweet_000001,c_03621,username_3621,2026-02-21T00:07:45Z,This rollout has been messy. ⚠️,negative
tweet_000001,c_03622,username_3622,2026-02-21T06:28:21Z,"Love the utilitarian focus. If specs hold, I'm in. (price)",positive
tweet_000001,c_03623,username_3623,2026-02-20T16:10:17Z,Finally! Can't wait to see these on the road. 🔥,positive
tweet_000001,c_03624,username_3624,2026-02-20T01:17:01Z,Concerned about safety and repairs. (features),negative
tweet_000001,c_03625,username_3625,2026-02-21T14:37:37Z,Looks like Tesla is pushing boundaries again. (charging),positive
tweet_000001,c_03626,username_3626,2026-02-21T02:22:10Z,Take my money. (kidding… mostly) 😄 (AWD),positive
tweet_000001,c_03627,username_3627,2026-02-21T16:56:57Z,AWD option is a big win. 🔥 (serviceability) 🔥,positive
tweet_000001,c_03628,username_3628,2026-02-21T19:23:50Z,This rollout has been messy. (software updates) 😕,negative
tweet_000001,c_03629,username_3629,2026-02-20T08:07:56Z,Concerned about safety and repairs. (range) 🙄,negative
tweet_000001,c_03630,username_3630,2026-02-20T19:27:49Z,When will deliveries start in more regions? (build quality) ℹ️,neutral
tweet_000001,c_03631,username_3631,2026-02-21T10:58:46Z,Feels like hype more than substance. 🙄,negative
tweet_000001,c_03632,username_3632,2026-02-20T06:43:27Z,This is awesome — Cybertruck looks like the future! 🚀,positive
tweet_000001,c_03633,username_3633,2026-02-21T13:02:43Z,Hope the build quality is solid. (delivery) ℹ️,neutral
tweet_000001,c_03634,username_3634,2026-02-20T20:15:45Z,I like the direction — keep iterating.,positive
tweet_000001,c_03635,username_3635,2026-02-21T18:56:22Z,I like the direction — keep iterating. (charging),positive
tweet_000001,c_03636,username_3636,2026-02-21T21:24:48Z,How does this compare to the earlier announced configuration? (software updates),neutral
tweet_000001,c_03637,username_3637,2026-02-20T18:07:00Z,Not convinced this is practical day-to-day. (price),negative
tweet_000001,c_03638,username_3638,2026-02-20T14:09:16Z,I like the direction — keep iterating. 🚀,positive
tweet_000001,c_03639,username_3639,2026-02-21T01:53:48Z,The engineering is wild. Congrats to the team! (charging),positive
tweet_000001,c_03640,username_3640,2026-02-20T02:55:07Z,This could be great for work sites and towing.,positive
tweet_000001,c_03641,username_3641,2026-02-21T23:36:34Z,Take my money. (kidding… mostly) 😄 (price),positive
tweet_000001,c_03642,username_3642,2026-02-20T05:41:54Z,Concerned about safety and repairs.,negative
tweet_000001,c_03643,username_3643,2026-02-21T06:44:50Z,What’s the estimated lead time? 🤔,neutral
tweet_000001,c_03644,username_3644,2026-02-21T03:50:05Z,Interesting update. Any details on range and pricing? (delivery) ℹ️,neutral
tweet_000001,c_03645,username_3645,2026-02-20T14:23:23Z,Design is… not for me. 🙄,negative
tweet_000001,c_03646,username_3646,2026-02-20T07:31:33Z,Take my money. (kidding… mostly) 😄,positive
tweet_000001,c_03647,username_3647,2026-02-20T02:19:48Z,Waiting for real-world reviews. (charging),neutral
tweet_000001,c_03648,username_3648,2026-02-20T20:32:24Z,Take my money. (kidding… mostly) 😄 (suspension) ⚡,positive
tweet_000001,c_03649,username_3649,2026-02-20T13:56:09Z,When will deliveries start in more regions? 📅,neutral
tweet_000001,c_03650,username_3650,2026-02-21T10:30:27Z,So many delays… what's different now?,negative
tweet_000001,c_03651,username_3651,2026-02-21T16:09:12Z,Specs keep changing — hard to plan. (serviceability),negative
tweet_000001,c_03652,username_3652,2026-02-20T22:16:48Z,I like the direction — keep iterating.,positive
tweet_000001,c_03653,username_3653,2026-02-20T10:29:19Z,Still too expensive for what it is.,negative
tweet_000001,c_03654,username_3654,2026-02-21T21:19:00Z,The engineering is wild. Congrats to the team!,positive
tweet_000001,c_03655,username_3655,2026-02-21T20:48:40Z,AWD option is a big win. 🔥 (towing),positive
tweet_000001,c_03656,username_3656,2026-02-20T22:57:34Z,Design grows on you. The utility matters most. (suspension),positive
tweet_000001,c_03657,username_3657,2026-02-21T17:33:27Z,"Love the utilitarian focus. If specs hold, I'm in. 😄",positive
tweet_000001,c_03658,username_3658,2026-02-21T22:50:19Z,What’s the estimated lead time? (features),neutral
tweet_000001,c_03659,username_3659,2026-02-20T03:51:24Z,How does this compare to the earlier announced configuration? (delivery) 📅,neutral
tweet_000001,c_03660,username_3660,2026-02-21T09:50:30Z,Concerned about safety and repairs. (build quality),negative
tweet_000001,c_03661,username_3661,2026-02-22T01:04:16Z,Curious about charging speed on 800V. (serviceability),neutral
tweet_000001,c_03662,username_3662,2026-02-21T04:57:12Z,When will deliveries start in more regions? 📅,neutral
tweet_000001,c_03663,username_3663,2026-02-21T13:17:14Z,Design grows on you. The utility matters most. (software updates),positive
tweet_000001,c_03664,username_3664,2026-02-21T22:39:43Z,Design grows on you. The utility matters most.,positive
tweet_000001,c_03665,username_3665,2026-02-20T12:27:27Z,Curious about charging speed on 800V. (serviceability) 🤔,neutral
tweet_000001,c_03666,username_3666,2026-02-22T00:05:38Z,I like the direction — keep iterating. (build quality) ⚡,positive
tweet_000001,c_03667,username_3667,2026-02-20T14:48:40Z,Design is… not for me. (suspension) 😕,negative
tweet_000001,c_03668,username_3668,2026-02-21T03:29:25Z,Take my money. (kidding… mostly) 😄 (serviceability) 😄,positive
tweet_000001,c_03669,username_3669,2026-02-21T18:41:50Z,This is awesome — Cybertruck looks like the future! 🚀 (price) 🙌,positive
tweet_000001,c_03670,username_3670,2026-02-20T14:03:33Z,Looks like Tesla is pushing boundaries again. 🔥,positive
tweet_000001,c_03671,username_3671,2026-02-21T15:22:34Z,Take my money. (kidding… mostly) 😄 (software updates) ✅,positive
tweet_000001,c_03672,username_3672,2026-02-21T21:46:11Z,AWD option is a big win. 🔥 (AWD),positive
tweet_000001,c_03673,username_3673,2026-02-20T10:56:30Z,Not convinced this is practical day-to-day.,negative
tweet_000001,c_03674,username_3674,2026-02-21T05:44:59Z,The engineering is wild. Congrats to the team! 🙌,positive
tweet_000001,c_03675,username_3675,2026-02-20T08:45:27Z,Waiting for real-world reviews. (towing) 🧐,neutral
tweet_000001,c_03676,username_3676,2026-02-20T14:50:16Z,I like the direction — keep iterating.,positive
tweet_000001,c_03677,username_3677,2026-02-21T12:26:34Z,Finally! Can't wait to see these on the road. 🔥,positive
tweet_000001,c_03678,username_3678,2026-02-21T19:09:09Z,Finally! Can't wait to see these on the road. (serviceability) ⚡,positive
tweet_000001,c_03679,username_3679,2026-02-20T17:26:06Z,This rollout has been messy. (features),negative
tweet_000001,c_03680,username_3680,2026-02-20T08:41:36Z,The engineering is wild. Congrats to the team!,positive
tweet_000001,c_03681,username_3681,2026-02-20T08:59:02Z,Not convinced this is practical day-to-day.,negative
tweet_000001,c_03682,username_3682,2026-02-20T03:07:06Z,This could be great for work sites and towing. (software updates),positive
tweet_000001,c_03683,username_3683,2026-02-21T17:55:55Z,This rollout has been messy. (stainless steel),negative
tweet_000001,c_03684,username_3684,2026-02-20T22:10:15Z,AWD option is a big win. 🔥 (AWD) 🙌,positive
tweet_000001,c_03685,username_3685,2026-02-20T09:59:11Z,Not convinced this is practical day-to-day. 😕,negative
tweet_000001,c_03686,username_3686,2026-02-21T12:17:28Z,Hope the build quality is solid. (range) 🧐,neutral
tweet_000001,c_03687,username_3687,2026-02-21T19:37:41Z,Design is… not for me. (range) ⚠️,negative
tweet_000001,c_03688,username_3688,2026-02-20T16:33:18Z,Take my money. (kidding… mostly) 😄 (stainless steel) 🚀,positive
tweet_000001,c_03689,username_3689,2026-02-21T01:02:40Z,Looks like Tesla is pushing boundaries again. (AWD),positive
tweet_000001,c_03690,username_3690,2026-02-21T03:54:33Z,Design grows on you. The utility matters most.,positive
tweet_000001,c_03691,username_3691,2026-02-21T11:54:02Z,Not convinced this is practical day-to-day. (features),negative
tweet_000001,c_03692,username_3692,2026-02-21T00:21:23Z,Interesting update. Any details on range and pricing? (serviceability) ℹ️,neutral
tweet_000001,c_03693,username_3693,2026-02-22T00:05:40Z,Limited-time offers feel gimmicky. (features),negative
tweet_000001,c_03694,username_3694,2026-02-20T03:48:45Z,Looks like Tesla is pushing boundaries again. (software updates),positive
tweet_000001,c_03695,username_3695,2026-02-20T10:08:05Z,Design grows on you. The utility matters most. (build quality) ⚡,positive
tweet_000001,c_03696,username_3696,2026-02-20T10:50:07Z,This could be great for work sites and towing. (stainless steel) 🙌,positive
tweet_000001,c_03697,username_3697,2026-02-21T15:36:33Z,Not convinced this is practical day-to-day. 🙄,negative
tweet_000001,c_03698,username_3698,2026-02-20T11:12:54Z,This rollout has been messy. (features),negative
tweet_000001,c_03699,username_3699,2026-02-21T07:32:53Z,Still too expensive for what it is.,negative
tweet_000001,c_03700,username_3700,2026-02-21T19:44:38Z,I like the direction — keep iterating. (features),positive
tweet_000001,c_03701,username_3701,2026-02-21T09:27:00Z,Is the limited-time offer available everywhere? (delivery) 🧐,neutral
tweet_000001,c_03702,username_3702,2026-02-21T14:24:08Z,This rollout has been messy.,negative
tweet_000001,c_03703,username_3703,2026-02-20T21:36:39Z,I like the direction — keep iterating.,positive
tweet_000001,c_03704,username_3704,2026-02-21T07:58:35Z,This rollout has been messy. 😒,negative
tweet_000001,c_03705,username_3705,2026-02-20T22:13:26Z,I’ll believe it when I see consistent deliveries. (towing),negative
tweet_000001,c_03706,username_3706,2026-02-20T09:53:25Z,Limited-time offers feel gimmicky.,negative
tweet_000001,c_03707,username_3707,2026-02-21T01:26:49Z,Still too expensive for what it is. (range),negative
tweet_000001,c_03708,username_3708,2026-02-20T04:22:19Z,Finally! Can't wait to see these on the road. 🔥,positive
tweet_000001,c_03709,username_3709,2026-02-21T19:56:43Z,The engineering is wild. Congrats to the team! (AWD) 🚀,positive
tweet_000001,c_03710,username_3710,2026-02-21T00:59:13Z,This rollout has been messy. (range) 🤦,negative
tweet_000001,c_03711,username_3711,2026-02-20T03:42:37Z,I like the direction — keep iterating. (efficiency),positive
tweet_000001,c_03712,username_3712,2026-02-20T14:30:49Z,Limited-time offers feel gimmicky. (towing),negative
tweet_000001,c_03713,username_3713,2026-02-21T15:27:51Z,So many delays… what's different now? (serviceability),negative
tweet_000001,c_03714,username_3714,2026-02-21T12:58:35Z,Curious about charging speed on 800V. (suspension),neutral
tweet_000001,c_03715,username_3715,2026-02-20T17:25:18Z,Concerned about safety and repairs. (efficiency),negative
tweet_000001,c_03716,username_3716,2026-02-20T22:33:41Z,Take my money. (kidding… mostly) 😄 (range) 🙌,positive
tweet_000001,c_03717,username_3717,2026-02-20T13:27:43Z,Looks like Tesla is pushing boundaries again. (price),positive
tweet_000001,c_03718,username_3718,2026-02-20T13:50:17Z,I like the direction — keep iterating. 🔥,positive
tweet_000001,c_03719,username_3719,2026-02-20T15:06:58Z,"Love the utilitarian focus. If specs hold, I'm in. (serviceability) ⚡",positive
tweet_000001,c_03720,username_3720,2026-02-20T01:45:57Z,AWD option is a big win. 🔥 ⚡,positive
tweet_000001,c_03721,username_3721,2026-02-20T01:50:27Z,"Love the utilitarian focus. If specs hold, I'm in. (software updates) 🔥",positive
tweet_000001,c_03722,username_3722,2026-02-20T16:06:06Z,Not convinced this is practical day-to-day. (range),negative
tweet_000001,c_03723,username_3723,2026-02-21T11:35:43Z,Concerned about safety and repairs. (price),negative
tweet_000001,c_03724,username_3724,2026-02-20T14:08:04Z,Finally! Can't wait to see these on the road.,positive
tweet_000001,c_03725,username_3725,2026-02-21T00:36:48Z,AWD option is a big win. 🔥 ⚡,positive
tweet_000001,c_03726,username_3726,2026-02-20T20:35:33Z,Feels like hype more than substance. (delivery),negative
tweet_000001,c_03727,username_3727,2026-02-20T03:37:50Z,Looks like Tesla is pushing boundaries again. (price),positive
tweet_000001,c_03728,username_3728,2026-02-21T10:16:41Z,Take my money. (kidding… mostly) 😄,positive
tweet_000001,c_03729,username_3729,2026-02-20T08:41:44Z,Take my money. (kidding… mostly) 😄 (delivery),positive
tweet_000001,c_03730,username_3730,2026-02-20T10:03:21Z,How does this compare to the earlier announced configuration? (charging),neutral
tweet_000001,c_03731,username_3731,2026-02-20T15:41:28Z,This could be great for work sites and towing.,positive
tweet_000001,c_03732,username_3732,2026-02-21T18:21:16Z,So many delays… what's different now?,negative
tweet_000001,c_03733,username_3733,2026-02-20T03:22:52Z,Looks like Tesla is pushing boundaries again. (delivery),positive
tweet_000001,c_03734,username_3734,2026-02-21T18:31:42Z,Hope the build quality is solid. (software updates),neutral
tweet_000001,c_03735,username_3735,2026-02-20T08:35:26Z,Take my money. (kidding… mostly) 😄,positive
tweet_000001,c_03736,username_3736,2026-02-21T19:51:40Z,When will deliveries start in more regions? ℹ️,neutral
tweet_000001,c_03737,username_3737,2026-02-20T18:28:05Z,I’ll believe it when I see consistent deliveries. (stainless steel),negative
tweet_000001,c_03738,username_3738,2026-02-20T19:03:19Z,So many delays… what's different now?,negative
tweet_000001,c_03739,username_3739,2026-02-21T00:33:59Z,Not convinced this is practical day-to-day. 😕,negative
tweet_000001,c_03740,username_3740,2026-02-21T12:51:55Z,How does this compare to the earlier announced configuration?,neutral
tweet_000001,c_03741,username_3741,2026-02-20T17:11:14Z,I’ll believe it when I see consistent deliveries. 😕,negative
tweet_000001,c_03742,username_3742,2026-02-21T18:49:55Z,This rollout has been messy. (towing),negative
tweet_000001,c_03743,username_3743,2026-02-21T13:31:18Z,So many delays… what's different now? 🤦,negative
tweet_000001,c_03744,username_3744,2026-02-21T21:12:12Z,Design grows on you. The utility matters most. (delivery),positive
tweet_000001,c_03745,username_3745,2026-02-21T09:18:00Z,"Love the utilitarian focus. If specs hold, I'm in. (stainless steel) 🙌",positive
tweet_000001,c_03746,username_3746,2026-02-21T11:21:57Z,I like the direction — keep iterating.,positive
tweet_000001,c_03747,username_3747,2026-02-20T16:51:00Z,Feels like hype more than substance.,negative
tweet_000001,c_03748,username_3748,2026-02-20T11:19:08Z,Design grows on you. The utility matters most.,positive
tweet_000001,c_03749,username_3749,2026-02-21T15:02:18Z,The engineering is wild. Congrats to the team! (range),positive
tweet_000001,c_03750,username_3750,2026-02-20T08:25:35Z,I’ll believe it when I see consistent deliveries.,negative
tweet_000001,c_03751,username_3751,2026-02-20T05:12:11Z,Not convinced this is practical day-to-day. (range),negative
tweet_000001,c_03752,username_3752,2026-02-20T20:34:09Z,Not convinced this is practical day-to-day. (features),negative
tweet_000001,c_03753,username_3753,2026-02-21T11:09:14Z,I like the direction — keep iterating. (serviceability),positive
tweet_000001,c_03754,username_3754,2026-02-20T16:35:03Z,This rollout has been messy.,negative
tweet_000001,c_03755,username_3755,2026-02-20T18:29:34Z,I like the direction — keep iterating. (range),positive
tweet_000001,c_03756,username_3756,2026-02-20T04:11:40Z,The engineering is wild. Congrats to the team! (towing) 😄,positive
tweet_000001,c_03757,username_3757,2026-02-22T00:14:49Z,"Love the utilitarian focus. If specs hold, I'm in.",positive
tweet_000001,c_03758,username_3758,2026-02-21T19:02:11Z,Looks like Tesla is pushing boundaries again. (price) 🔥,positive
tweet_000001,c_03759,username_3759,2026-02-20T16:32:43Z,Design grows on you. The utility matters most.,positive
tweet_000001,c_03760,username_3760,2026-02-20T02:54:47Z,I’ll believe it when I see consistent deliveries. 😒,negative
tweet_000001,c_03761,username_3761,2026-02-21T02:36:31Z,This is awesome — Cybertruck looks like the future! 🚀 (AWD),positive
tweet_000001,c_03762,username_3762,2026-02-22T00:51:17Z,Not convinced this is practical day-to-day. (serviceability),negative
tweet_000001,c_03763,username_3763,2026-02-20T01:36:27Z,Hope the build quality is solid. (charging) 📅,neutral
tweet_000001,c_03764,username_3764,2026-02-20T08:01:00Z,Design grows on you. The utility matters most. 🚀,positive
tweet_000001,c_03765,username_3765,2026-02-21T23:21:53Z,Curious about charging speed on 800V. ℹ️,neutral
tweet_000001,c_03766,username_3766,2026-02-20T09:50:53Z,This could be great for work sites and towing. (features),positive
tweet_000001,c_03767,username_3767,2026-02-20T05:08:45Z,When will deliveries start in more regions?,neutral
tweet_000001,c_03768,username_3768,2026-02-20T07:44:52Z,"Love the utilitarian focus. If specs hold, I'm in. (software updates) 🔥",positive
tweet_000001,c_03769,username_3769,2026-02-20T04:17:51Z,"Love the utilitarian focus. If specs hold, I'm in. 🔥",positive
tweet_000001,c_03770,username_3770,2026-02-21T02:13:19Z,I like the direction — keep iterating.,positive
tweet_000001,c_03771,username_3771,2026-02-20T15:39:51Z,Hope the build quality is solid. 🧐,neutral
tweet_000001,c_03772,username_3772,2026-02-21T18:53:35Z,Design is… not for me. (stainless steel) 😕,negative
tweet_000001,c_03773,username_3773,2026-02-20T14:16:21Z,This could be great for work sites and towing.,positive
tweet_000001,c_03774,username_3774,2026-02-20T23:12:07Z,Not convinced this is practical day-to-day. (features),negative
tweet_000001,c_03775,username_3775,2026-02-20T14:04:33Z,Limited-time offers feel gimmicky. (range),negative
tweet_000001,c_03776,username_3776,2026-02-21T05:59:50Z,Not convinced this is practical day-to-day. (stainless steel),negative
tweet_000001,c_03777,username_3777,2026-02-21T19:13:27Z,This rollout has been messy. ⚠️,negative
tweet_000001,c_03778,username_3778,2026-02-21T04:35:55Z,Curious about charging speed on 800V. (serviceability) 🧐,neutral
tweet_000001,c_03779,username_3779,2026-02-21T02:44:03Z,Concerned about safety and repairs. 😕,negative
tweet_000001,c_03780,username_3780,2026-02-20T16:52:40Z,So many delays… what's different now? (delivery),negative
tweet_000001,c_03781,username_3781,2026-02-21T19:44:10Z,This could be great for work sites and towing.,positive
tweet_000001,c_03782,username_3782,2026-02-20T17:54:55Z,This could be great for work sites and towing. (towing) ✅,positive
tweet_000001,c_03783,username_3783,2026-02-21T17:16:39Z,Looks like Tesla is pushing boundaries again. (software updates) 🔥,positive
tweet_000001,c_03784,username_3784,2026-02-20T16:41:17Z,Still too expensive for what it is. (price),negative
tweet_000001,c_03785,username_3785,2026-02-20T12:37:19Z,Still too expensive for what it is. (charging),negative
tweet_000001,c_03786,username_3786,2026-02-21T08:00:45Z,"Love the utilitarian focus. If specs hold, I'm in. (delivery)",positive
tweet_000001,c_03787,username_3787,2026-02-21T17:50:52Z,How does this compare to the earlier announced configuration? (delivery),neutral
tweet_000001,c_03788,username_3788,2026-02-20T05:43:46Z,How does this compare to the earlier announced configuration?,neutral
tweet_000001,c_03789,username_3789,2026-02-21T08:39:02Z,Take my money. (kidding… mostly) 😄 🔥,positive
tweet_000001,c_03790,username_3790,2026-02-20T10:42:55Z,I’ll believe it when I see consistent deliveries.,negative
tweet_000001,c_03791,username_3791,2026-02-20T09:02:39Z,Looks like Tesla is pushing boundaries again. (delivery),positive
tweet_000001,c_03792,username_3792,2026-02-21T23:15:05Z,This is awesome — Cybertruck looks like the future! 🚀 (suspension),positive
tweet_000001,c_03793,username_3793,2026-02-20T03:36:29Z,Do we have confirmed specs yet? (range),neutral
tweet_000001,c_03794,username_3794,2026-02-21T06:46:49Z,Feels like hype more than substance. (features),negative
tweet_000001,c_03795,username_3795,2026-02-21T04:05:17Z,Take my money. (kidding… mostly) 😄 🚀,positive
tweet_000001,c_03796,username_3796,2026-02-21T04:15:26Z,Feels like hype more than substance. (features),negative
tweet_000001,c_03797,username_3797,2026-02-21T04:20:09Z,Is the limited-time offer available everywhere? (delivery),neutral
tweet_000001,c_03798,username_3798,2026-02-20T19:32:51Z,This could be great for work sites and towing. ✅,positive
tweet_000001,c_03799,username_3799,2026-02-21T10:52:23Z,Take my money. (kidding… mostly) 😄 (range),positive
tweet_000001,c_03800,username_3800,2026-02-20T09:52:46Z,What’s the estimated lead time? (AWD) 📅,neutral
tweet_000001,c_03801,username_3801,2026-02-21T17:34:46Z,The engineering is wild. Congrats to the team! (software updates) 🚀,positive
tweet_000001,c_03802,username_3802,2026-02-21T12:51:24Z,I’ll believe it when I see consistent deliveries. (range),negative
tweet_000001,c_03803,username_3803,2026-02-21T14:53:09Z,Limited-time offers feel gimmicky.,negative
tweet_000001,c_03804,username_3804,2026-02-21T09:51:17Z,Limited-time offers feel gimmicky. (range),negative
tweet_000001,c_03805,username_3805,2026-02-20T09:07:39Z,Looks like Tesla is pushing boundaries again.,positive
tweet_000001,c_03806,username_3806,2026-02-20T15:29:05Z,Not convinced this is practical day-to-day. (charging) 😕,negative
tweet_000001,c_03807,username_3807,2026-02-21T10:53:16Z,The engineering is wild. Congrats to the team! (range),positive
tweet_000001,c_03808,username_3808,2026-02-20T22:12:05Z,Looks like Tesla is pushing boundaries again.,positive
tweet_000001,c_03809,username_3809,2026-02-21T13:04:43Z,AWD option is a big win. 🔥 (software updates) ⚡,positive
tweet_000001,c_03810,username_3810,2026-02-20T15:33:45Z,This is awesome — Cybertruck looks like the future! 🚀 (software updates) 🙌,positive
tweet_000001,c_03811,username_3811,2026-02-21T15:42:24Z,This rollout has been messy. (suspension),negative
tweet_000001,c_03812,username_3812,2026-02-20T19:43:41Z,How does this compare to the earlier announced configuration? (price),neutral
tweet_000001,c_03813,username_3813,2026-02-21T01:33:13Z,The engineering is wild. Congrats to the team!,positive
tweet_000001,c_03814,username_3814,2026-02-20T15:50:24Z,Hope the build quality is solid. (features),neutral
tweet_000001,c_03815,username_3815,2026-02-21T09:15:06Z,AWD option is a big win. 🔥,positive
tweet_000001,c_03816,username_3816,2026-02-21T09:03:26Z,Curious about charging speed on 800V. (serviceability) ℹ️,neutral
tweet_000001,c_03817,username_3817,2026-02-20T11:18:54Z,This could be great for work sites and towing. (range),positive
tweet_000001,c_03818,username_3818,2026-02-21T06:35:39Z,Concerned about safety and repairs. (towing),negative
tweet_000001,c_03819,username_3819,2026-02-21T22:53:41Z,So many delays… what's different now? (price),negative
tweet_000001,c_03820,username_3820,2026-02-20T04:55:58Z,How does this compare to the earlier announced configuration? (efficiency),neutral
tweet_000001,c_03821,username_3821,2026-02-20T19:37:23Z,This is awesome — Cybertruck looks like the future! 🚀 (efficiency) 🔥,positive
tweet_000001,c_03822,username_3822,2026-02-21T16:51:14Z,I like the direction — keep iterating. (suspension),positive
tweet_000001,c_03823,username_3823,2026-02-21T23:12:12Z,Specs keep changing — hard to plan. (stainless steel) 😕,negative
tweet_000001,c_03824,username_3824,2026-02-21T00:18:32Z,Finally! Can't wait to see these on the road. (serviceability),positive
tweet_000001,c_03825,username_3825,2026-02-20T04:00:34Z,Design grows on you. The utility matters most. (serviceability),positive
tweet_000001,c_03826,username_3826,2026-02-21T06:00:46Z,Design grows on you. The utility matters most. (charging),positive
tweet_000001,c_03827,username_3827,2026-02-22T00:26:16Z,When will deliveries start in more regions? (serviceability),neutral
tweet_000001,c_03828,username_3828,2026-02-20T10:00:30Z,Will there be different trims later? (build quality),neutral
tweet_000001,c_03829,username_3829,2026-02-20T08:40:53Z,Concerned about safety and repairs.,negative
tweet_000001,c_03830,username_3830,2026-02-20T12:03:32Z,The engineering is wild. Congrats to the team! (range),positive
tweet_000001,c_03831,username_3831,2026-02-21T18:49:48Z,AWD option is a big win. 🔥 (delivery),positive
tweet_000001,c_03832,username_3832,2026-02-21T09:03:49Z,I’ll believe it when I see consistent deliveries. (suspension),negative
tweet_000001,c_03833,username_3833,2026-02-21T20:17:00Z,So many delays… what's different now? (serviceability),negative
tweet_000001,c_03834,username_3834,2026-02-21T21:42:31Z,This could be great for work sites and towing. ✅,positive
tweet_000001,c_03835,username_3835,2026-02-20T13:16:31Z,Will there be different trims later?,neutral
tweet_000001,c_03836,username_3836,2026-02-20T11:24:46Z,This is awesome — Cybertruck looks like the future! 🚀 (range),positive
tweet_000001,c_03837,username_3837,2026-02-21T16:36:42Z,I’ll believe it when I see consistent deliveries. (software updates) 🙄,negative
tweet_000001,c_03838,username_3838,2026-02-20T03:14:50Z,AWD option is a big win. 🔥 (build quality),positive
tweet_000001,c_03839,username_3839,2026-02-20T07:20:38Z,Design is… not for me. (suspension),negative
tweet_000001,c_03840,username_3840,2026-02-21T18:52:11Z,Not convinced this is practical day-to-day. (features),negative
tweet_000001,c_03841,username_3841,2026-02-20T11:55:31Z,When will deliveries start in more regions? (charging),neutral
tweet_000001,c_03842,username_3842,2026-02-21T16:23:22Z,I like the direction — keep iterating.,positive
tweet_000001,c_03843,username_3843,2026-02-21T14:15:26Z,Interesting update. Any details on range and pricing?,neutral
tweet_000001,c_03844,username_3844,2026-02-21T17:03:12Z,Take my money. (kidding… mostly) 😄 🔥,positive
tweet_000001,c_03845,username_3845,2026-02-20T12:57:10Z,"Love the utilitarian focus. If specs hold, I'm in. (stainless steel)",positive
tweet_000001,c_03846,username_3846,2026-02-20T18:13:35Z,So many delays… what's different now?,negative
tweet_000001,c_03847,username_3847,2026-02-21T04:28:09Z,Feels like hype more than substance.,negative
tweet_000001,c_03848,username_3848,2026-02-20T05:44:38Z,Interesting update. Any details on range and pricing? (range),neutral
tweet_000001,c_03849,username_3849,2026-02-21T00:33:58Z,Feels like hype more than substance.,negative
tweet_000001,c_03850,username_3850,2026-02-20T14:20:41Z,The engineering is wild. Congrats to the team! (price) 😄,positive
tweet_000001,c_03851,username_3851,2026-02-20T07:54:47Z,"Love the utilitarian focus. If specs hold, I'm in.",positive
tweet_000001,c_03852,username_3852,2026-02-21T13:38:09Z,Design grows on you. The utility matters most. (delivery),positive
tweet_000001,c_03853,username_3853,2026-02-21T08:05:11Z,What’s the estimated lead time? 📅,neutral
tweet_000001,c_03854,username_3854,2026-02-21T19:22:55Z,Feels like hype more than substance. 😕,negative
tweet_000001,c_03855,username_3855,2026-02-21T20:07:41Z,This rollout has been messy. (price) 😕,negative
tweet_000001,c_03856,username_3856,2026-02-21T19:33:19Z,Take my money. (kidding… mostly) 😄 (software updates) 🙌,positive
tweet_000001,c_03857,username_3857,2026-02-22T00:01:22Z,The engineering is wild. Congrats to the team! (towing),positive
tweet_000001,c_03858,username_3858,2026-02-21T17:32:01Z,What’s the estimated lead time? (suspension),neutral
tweet_000001,c_03859,username_3859,2026-02-20T09:02:31Z,This could be great for work sites and towing. (features),positive
tweet_000001,c_03860,username_3860,2026-02-21T23:56:20Z,Concerned about safety and repairs. (efficiency) 😒,negative
tweet_000001,c_03861,username_3861,2026-02-21T07:57:08Z,Specs keep changing — hard to plan.,negative
tweet_000001,c_03862,username_3862,2026-02-21T17:03:59Z,Do we have confirmed specs yet?,neutral
tweet_000001,c_03863,username_3863,2026-02-21T08:30:40Z,This is awesome — Cybertruck looks like the future! 🚀 (build quality) 🚀,positive
tweet_000001,c_03864,username_3864,2026-02-21T09:34:37Z,This is awesome — Cybertruck looks like the future! 🚀 (stainless steel) 🔥,positive
tweet_000001,c_03865,username_3865,2026-02-20T12:53:12Z,Looks like Tesla is pushing boundaries again. (AWD),positive
tweet_000001,c_03866,username_3866,2026-02-21T06:51:35Z,AWD option is a big win. 🔥 (delivery) 🙌,positive
tweet_000001,c_03867,username_3867,2026-02-20T17:24:56Z,AWD option is a big win. 🔥 (build quality),positive
tweet_000001,c_03868,username_3868,2026-02-20T17:50:56Z,So many delays… what's different now? (software updates) ⚠️,negative
tweet_000001,c_03869,username_3869,2026-02-21T06:01:36Z,Feels like hype more than substance. (features),negative
tweet_000001,c_03870,username_3870,2026-02-21T21:04:55Z,Design grows on you. The utility matters most. (range),positive
tweet_000001,c_03871,username_3871,2026-02-20T05:52:02Z,"Love the utilitarian focus. If specs hold, I'm in. (AWD)",positive
tweet_000001,c_03872,username_3872,2026-02-20T09:28:28Z,Design grows on you. The utility matters most.,positive
tweet_000001,c_03873,username_3873,2026-02-20T19:19:46Z,Looks like Tesla is pushing boundaries again.,positive
tweet_000001,c_03874,username_3874,2026-02-21T23:51:37Z,I’ll believe it when I see consistent deliveries.,negative
tweet_000001,c_03875,username_3875,2026-02-21T06:54:52Z,"Love the utilitarian focus. If specs hold, I'm in. (charging)",positive
tweet_000001,c_03876,username_3876,2026-02-20T01:16:51Z,Looks like Tesla is pushing boundaries again. (AWD) ✅,positive
tweet_000001,c_03877,username_3877,2026-02-21T00:38:25Z,I like the direction — keep iterating. (software updates) ⚡,positive
tweet_000001,c_03878,username_3878,2026-02-20T02:50:49Z,I’ll believe it when I see consistent deliveries. (towing),negative
tweet_000001,c_03879,username_3879,2026-02-21T13:20:16Z,Curious about charging speed on 800V. (serviceability) 🧐,neutral
tweet_000001,c_03880,username_3880,2026-02-22T00:36:08Z,This is awesome — Cybertruck looks like the future! 🚀,positive
tweet_000001,c_03881,username_3881,2026-02-20T21:10:22Z,Interesting update. Any details on range and pricing?,neutral
tweet_000001,c_03882,username_3882,2026-02-20T05:51:02Z,Feels like hype more than substance.,negative
tweet_000001,c_03883,username_3883,2026-02-20T06:00:26Z,Not convinced this is practical day-to-day. (towing),negative
tweet_000001,c_03884,username_3884,2026-02-21T18:59:30Z,I like the direction — keep iterating.,positive
tweet_000001,c_03885,username_3885,2026-02-20T01:27:27Z,Concerned about safety and repairs. (build quality) ⚠️,negative
tweet_000001,c_03886,username_3886,2026-02-20T07:02:51Z,Feels like hype more than substance. (build quality),negative
tweet_000001,c_03887,username_3887,2026-02-20T08:51:56Z,Design is… not for me.,negative
tweet_000001,c_03888,username_3888,2026-02-21T05:58:40Z,Will there be different trims later?,neutral
tweet_000001,c_03889,username_3889,2026-02-21T22:08:23Z,What’s the estimated lead time?,neutral
tweet_000001,c_03890,username_3890,2026-02-21T19:36:47Z,Take my money. (kidding… mostly) 😄,positive
tweet_000001,c_03891,username_3891,2026-02-20T23:56:28Z,Not convinced this is practical day-to-day. (towing),negative
tweet_000001,c_03892,username_3892,2026-02-20T07:49:30Z,Waiting for real-world reviews. (towing),neutral
tweet_000001,c_03893,username_3893,2026-02-20T04:50:23Z,Limited-time offers feel gimmicky. (delivery),negative
tweet_000001,c_03894,username_3894,2026-02-20T14:23:58Z,This is awesome — Cybertruck looks like the future! 🚀,positive
tweet_000001,c_03895,username_3895,2026-02-21T03:33:36Z,Design is… not for me.,negative
tweet_000001,c_03896,username_3896,2026-02-20T04:29:22Z,This rollout has been messy. (charging) 😕,negative
tweet_000001,c_03897,username_3897,2026-02-20T17:47:04Z,Design grows on you. The utility matters most. (features),positive
tweet_000001,c_03898,username_3898,2026-02-21T06:00:16Z,Design is… not for me. (AWD),negative
tweet_000001,c_03899,username_3899,2026-02-22T00:24:29Z,Curious about charging speed on 800V. (serviceability) 🧐,neutral
tweet_000001,c_03900,username_3900,2026-02-21T20:54:13Z,Still too expensive for what it is. (range) 😒,negative
tweet_000001,c_03901,username_3901,2026-02-22T01:01:23Z,Design grows on you. The utility matters most. (delivery) 🙌,positive
tweet_000001,c_03902,username_3902,2026-02-20T19:28:13Z,Finally! Can't wait to see these on the road. (software updates),positive
tweet_000001,c_03903,username_3903,2026-02-20T21:12:00Z,Not convinced this is practical day-to-day.,negative
tweet_000001,c_03904,username_3904,2026-02-21T07:08:19Z,This is awesome — Cybertruck looks like the future! 🚀 (software updates) 🚀,positive
tweet_000001,c_03905,username_3905,2026-02-20T23:52:39Z,This rollout has been messy. (stainless steel),negative
tweet_000001,c_03906,username_3906,2026-02-21T09:30:54Z,Waiting for real-world reviews. (range),neutral
tweet_000001,c_03907,username_3907,2026-02-20T23:42:57Z,Waiting for real-world reviews. 🤔,neutral
tweet_000001,c_03908,username_3908,2026-02-21T08:12:30Z,Finally! Can't wait to see these on the road. (features) 😄,positive
tweet_000001,c_03909,username_3909,2026-02-21T05:00:45Z,Curious about charging speed on 800V. 📅,neutral
tweet_000001,c_03910,username_3910,2026-02-21T01:45:13Z,AWD option is a big win. 🔥 (software updates),positive
tweet_000001,c_03911,username_3911,2026-02-21T21:12:23Z,Design grows on you. The utility matters most. (range) ⚡,positive
tweet_000001,c_03912,username_3912,2026-02-21T08:14:01Z,Finally! Can't wait to see these on the road. 🔥,positive
tweet_000001,c_03913,username_3913,2026-02-20T22:39:59Z,Finally! Can't wait to see these on the road.,positive
tweet_000001,c_03914,username_3914,2026-02-21T08:25:45Z,Feels like hype more than substance.,negative
tweet_000001,c_03915,username_3915,2026-02-21T06:28:01Z,I’ll believe it when I see consistent deliveries.,negative
tweet_000001,c_03916,username_3916,2026-02-21T05:39:33Z,This is awesome — Cybertruck looks like the future! 🚀 (delivery) 🚀,positive
tweet_000001,c_03917,username_3917,2026-02-20T07:58:15Z,This rollout has been messy.,negative
tweet_000001,c_03918,username_3918,2026-02-20T19:32:30Z,I like the direction — keep iterating.,positive
tweet_000001,c_03919,username_3919,2026-02-20T05:37:00Z,Still too expensive for what it is.,negative
tweet_000001,c_03920,username_3920,2026-02-20T02:20:35Z,Limited-time offers feel gimmicky. (build quality),negative
tweet_000001,c_03921,username_3921,2026-02-21T12:17:23Z,Feels like hype more than substance. 😕,negative
tweet_000001,c_03922,username_3922,2026-02-20T13:50:21Z,Design grows on you. The utility matters most. (stainless steel),positive
tweet_000001,c_03923,username_3923,2026-02-20T02:14:30Z,Specs keep changing — hard to plan. (suspension),negative
tweet_000001,c_03924,username_3924,2026-02-20T20:24:35Z,Finally! Can't wait to see these on the road.,positive
tweet_000001,c_03925,username_3925,2026-02-20T11:58:27Z,Limited-time offers feel gimmicky. 😒,negative
tweet_000001,c_03926,username_3926,2026-02-20T19:32:38Z,The engineering is wild. Congrats to the team!,positive
tweet_000001,c_03927,username_3927,2026-02-21T02:09:52Z,Do we have confirmed specs yet? (suspension),neutral
tweet_000001,c_03928,username_3928,2026-02-21T05:20:53Z,Not convinced this is practical day-to-day. (build quality),negative
tweet_000001,c_03929,username_3929,2026-02-21T23:31:47Z,I’ll believe it when I see consistent deliveries. (towing),negative
tweet_000001,c_03930,username_3930,2026-02-20T13:58:50Z,AWD option is a big win. 🔥 (efficiency),positive
tweet_000001,c_03931,username_3931,2026-02-20T18:11:04Z,Not convinced this is practical day-to-day. (towing),negative
tweet_000001,c_03932,username_3932,2026-02-20T20:47:27Z,This is awesome — Cybertruck looks like the future! 🚀 (software updates) ⚡,positive
tweet_000001,c_03933,username_3933,2026-02-21T04:00:18Z,Is the limited-time offer available everywhere?,neutral
tweet_000001,c_03934,username_3934,2026-02-20T11:51:19Z,The engineering is wild. Congrats to the team! 🔥,positive
tweet_000001,c_03935,username_3935,2026-02-20T15:20:37Z,Finally! Can't wait to see these on the road.,positive
tweet_000001,c_03936,username_3936,2026-02-20T22:02:13Z,What’s the estimated lead time?,neutral
tweet_000001,c_03937,username_3937,2026-02-21T13:01:19Z,Design grows on you. The utility matters most.,positive
tweet_000001,c_03938,username_3938,2026-02-21T10:04:21Z,This could be great for work sites and towing. 🔥,positive
tweet_000001,c_03939,username_3939,2026-02-20T18:56:13Z,AWD option is a big win. 🔥,positive
tweet_000001,c_03940,username_3940,2026-02-20T13:21:49Z,This could be great for work sites and towing. (AWD),positive
tweet_000001,c_03941,username_3941,2026-02-21T17:40:13Z,Not convinced this is practical day-to-day. (delivery),negative
tweet_000001,c_03942,username_3942,2026-02-21T11:49:08Z,This rollout has been messy.,negative
tweet_000001,c_03943,username_3943,2026-02-20T05:40:32Z,"Love the utilitarian focus. If specs hold, I'm in. 🔥",positive
tweet_000001,c_03944,username_3944,2026-02-20T04:17:12Z,AWD option is a big win. 🔥 (efficiency) 😄,positive
tweet_000001,c_03945,username_3945,2026-02-21T21:35:14Z,The engineering is wild. Congrats to the team! (build quality),positive
tweet_000001,c_03946,username_3946,2026-02-20T11:47:45Z,AWD option is a big win. 🔥 🔥,positive
tweet_000001,c_03947,username_3947,2026-02-20T23:30:06Z,Still too expensive for what it is. (suspension),negative
tweet_000001,c_03948,username_3948,2026-02-20T08:48:40Z,What’s the estimated lead time? (software updates),neutral
tweet_000001,c_03949,username_3949,2026-02-21T14:02:03Z,AWD option is a big win. 🔥 (price),positive
tweet_000001,c_03950,username_3950,2026-02-21T02:23:48Z,Finally! Can't wait to see these on the road. (towing),positive
tweet_000001,c_03951,username_3951,2026-02-21T03:25:31Z,AWD option is a big win. 🔥 (range),positive
tweet_000001,c_03952,username_3952,2026-02-20T16:33:39Z,Not convinced this is practical day-to-day.,negative
tweet_000001,c_03953,username_3953,2026-02-21T11:50:47Z,So many delays… what's different now?,negative
tweet_000001,c_03954,username_3954,2026-02-21T17:28:46Z,"Love the utilitarian focus. If specs hold, I'm in. (efficiency)",positive
tweet_000001,c_03955,username_3955,2026-02-21T00:35:16Z,The engineering is wild. Congrats to the team! 🙌,positive
tweet_000001,c_03956,username_3956,2026-02-21T10:29:26Z,Not convinced this is practical day-to-day. (towing),negative
tweet_000001,c_03957,username_3957,2026-02-21T05:21:26Z,So many delays… what's different now? (software updates),negative
tweet_000001,c_03958,username_3958,2026-02-21T15:40:31Z,I like the direction — keep iterating.,positive
tweet_000001,c_03959,username_3959,2026-02-21T20:51:25Z,This is awesome — Cybertruck looks like the future! 🚀 (stainless steel),positive
tweet_000001,c_03960,username_3960,2026-02-20T10:55:24Z,This could be great for work sites and towing. (charging),positive
tweet_000001,c_03961,username_3961,2026-02-20T19:43:50Z,Will there be different trims later? (features) 📅,neutral
tweet_000001,c_03962,username_3962,2026-02-20T19:38:46Z,Finally! Can't wait to see these on the road. (AWD),positive
tweet_000001,c_03963,username_3963,2026-02-22T00:29:12Z,The engineering is wild. Congrats to the team! (delivery),positive
tweet_000001,c_03964,username_3964,2026-02-20T18:36:00Z,Hope the build quality is solid. 🤔,neutral
tweet_000001,c_03965,username_3965,2026-02-22T00:17:43Z,I like the direction — keep iterating. (software updates),positive
tweet_000001,c_03966,username_3966,2026-02-20T12:41:27Z,So many delays… what's different now? (delivery),negative
tweet_000001,c_03967,username_3967,2026-02-21T14:43:41Z,This is awesome — Cybertruck looks like the future! 🚀,positive
tweet_000001,c_03968,username_3968,2026-02-20T16:41:38Z,Finally! Can't wait to see these on the road. (range),positive
tweet_000001,c_03969,username_3969,2026-02-20T02:20:06Z,Curious about charging speed on 800V. (range) 📅,neutral
tweet_000001,c_03970,username_3970,2026-02-21T10:50:29Z,Take my money. (kidding… mostly) 😄 (range),positive
tweet_000001,c_03971,username_3971,2026-02-21T14:14:09Z,So many delays… what's different now?,negative
tweet_000001,c_03972,username_3972,2026-02-21T12:15:51Z,Will there be different trims later? (build quality) 🧐,neutral
tweet_000001,c_03973,username_3973,2026-02-20T15:02:17Z,Looks like Tesla is pushing boundaries again. (price) ⚡,positive
tweet_000001,c_03974,username_3974,2026-02-20T18:22:44Z,Not convinced this is practical day-to-day. (stainless steel),negative
tweet_000001,c_03975,username_3975,2026-02-21T23:56:14Z,"Love the utilitarian focus. If specs hold, I'm in. (features) 😄",positive
tweet_000001,c_03976,username_3976,2026-02-20T21:22:27Z,Concerned about safety and repairs.,negative
tweet_000001,c_03977,username_3977,2026-02-21T17:19:26Z,Finally! Can't wait to see these on the road. (towing),positive
tweet_000001,c_03978,username_3978,2026-02-21T20:07:04Z,Waiting for real-world reviews.,neutral
tweet_000001,c_03979,username_3979,2026-02-20T03:47:20Z,This is awesome — Cybertruck looks like the future! 🚀 (features),positive
tweet_000001,c_03980,username_3980,2026-02-21T10:31:51Z,Take my money. (kidding… mostly) 😄 ✅,positive
tweet_000001,c_03981,username_3981,2026-02-21T01:14:16Z,So many delays… what's different now? (price) 😕,negative
tweet_000001,c_03982,username_3982,2026-02-21T08:59:31Z,Concerned about safety and repairs.,negative
tweet_000001,c_03983,username_3983,2026-02-21T07:59:06Z,AWD option is a big win. 🔥 (range),positive
tweet_000001,c_03984,username_3984,2026-02-21T05:51:59Z,Looks like Tesla is pushing boundaries again. (price),positive
tweet_000001,c_03985,username_3985,2026-02-20T17:37:08Z,Specs keep changing — hard to plan. (charging),negative
tweet_000001,c_03986,username_3986,2026-02-20T08:34:24Z,Concerned about safety and repairs.,negative
tweet_000001,c_03987,username_3987,2026-02-21T20:19:13Z,AWD option is a big win. 🔥,positive
tweet_000001,c_03988,username_3988,2026-02-21T15:19:06Z,Hope the build quality is solid. (features),neutral
tweet_000001,c_03989,username_3989,2026-02-20T15:25:25Z,Take my money. (kidding… mostly) 😄 (AWD) 🔥,positive
tweet_000001,c_03990,username_3990,2026-02-21T04:46:09Z,Not convinced this is practical day-to-day.,negative
tweet_000001,c_03991,username_3991,2026-02-21T06:45:35Z,Finally! Can't wait to see these on the road. (charging),positive
tweet_000001,c_03992,username_3992,2026-02-21T15:41:40Z,The engineering is wild. Congrats to the team! (build quality),positive
tweet_000001,c_03993,username_3993,2026-02-21T23:30:34Z,So many delays… what's different now? (build quality),negative
tweet_000001,c_03994,username_3994,2026-02-21T23:54:52Z,This could be great for work sites and towing. 🚀,positive
tweet_000001,c_03995,username_3995,2026-02-21T04:15:54Z,Hope the build quality is solid. (stainless steel),neutral
tweet_000001,c_03996,username_3996,2026-02-20T06:53:45Z,Design grows on you. The utility matters most. (software updates) 🙌,positive
tweet_000001,c_03997,username_3997,2026-02-20T18:29:21Z,Finally! Can't wait to see these on the road. (price) ⚡,positive
tweet_000001,c_03998,username_3998,2026-02-21T03:21:20Z,This could be great for work sites and towing.,positive
tweet_000001,c_03999,username_3999,2026-02-21T19:17:18Z,What’s the estimated lead time? 🤔,neutral
tweet_000001,c_04000,username_4000,2026-02-20T23:17:37Z,"Love the utilitarian focus. If specs hold, I'm in. (range)",positive
tweet_000001,c_04001,username_4001,2026-02-21T18:52:31Z,Waiting for real-world reviews.,neutral
tweet_000001,c_04002,username_4002,2026-02-21T10:49:04Z,This rollout has been messy. (stainless steel),negative
tweet_000001,c_04003,username_4003,2026-02-20T09:49:34Z,Feels like hype more than substance. (towing),negative
tweet_000001,c_04004,username_4004,2026-02-20T11:17:47Z,This could be great for work sites and towing. (serviceability) 🚀,positive
tweet_000001,c_04005,username_4005,2026-02-20T08:16:55Z,I like the direction — keep iterating.,positive
tweet_000001,c_04006,username_4006,2026-02-21T17:24:12Z,Finally! Can't wait to see these on the road. (serviceability),positive
tweet_000001,c_04007,username_4007,2026-02-21T06:34:54Z,Finally! Can't wait to see these on the road. (delivery) 🙌,positive
tweet_000001,c_04008,username_4008,2026-02-21T12:01:21Z,Looks like Tesla is pushing boundaries again. (price),positive
tweet_000001,c_04009,username_4009,2026-02-20T20:29:53Z,This rollout has been messy. (delivery) 😒,negative
tweet_000001,c_04010,username_4010,2026-02-21T02:29:22Z,AWD option is a big win. 🔥 (range) 🙌,positive
tweet_000001,c_04011,username_4011,2026-02-20T10:27:19Z,This is awesome — Cybertruck looks like the future! 🚀 ✅,positive
tweet_000001,c_04012,username_4012,2026-02-21T13:26:11Z,This is awesome — Cybertruck looks like the future! 🚀 ⚡,positive
tweet_000001,c_04013,username_4013,2026-02-20T04:52:29Z,Limited-time offers feel gimmicky. ⚠️,negative
tweet_000001,c_04014,username_4014,2026-02-21T07:06:21Z,AWD option is a big win. 🔥,positive
tweet_000001,c_04015,username_4015,2026-02-20T16:38:03Z,Curious about charging speed on 800V. (charging),neutral
tweet_000001,c_04016,username_4016,2026-02-21T13:53:04Z,Finally! Can't wait to see these on the road.,positive
tweet_000001,c_04017,username_4017,2026-02-20T21:38:19Z,Still too expensive for what it is. (charging),negative
tweet_000001,c_04018,username_4018,2026-02-21T14:52:32Z,I’ll believe it when I see consistent deliveries. (towing),negative
tweet_000001,c_04019,username_4019,2026-02-20T18:45:11Z,"Love the utilitarian focus. If specs hold, I'm in. (software updates) 🙌",positive
tweet_000001,c_04020,username_4020,2026-02-21T04:25:16Z,This is awesome — Cybertruck looks like the future! 🚀 (range),positive
tweet_000001,c_04021,username_4021,2026-02-21T18:12:25Z,This is awesome — Cybertruck looks like the future! 🚀 (serviceability) 🚀,positive
tweet_000001,c_04022,username_4022,2026-02-21T21:41:57Z,Finally! Can't wait to see these on the road.,positive
tweet_000001,c_04023,username_4023,2026-02-20T09:12:08Z,Limited-time offers feel gimmicky. (software updates) 😕,negative
tweet_000001,c_04024,username_4024,2026-02-21T03:39:46Z,Design is… not for me.,negative
tweet_000001,c_04025,username_4025,2026-02-21T09:19:57Z,Still too expensive for what it is. 😕,negative
tweet_000001,c_04026,username_4026,2026-02-20T03:38:25Z,Feels like hype more than substance. (software updates),negative
tweet_000001,c_04027,username_4027,2026-02-20T02:19:15Z,This is awesome — Cybertruck looks like the future! 🚀 ⚡,positive
tweet_000001,c_04028,username_4028,2026-02-22T00:50:49Z,"Love the utilitarian focus. If specs hold, I'm in.",positive
tweet_000001,c_04029,username_4029,2026-02-20T23:59:16Z,Not convinced this is practical day-to-day.,negative
tweet_000001,c_04030,username_4030,2026-02-20T17:46:47Z,Finally! Can't wait to see these on the road.,positive
tweet_000001,c_04031,username_4031,2026-02-21T07:20:19Z,So many delays… what's different now? (AWD),negative
tweet_000001,c_04032,username_4032,2026-02-21T07:15:36Z,Looks like Tesla is pushing boundaries again. (towing) 😄,positive
tweet_000001,c_04033,username_4033,2026-02-20T09:39:55Z,Take my money. (kidding… mostly) 😄 🙌,positive
tweet_000001,c_04034,username_4034,2026-02-21T14:43:37Z,I’ll believe it when I see consistent deliveries. ⚠️,negative
tweet_000001,c_04035,username_4035,2026-02-21T16:27:23Z,"Love the utilitarian focus. If specs hold, I'm in. (features)",positive
tweet_000001,c_04036,username_4036,2026-02-20T06:23:59Z,Still too expensive for what it is. (range) 😒,negative
tweet_000001,c_04037,username_4037,2026-02-21T21:43:30Z,Concerned about safety and repairs. (delivery) ⚠️,negative
tweet_000001,c_04038,username_4038,2026-02-20T16:47:04Z,This rollout has been messy. (build quality),negative
tweet_000001,c_04039,username_4039,2026-02-20T18:52:07Z,This rollout has been messy. 😒,negative
tweet_000001,c_04040,username_4040,2026-02-20T05:39:13Z,Will there be different trims later?,neutral
tweet_000001,c_04041,username_4041,2026-02-21T08:57:23Z,Still too expensive for what it is.,negative
tweet_000001,c_04042,username_4042,2026-02-21T20:05:15Z,I like the direction — keep iterating. (suspension),positive
tweet_000001,c_04043,username_4043,2026-02-20T23:03:51Z,What’s the estimated lead time? (build quality),neutral
tweet_000001,c_04044,username_4044,2026-02-20T14:07:47Z,Waiting for real-world reviews.,neutral
tweet_000001,c_04045,username_4045,2026-02-21T23:10:13Z,AWD option is a big win. 🔥 (delivery),positive
tweet_000001,c_04046,username_4046,2026-02-21T01:20:29Z,Looks like Tesla is pushing boundaries again. (charging),positive
tweet_000001,c_04047,username_4047,2026-02-20T04:53:58Z,Take my money. (kidding… mostly) 😄 (serviceability) 🚀,positive
tweet_000001,c_04048,username_4048,2026-02-21T03:46:18Z,Will there be different trims later? (serviceability) 🤔,neutral
tweet_000001,c_04049,username_4049,2026-02-21T20:30:31Z,Still too expensive for what it is. (stainless steel),negative
tweet_000001,c_04050,username_4050,2026-02-21T00:52:59Z,"Love the utilitarian focus. If specs hold, I'm in. (efficiency)",positive
tweet_000001,c_04051,username_4051,2026-02-20T03:15:23Z,So many delays… what's different now? (AWD) 😕,negative
tweet_000001,c_04052,username_4052,2026-02-20T08:32:25Z,Feels like hype more than substance.,negative
tweet_000001,c_04053,username_4053,2026-02-20T08:08:59Z,So many delays… what's different now? ⚠️,negative
tweet_000001,c_04054,username_4054,2026-02-20T22:43:34Z,How does this compare to the earlier announced configuration? ℹ️,neutral
tweet_000001,c_04055,username_4055,2026-02-20T13:29:50Z,Still too expensive for what it is. (serviceability),negative
tweet_000001,c_04056,username_4056,2026-02-20T18:16:31Z,Looks like Tesla is pushing boundaries again.,positive
tweet_000001,c_04057,username_4057,2026-02-20T07:18:19Z,I’ll believe it when I see consistent deliveries.,negative
tweet_000001,c_04058,username_4058,2026-02-20T11:05:50Z,Finally! Can't wait to see these on the road. (stainless steel),positive
tweet_000001,c_04059,username_4059,2026-02-21T18:27:24Z,This rollout has been messy. 🙄,negative
tweet_000001,c_04060,username_4060,2026-02-21T07:39:52Z,Still too expensive for what it is. (price) 🙄,negative
tweet_000001,c_04061,username_4061,2026-02-21T02:31:10Z,Design grows on you. The utility matters most. (efficiency),positive
tweet_000001,c_04062,username_4062,2026-02-21T01:59:32Z,This is awesome — Cybertruck looks like the future! 🚀 (range),positive
tweet_000001,c_04063,username_4063,2026-02-21T13:05:56Z,Limited-time offers feel gimmicky.,negative
tweet_000001,c_04064,username_4064,2026-02-20T10:39:12Z,This could be great for work sites and towing. (range),positive
tweet_000001,c_04065,username_4065,2026-02-21T20:12:15Z,This rollout has been messy.,negative
tweet_000001,c_04066,username_4066,2026-02-20T06:02:19Z,This is awesome — Cybertruck looks like the future! 🚀 (software updates) ⚡,positive
tweet_000001,c_04067,username_4067,2026-02-21T22:32:44Z,The engineering is wild. Congrats to the team!,positive
tweet_000001,c_04068,username_4068,2026-02-20T02:08:19Z,Design is… not for me.,negative
tweet_000001,c_04069,username_4069,2026-02-20T01:28:07Z,Specs keep changing — hard to plan. (range),negative
tweet_000001,c_04070,username_4070,2026-02-21T08:26:44Z,Still too expensive for what it is. (suspension),negative
tweet_000001,c_04071,username_4071,2026-02-20T21:56:44Z,"Love the utilitarian focus. If specs hold, I'm in. (towing)",positive
tweet_000001,c_04072,username_4072,2026-02-20T08:04:47Z,Design is… not for me. 😒,negative
tweet_000001,c_04073,username_4073,2026-02-21T22:08:57Z,Curious about charging speed on 800V.,neutral
tweet_000001,c_04074,username_4074,2026-02-20T18:59:26Z,Waiting for real-world reviews.,neutral
tweet_000001,c_04075,username_4075,2026-02-20T04:34:41Z,This rollout has been messy. (range) 🤦,negative
tweet_000001,c_04076,username_4076,2026-02-21T18:42:43Z,Hope the build quality is solid. (range),neutral
tweet_000001,c_04077,username_4077,2026-02-21T08:27:01Z,I like the direction — keep iterating. (build quality) 😄,positive
tweet_000001,c_04078,username_4078,2026-02-21T12:01:13Z,AWD option is a big win. 🔥 (suspension),positive
tweet_000001,c_04079,username_4079,2026-02-21T12:07:42Z,Not convinced this is practical day-to-day. (efficiency) 🙄,negative
tweet_000001,c_04080,username_4080,2026-02-20T15:21:55Z,Design grows on you. The utility matters most. ⚡,positive
tweet_000001,c_04081,username_4081,2026-02-21T04:33:15Z,Design is… not for me. (software updates),negative
tweet_000001,c_04082,username_4082,2026-02-21T04:42:02Z,Finally! Can't wait to see these on the road. (range) ⚡,positive
tweet_000001,c_04083,username_4083,2026-02-21T02:35:10Z,Interesting update. Any details on range and pricing? (AWD),neutral
tweet_000001,c_04084,username_4084,2026-02-21T00:02:58Z,Specs keep changing — hard to plan. (software updates) 😕,negative
tweet_000001,c_04085,username_4085,2026-02-21T10:42:03Z,I like the direction — keep iterating. (serviceability) 🔥,positive
tweet_000001,c_04086,username_4086,2026-02-21T18:57:05Z,Finally! Can't wait to see these on the road. (AWD) 🚀,positive
tweet_000001,c_04087,username_4087,2026-02-20T06:19:42Z,This is awesome — Cybertruck looks like the future! 🚀 🚀,positive
tweet_000001,c_04088,username_4088,2026-02-22T00:04:58Z,Will there be different trims later? ℹ️,neutral
tweet_000001,c_04089,username_4089,2026-02-20T01:39:32Z,Not convinced this is practical day-to-day. (software updates),negative
tweet_000001,c_04090,username_4090,2026-02-20T18:56:34Z,This is awesome — Cybertruck looks like the future! 🚀 (price) 😄,positive
tweet_000001,c_04091,username_4091,2026-02-21T09:35:10Z,Design is… not for me.,negative
tweet_000001,c_04092,username_4092,2026-02-20T01:43:22Z,AWD option is a big win. 🔥 😄,positive
tweet_000001,c_04093,username_4093,2026-02-21T01:34:37Z,Hope the build quality is solid. (build quality),neutral
tweet_000001,c_04094,username_4094,2026-02-21T18:26:06Z,I’ll believe it when I see consistent deliveries. (serviceability),negative
tweet_000001,c_04095,username_4095,2026-02-21T08:05:17Z,AWD option is a big win. 🔥 (range) 🔥,positive
tweet_000001,c_04096,username_4096,2026-02-21T07:45:59Z,Curious about charging speed on 800V.,neutral
tweet_000001,c_04097,username_4097,2026-02-20T11:33:04Z,This could be great for work sites and towing. (build quality) ✅,positive
tweet_000001,c_04098,username_4098,2026-02-21T10:53:15Z,This could be great for work sites and towing.,positive
tweet_000001,c_04099,username_4099,2026-02-20T10:25:51Z,This is awesome — Cybertruck looks like the future! 🚀 ✅,positive
tweet_000001,c_04100,username_4100,2026-02-20T13:03:14Z,The engineering is wild. Congrats to the team!,positive
tweet_000001,c_04101,username_4101,2026-02-20T14:25:30Z,Do we have confirmed specs yet? (delivery) ℹ️,neutral
tweet_000001,c_04102,username_4102,2026-02-20T06:10:01Z,Looks like Tesla is pushing boundaries again.,positive
tweet_000001,c_04103,username_4103,2026-02-20T10:18:55Z,What’s the estimated lead time? (charging),neutral
tweet_000001,c_04104,username_4104,2026-02-21T03:54:15Z,Design grows on you. The utility matters most. (price),positive
tweet_000001,c_04105,username_4105,2026-02-21T13:53:13Z,Take my money. (kidding… mostly) 😄 (stainless steel) 🙌,positive
tweet_000001,c_04106,username_4106,2026-02-20T07:11:18Z,So many delays… what's different now?,negative
tweet_000001,c_04107,username_4107,2026-02-21T11:01:09Z,Feels like hype more than substance. (suspension) 😒,negative
tweet_000001,c_04108,username_4108,2026-02-21T14:52:46Z,This is awesome — Cybertruck looks like the future! 🚀,positive
tweet_000001,c_04109,username_4109,2026-02-21T01:59:02Z,Design is… not for me. (features),negative
tweet_000001,c_04110,username_4110,2026-02-21T21:13:21Z,Do we have confirmed specs yet? (software updates),neutral
tweet_000001,c_04111,username_4111,2026-02-20T12:30:20Z,What’s the estimated lead time?,neutral
tweet_000001,c_04112,username_4112,2026-02-20T13:48:07Z,What’s the estimated lead time? (towing),neutral
tweet_000001,c_04113,username_4113,2026-02-22T01:07:02Z,"Love the utilitarian focus. If specs hold, I'm in. ⚡",positive
tweet_000001,c_04114,username_4114,2026-02-21T11:58:02Z,Finally! Can't wait to see these on the road. (delivery),positive
tweet_000001,c_04115,username_4115,2026-02-21T22:02:09Z,Is the limited-time offer available everywhere? (efficiency),neutral
tweet_000001,c_04116,username_4116,2026-02-20T17:53:56Z,Finally! Can't wait to see these on the road. ✅,positive
tweet_000001,c_04117,username_4117,2026-02-20T07:42:27Z,Specs keep changing — hard to plan. (towing),negative
tweet_000001,c_04118,username_4118,2026-02-20T10:50:18Z,I like the direction — keep iterating. ✅,positive
tweet_000001,c_04119,username_4119,2026-02-21T19:17:09Z,Design grows on you. The utility matters most.,positive
tweet_000001,c_04120,username_4120,2026-02-20T10:27:49Z,Still too expensive for what it is. (efficiency) 😕,negative
tweet_000001,c_04121,username_4121,2026-02-20T21:25:13Z,Finally! Can't wait to see these on the road. (delivery) 😄,positive
tweet_000001,c_04122,username_4122,2026-02-21T13:30:54Z,Waiting for real-world reviews. 🤔,neutral
tweet_000001,c_04123,username_4123,2026-02-20T18:59:44Z,This rollout has been messy. 🙄,negative
tweet_000001,c_04124,username_4124,2026-02-21T13:54:07Z,Limited-time offers feel gimmicky. (range),negative
tweet_000001,c_04125,username_4125,2026-02-21T06:04:35Z,Design is… not for me. (range) 😒,negative
tweet_000001,c_04126,username_4126,2026-02-20T18:03:25Z,Feels like hype more than substance. (stainless steel),negative
tweet_000001,c_04127,username_4127,2026-02-21T19:48:59Z,Limited-time offers feel gimmicky. 😕,negative
tweet_000001,c_04128,username_4128,2026-02-20T02:55:07Z,I’ll believe it when I see consistent deliveries. 😕,negative
tweet_000001,c_04129,username_4129,2026-02-21T11:27:02Z,AWD option is a big win. 🔥 (serviceability) 🔥,positive
tweet_000001,c_04130,username_4130,2026-02-21T19:37:58Z,I like the direction — keep iterating. (features) 🔥,positive
tweet_000001,c_04131,username_4131,2026-02-21T16:39:35Z,AWD option is a big win. 🔥 (software updates) 🔥,positive
tweet_000001,c_04132,username_4132,2026-02-21T18:34:23Z,"Love the utilitarian focus. If specs hold, I'm in. 🚀",positive
tweet_000001,c_04133,username_4133,2026-02-21T07:49:07Z,Feels like hype more than substance. (range),negative
tweet_000001,c_04134,username_4134,2026-02-21T17:49:21Z,Waiting for real-world reviews.,neutral
tweet_000001,c_04135,username_4135,2026-02-21T05:53:09Z,How does this compare to the earlier announced configuration?,neutral
tweet_000001,c_04136,username_4136,2026-02-20T04:12:17Z,Take my money. (kidding… mostly) 😄 (software updates),positive
tweet_000001,c_04137,username_4137,2026-02-20T07:22:29Z,So many delays… what's different now? (software updates),negative
tweet_000001,c_04138,username_4138,2026-02-20T05:39:05Z,AWD option is a big win. 🔥 (features),positive
tweet_000001,c_04139,username_4139,2026-02-20T19:47:57Z,Specs keep changing — hard to plan.,negative
tweet_000001,c_04140,username_4140,2026-02-21T08:40:11Z,Will there be different trims later?,neutral
tweet_000001,c_04141,username_4141,2026-02-21T21:16:47Z,The engineering is wild. Congrats to the team!,positive
tweet_000001,c_04142,username_4142,2026-02-21T02:17:02Z,This is awesome — Cybertruck looks like the future! 🚀 (serviceability) 😄,positive
tweet_000001,c_04143,username_4143,2026-02-20T15:04:07Z,Finally! Can't wait to see these on the road. 😄,positive
tweet_000001,c_04144,username_4144,2026-02-20T09:48:14Z,Limited-time offers feel gimmicky. (delivery) 🤦,negative
tweet_000001,c_04145,username_4145,2026-02-20T11:15:30Z,This rollout has been messy.,negative
tweet_000001,c_04146,username_4146,2026-02-21T00:35:33Z,Is the limited-time offer available everywhere? 🤔,neutral
tweet_000001,c_04147,username_4147,2026-02-21T16:07:12Z,This could be great for work sites and towing.,positive
tweet_000001,c_04148,username_4148,2026-02-21T22:13:46Z,"Love the utilitarian focus. If specs hold, I'm in.",positive
tweet_000001,c_04149,username_4149,2026-02-20T11:59:31Z,Design is… not for me.,negative
tweet_000001,c_04150,username_4150,2026-02-20T07:24:46Z,So many delays… what's different now? (software updates) 🙄,negative
tweet_000001,c_04151,username_4151,2026-02-21T18:00:23Z,Looks like Tesla is pushing boundaries again.,positive
tweet_000001,c_04152,username_4152,2026-02-20T21:45:54Z,This could be great for work sites and towing. ✅,positive
tweet_000001,c_04153,username_4153,2026-02-20T05:26:40Z,This rollout has been messy. (AWD) 🙄,negative
tweet_000001,c_04154,username_4154,2026-02-20T03:46:45Z,The engineering is wild. Congrats to the team! (suspension),positive
tweet_000001,c_04155,username_4155,2026-02-21T15:46:14Z,This could be great for work sites and towing. (stainless steel),positive
tweet_000001,c_04156,username_4156,2026-02-20T20:41:52Z,Looks like Tesla is pushing boundaries again.,positive
tweet_000001,c_04157,username_4157,2026-02-21T05:40:42Z,Hope the build quality is solid.,neutral
tweet_000001,c_04158,username_4158,2026-02-21T10:16:30Z,Concerned about safety and repairs. (suspension),negative
tweet_000001,c_04159,username_4159,2026-02-20T20:47:00Z,This rollout has been messy.,negative
tweet_000001,c_04160,username_4160,2026-02-20T18:43:15Z,Will there be different trims later? (charging),neutral
tweet_000001,c_04161,username_4161,2026-02-20T20:58:22Z,Will there be different trims later? (suspension),neutral
tweet_000001,c_04162,username_4162,2026-02-21T13:51:43Z,Take my money. (kidding… mostly) 😄 🔥,positive
tweet_000001,c_04163,username_4163,2026-02-20T21:39:53Z,Curious about charging speed on 800V. (stainless steel) 🤔,neutral
tweet_000001,c_04164,username_4164,2026-02-21T16:14:34Z,This is awesome — Cybertruck looks like the future! 🚀 (serviceability),positive
tweet_000001,c_04165,username_4165,2026-02-20T23:33:27Z,What’s the estimated lead time? (stainless steel) 📅,neutral
tweet_000001,c_04166,username_4166,2026-02-21T20:38:43Z,Finally! Can't wait to see these on the road. (stainless steel),positive
tweet_000001,c_04167,username_4167,2026-02-21T06:09:50Z,AWD option is a big win. 🔥 🔥,positive
tweet_000001,c_04168,username_4168,2026-02-20T02:14:11Z,This could be great for work sites and towing. 🔥,positive
tweet_000001,c_04169,username_4169,2026-02-21T04:02:33Z,Design grows on you. The utility matters most. 😄,positive
tweet_000001,c_04170,username_4170,2026-02-20T10:10:23Z,AWD option is a big win. 🔥 (efficiency),positive
tweet_000001,c_04171,username_4171,2026-02-22T00:37:47Z,I like the direction — keep iterating. (AWD),positive
tweet_000001,c_04172,username_4172,2026-02-20T12:42:44Z,Concerned about safety and repairs. ⚠️,negative
tweet_000001,c_04173,username_4173,2026-02-20T23:44:48Z,The engineering is wild. Congrats to the team! 🙌,positive
tweet_000001,c_04174,username_4174,2026-02-21T07:17:53Z,Do we have confirmed specs yet?,neutral
tweet_000001,c_04175,username_4175,2026-02-20T08:50:28Z,Still too expensive for what it is. (efficiency),negative
tweet_000001,c_04176,username_4176,2026-02-20T10:07:56Z,Feels like hype more than substance.,negative
tweet_000001,c_04177,username_4177,2026-02-20T13:24:41Z,Curious about charging speed on 800V. 📅,neutral
tweet_000001,c_04178,username_4178,2026-02-20T07:58:36Z,Not convinced this is practical day-to-day. (delivery) ⚠️,negative
tweet_000001,c_04179,username_4179,2026-02-20T14:04:54Z,Take my money. (kidding… mostly) 😄,positive
tweet_000001,c_04180,username_4180,2026-02-21T10:47:37Z,AWD option is a big win. 🔥 (efficiency),positive
tweet_000001,c_04181,username_4181,2026-02-21T13:31:02Z,This is awesome — Cybertruck looks like the future! 🚀 (AWD),positive
tweet_000001,c_04182,username_4182,2026-02-20T13:09:46Z,Still too expensive for what it is.,negative
tweet_000001,c_04183,username_4183,2026-02-21T02:06:45Z,I’ll believe it when I see consistent deliveries. (charging),negative
tweet_000001,c_04184,username_4184,2026-02-20T10:51:57Z,Design grows on you. The utility matters most. (efficiency) 🔥,positive
tweet_000001,c_04185,username_4185,2026-02-20T15:26:52Z,This could be great for work sites and towing. (towing),positive
tweet_000001,c_04186,username_4186,2026-02-22T00:16:07Z,Interesting update. Any details on range and pricing?,neutral
tweet_000001,c_04187,username_4187,2026-02-21T03:15:14Z,Finally! Can't wait to see these on the road.,positive
tweet_000001,c_04188,username_4188,2026-02-20T05:49:44Z,Interesting update. Any details on range and pricing?,neutral
tweet_000001,c_04189,username_4189,2026-02-22T00:30:51Z,Not convinced this is practical day-to-day. 😕,negative
tweet_000001,c_04190,username_4190,2026-02-20T12:19:01Z,Feels like hype more than substance. 🙄,negative
tweet_000001,c_04191,username_4191,2026-02-20T06:02:06Z,Specs keep changing — hard to plan. (charging),negative
tweet_000001,c_04192,username_4192,2026-02-20T15:26:23Z,Limited-time offers feel gimmicky. (serviceability) 😒,negative
tweet_000001,c_04193,username_4193,2026-02-20T10:14:13Z,Do we have confirmed specs yet?,neutral
tweet_000001,c_04194,username_4194,2026-02-21T22:56:47Z,Limited-time offers feel gimmicky. (delivery),negative
tweet_000001,c_04195,username_4195,2026-02-20T15:42:04Z,When will deliveries start in more regions? (serviceability),neutral
tweet_000001,c_04196,username_4196,2026-02-20T12:28:35Z,I like the direction — keep iterating. ⚡,positive
tweet_000001,c_04197,username_4197,2026-02-20T03:12:02Z,Design grows on you. The utility matters most.,positive
tweet_000001,c_04198,username_4198,2026-02-21T23:12:36Z,This could be great for work sites and towing. ⚡,positive
tweet_000001,c_04199,username_4199,2026-02-21T04:26:58Z,Design grows on you. The utility matters most. (efficiency),positive
tweet_000001,c_04200,username_4200,2026-02-20T18:20:07Z,Curious about charging speed on 800V. (efficiency),neutral
tweet_000001,c_04201,username_4201,2026-02-21T09:29:09Z,Design is… not for me. 😒,negative
tweet_000001,c_04202,username_4202,2026-02-21T21:11:15Z,Design grows on you. The utility matters most. (towing) 😄,positive
tweet_000001,c_04203,username_4203,2026-02-20T17:25:11Z,Looks like Tesla is pushing boundaries again. (AWD),positive
tweet_000001,c_04204,username_4204,2026-02-20T07:35:34Z,Not convinced this is practical day-to-day. (range),negative
tweet_000001,c_04205,username_4205,2026-02-20T07:55:22Z,This is awesome — Cybertruck looks like the future! 🚀 (charging) 🔥,positive
tweet_000001,c_04206,username_4206,2026-02-21T05:34:57Z,Hope the build quality is solid. (price),neutral
tweet_000001,c_04207,username_4207,2026-02-20T12:47:02Z,Do we have confirmed specs yet? (price) 🤔,neutral
tweet_000001,c_04208,username_4208,2026-02-20T12:36:26Z,Will there be different trims later? (efficiency),neutral
tweet_000001,c_04209,username_4209,2026-02-21T17:33:48Z,The engineering is wild. Congrats to the team!,positive
tweet_000001,c_04210,username_4210,2026-02-21T18:02:38Z,Finally! Can't wait to see these on the road.,positive
tweet_000001,c_04211,username_4211,2026-02-21T13:08:55Z,Take my money. (kidding… mostly) 😄,positive
tweet_000001,c_04212,username_4212,2026-02-21T16:08:39Z,Is the limited-time offer available everywhere?,neutral
tweet_000001,c_04213,username_4213,2026-02-21T00:51:56Z,How does this compare to the earlier announced configuration? ℹ️,neutral
tweet_000001,c_04214,username_4214,2026-02-20T17:01:44Z,Finally! Can't wait to see these on the road. (delivery),positive
tweet_000001,c_04215,username_4215,2026-02-21T14:16:03Z,Interesting update. Any details on range and pricing?,neutral
tweet_000001,c_04216,username_4216,2026-02-20T22:30:55Z,Specs keep changing — hard to plan. 😒,negative
tweet_000001,c_04217,username_4217,2026-02-20T12:29:04Z,Finally! Can't wait to see these on the road. (stainless steel),positive
tweet_000001,c_04218,username_4218,2026-02-21T04:42:15Z,Curious about charging speed on 800V.,neutral
tweet_000001,c_04219,username_4219,2026-02-21T01:49:42Z,Design is… not for me. (range),negative
tweet_000001,c_04220,username_4220,2026-02-20T18:53:22Z,This could be great for work sites and towing. ⚡,positive
tweet_000001,c_04221,username_4221,2026-02-20T09:36:18Z,I like the direction — keep iterating. (software updates),positive
tweet_000001,c_04222,username_4222,2026-02-21T13:03:36Z,Is the limited-time offer available everywhere? (AWD) 🧐,neutral
tweet_000001,c_04223,username_4223,2026-02-20T17:56:01Z,Not convinced this is practical day-to-day.,negative
tweet_000001,c_04224,username_4224,2026-02-22T00:48:52Z,Not convinced this is practical day-to-day. (range),negative
tweet_000001,c_04225,username_4225,2026-02-20T06:28:25Z,Do we have confirmed specs yet? 🤔,neutral
tweet_000001,c_04226,username_4226,2026-02-21T14:17:37Z,Specs keep changing — hard to plan. 🤦,negative
tweet_000001,c_04227,username_4227,2026-02-22T01:04:49Z,Looks like Tesla is pushing boundaries again. (stainless steel),positive
tweet_000001,c_04228,username_4228,2026-02-21T11:55:18Z,Interesting update. Any details on range and pricing? (towing),neutral
tweet_000001,c_04229,username_4229,2026-02-20T13:56:26Z,When will deliveries start in more regions? (software updates),neutral
tweet_000001,c_04230,username_4230,2026-02-20T20:44:27Z,"Love the utilitarian focus. If specs hold, I'm in. (features)",positive
tweet_000001,c_04231,username_4231,2026-02-21T02:10:11Z,This rollout has been messy. (range),negative
tweet_000001,c_04232,username_4232,2026-02-20T07:54:00Z,Hope the build quality is solid.,neutral
tweet_000001,c_04233,username_4233,2026-02-20T16:39:08Z,Design grows on you. The utility matters most. (build quality),positive
tweet_000001,c_04234,username_4234,2026-02-20T14:42:40Z,Still too expensive for what it is. (range),negative
tweet_000001,c_04235,username_4235,2026-02-20T02:34:20Z,AWD option is a big win. 🔥 (delivery),positive
tweet_000001,c_04236,username_4236,2026-02-20T06:25:43Z,Design grows on you. The utility matters most.,positive
tweet_000001,c_04237,username_4237,2026-02-20T11:08:59Z,"Love the utilitarian focus. If specs hold, I'm in. (price)",positive
tweet_000001,c_04238,username_4238,2026-02-21T18:52:14Z,Design is… not for me.,negative
tweet_000001,c_04239,username_4239,2026-02-21T22:25:09Z,Concerned about safety and repairs. (serviceability),negative
tweet_000001,c_04240,username_4240,2026-02-21T06:48:46Z,This is awesome — Cybertruck looks like the future! 🚀 (build quality),positive
tweet_000001,c_04241,username_4241,2026-02-20T06:39:09Z,I’ll believe it when I see consistent deliveries. (charging) 😒,negative
tweet_000001,c_04242,username_4242,2026-02-20T14:44:54Z,Finally! Can't wait to see these on the road. (software updates),positive
tweet_000001,c_04243,username_4243,2026-02-20T03:18:43Z,Feels like hype more than substance.,negative
tweet_000001,c_04244,username_4244,2026-02-21T15:52:25Z,What’s the estimated lead time?,neutral
tweet_000001,c_04245,username_4245,2026-02-21T07:51:33Z,Looks like Tesla is pushing boundaries again. (efficiency),positive
tweet_000001,c_04246,username_4246,2026-02-21T23:11:43Z,So many delays… what's different now?,negative
tweet_000001,c_04247,username_4247,2026-02-20T23:44:01Z,The engineering is wild. Congrats to the team! (price),positive
tweet_000001,c_04248,username_4248,2026-02-21T05:04:59Z,Looks like Tesla is pushing boundaries again. (range),positive
tweet_000001,c_04249,username_4249,2026-02-21T19:21:16Z,Waiting for real-world reviews. (price) ℹ️,neutral
tweet_000001,c_04250,username_4250,2026-02-20T10:03:52Z,So many delays… what's different now? (range),negative
tweet_000001,c_04251,username_4251,2026-02-21T12:39:37Z,Take my money. (kidding… mostly) 😄 (towing),positive
tweet_000001,c_04252,username_4252,2026-02-21T10:27:42Z,AWD option is a big win. 🔥 (suspension) 🔥,positive
tweet_000001,c_04253,username_4253,2026-02-21T07:53:47Z,I like the direction — keep iterating. (towing) ⚡,positive
tweet_000001,c_04254,username_4254,2026-02-21T08:56:40Z,How does this compare to the earlier announced configuration? (serviceability),neutral
tweet_000001,c_04255,username_4255,2026-02-21T10:01:41Z,AWD option is a big win. 🔥 🔥,positive
tweet_000001,c_04256,username_4256,2026-02-21T05:19:57Z,This rollout has been messy. (range) ⚠️,negative
tweet_000001,c_04257,username_4257,2026-02-20T03:39:17Z,Still too expensive for what it is. (stainless steel) 🙄,negative
tweet_000001,c_04258,username_4258,2026-02-21T11:29:35Z,Do we have confirmed specs yet? (suspension),neutral
tweet_000001,c_04259,username_4259,2026-02-20T21:05:07Z,Design grows on you. The utility matters most. (delivery),positive
tweet_000001,c_04260,username_4260,2026-02-21T09:23:24Z,"Love the utilitarian focus. If specs hold, I'm in. (efficiency)",positive
tweet_000001,c_04261,username_4261,2026-02-21T03:19:32Z,Finally! Can't wait to see these on the road. (software updates) 🔥,positive
tweet_000001,c_04262,username_4262,2026-02-20T04:51:28Z,This rollout has been messy. (suspension) ⚠️,negative
tweet_000001,c_04263,username_4263,2026-02-21T02:43:08Z,"Love the utilitarian focus. If specs hold, I'm in. (delivery)",positive
tweet_000001,c_04264,username_4264,2026-02-20T16:16:38Z,Take my money. (kidding… mostly) 😄 (price),positive
tweet_000001,c_04265,username_4265,2026-02-21T21:57:57Z,Specs keep changing — hard to plan.,negative
tweet_000001,c_04266,username_4266,2026-02-21T17:59:53Z,Design grows on you. The utility matters most.,positive
tweet_000001,c_04267,username_4267,2026-02-21T02:38:24Z,Is the limited-time offer available everywhere? (software updates) 🧐,neutral
tweet_000001,c_04268,username_4268,2026-02-20T20:18:29Z,AWD option is a big win. 🔥 ✅,positive
tweet_000001,c_04269,username_4269,2026-02-20T06:33:54Z,Specs keep changing — hard to plan.,negative
tweet_000001,c_04270,username_4270,2026-02-21T21:11:38Z,So many delays… what's different now? (serviceability) ⚠️,negative
tweet_000001,c_04271,username_4271,2026-02-20T21:19:56Z,Hope the build quality is solid. (AWD),neutral
tweet_000001,c_04272,username_4272,2026-02-20T20:53:04Z,Concerned about safety and repairs. (build quality),negative
tweet_000001,c_04273,username_4273,2026-02-22T01:07:08Z,I like the direction — keep iterating. (AWD) ✅,positive
tweet_000001,c_04274,username_4274,2026-02-21T13:41:44Z,Will there be different trims later? (suspension),neutral
tweet_000001,c_04275,username_4275,2026-02-20T17:09:45Z,Hope the build quality is solid.,neutral
tweet_000001,c_04276,username_4276,2026-02-21T15:17:20Z,Hope the build quality is solid. ℹ️,neutral
tweet_000001,c_04277,username_4277,2026-02-20T12:43:58Z,"Love the utilitarian focus. If specs hold, I'm in.",positive
tweet_000001,c_04278,username_4278,2026-02-21T18:49:46Z,This could be great for work sites and towing. (suspension) 😄,positive
tweet_000001,c_04279,username_4279,2026-02-20T04:24:24Z,This could be great for work sites and towing. (build quality) ✅,positive
tweet_000001,c_04280,username_4280,2026-02-21T23:08:48Z,Take my money. (kidding… mostly) 😄 (charging),positive
tweet_000001,c_04281,username_4281,2026-02-20T10:51:19Z,Finally! Can't wait to see these on the road. (range) ✅,positive
tweet_000001,c_04282,username_4282,2026-02-21T18:30:53Z,Concerned about safety and repairs.,negative
tweet_000001,c_04283,username_4283,2026-02-20T05:55:00Z,Finally! Can't wait to see these on the road. 🚀,positive
tweet_000001,c_04284,username_4284,2026-02-20T03:14:39Z,Finally! Can't wait to see these on the road.,positive
tweet_000001,c_04285,username_4285,2026-02-20T09:00:54Z,Curious about charging speed on 800V. 📅,neutral
tweet_000001,c_04286,username_4286,2026-02-21T01:31:17Z,Will there be different trims later?,neutral
tweet_000001,c_04287,username_4287,2026-02-21T20:34:10Z,Concerned about safety and repairs. (serviceability) 🤦,negative
tweet_000001,c_04288,username_4288,2026-02-20T01:25:07Z,What’s the estimated lead time?,neutral
tweet_000001,c_04289,username_4289,2026-02-20T06:59:38Z,Design grows on you. The utility matters most.,positive
tweet_000001,c_04290,username_4290,2026-02-20T20:15:43Z,This rollout has been messy. (AWD) ⚠️,negative
tweet_000001,c_04291,username_4291,2026-02-21T06:07:32Z,Will there be different trims later? (price) 🧐,neutral
tweet_000001,c_04292,username_4292,2026-02-20T04:44:58Z,The engineering is wild. Congrats to the team! (delivery) 😄,positive
tweet_000001,c_04293,username_4293,2026-02-20T12:43:26Z,Curious about charging speed on 800V. (AWD) 📅,neutral
tweet_000001,c_04294,username_4294,2026-02-20T22:34:03Z,I’ll believe it when I see consistent deliveries. (AWD),negative
tweet_000001,c_04295,username_4295,2026-02-20T02:36:46Z,AWD option is a big win. 🔥 (charging),positive
tweet_000001,c_04296,username_4296,2026-02-21T07:31:09Z,I like the direction — keep iterating.,positive
tweet_000001,c_04297,username_4297,2026-02-22T01:09:59Z,Take my money. (kidding… mostly) 😄,positive
tweet_000001,c_04298,username_4298,2026-02-20T03:17:25Z,This is awesome — Cybertruck looks like the future! 🚀 (efficiency) ⚡,positive
tweet_000001,c_04299,username_4299,2026-02-20T11:30:27Z,Design grows on you. The utility matters most. 🙌,positive
tweet_000001,c_04300,username_4300,2026-02-20T04:53:59Z,Curious about charging speed on 800V.,neutral
tweet_000001,c_04301,username_4301,2026-02-22T00:20:11Z,This could be great for work sites and towing. (towing) ✅,positive
tweet_000001,c_04302,username_4302,2026-02-20T14:57:47Z,Still too expensive for what it is. (stainless steel) 🙄,negative
tweet_000001,c_04303,username_4303,2026-02-21T16:19:16Z,This rollout has been messy. 😒,negative
tweet_000001,c_04304,username_4304,2026-02-21T21:37:57Z,Is the limited-time offer available everywhere? (stainless steel) 🧐,neutral
tweet_000001,c_04305,username_4305,2026-02-20T12:51:47Z,Design is… not for me. (build quality),negative
tweet_000001,c_04306,username_4306,2026-02-21T22:39:35Z,The engineering is wild. Congrats to the team! (range) 😄,positive
tweet_000001,c_04307,username_4307,2026-02-21T19:01:10Z,When will deliveries start in more regions? (range) ℹ️,neutral
tweet_000001,c_04308,username_4308,2026-02-20T15:36:52Z,Is the limited-time offer available everywhere? (charging) 🤔,neutral
tweet_000001,c_04309,username_4309,2026-02-21T08:23:58Z,Feels like hype more than substance. (range),negative
tweet_000001,c_04310,username_4310,2026-02-21T08:20:00Z,I’ll believe it when I see consistent deliveries.,negative
tweet_000001,c_04311,username_4311,2026-02-21T02:32:41Z,Looks like Tesla is pushing boundaries again. (suspension) ✅,positive
tweet_000001,c_04312,username_4312,2026-02-21T23:58:52Z,This rollout has been messy. (price),negative
tweet_000001,c_04313,username_4313,2026-02-20T13:51:01Z,The engineering is wild. Congrats to the team!,positive
tweet_000001,c_04314,username_4314,2026-02-20T20:03:35Z,Feels like hype more than substance. (range) 🙄,negative
tweet_000001,c_04315,username_4315,2026-02-20T04:38:53Z,I’ll believe it when I see consistent deliveries. (charging) 😒,negative
tweet_000001,c_04316,username_4316,2026-02-20T02:26:35Z,"Love the utilitarian focus. If specs hold, I'm in. (delivery)",positive
tweet_000001,c_04317,username_4317,2026-02-20T10:53:28Z,Specs keep changing — hard to plan. (stainless steel) 🤦,negative
tweet_000001,c_04318,username_4318,2026-02-20T20:06:20Z,I like the direction — keep iterating. (features),positive
tweet_000001,c_04319,username_4319,2026-02-21T11:55:55Z,This could be great for work sites and towing. (towing),positive
tweet_000001,c_04320,username_4320,2026-02-21T22:33:51Z,Hope the build quality is solid. 🧐,neutral
tweet_000001,c_04321,username_4321,2026-02-20T04:53:39Z,Will there be different trims later? (build quality) 📅,neutral
tweet_000001,c_04322,username_4322,2026-02-20T12:28:12Z,Feels like hype more than substance. 😕,negative
tweet_000001,c_04323,username_4323,2026-02-20T14:20:54Z,I’ll believe it when I see consistent deliveries. (range),negative
tweet_000001,c_04324,username_4324,2026-02-21T19:50:36Z,Waiting for real-world reviews. (features),neutral
tweet_000001,c_04325,username_4325,2026-02-20T19:47:53Z,Not convinced this is practical day-to-day. 🙄,negative
tweet_000001,c_04326,username_4326,2026-02-21T12:36:02Z,Design is… not for me.,negative
tweet_000001,c_04327,username_4327,2026-02-20T06:48:23Z,Finally! Can't wait to see these on the road. (price) 🚀,positive
tweet_000001,c_04328,username_4328,2026-02-20T09:55:54Z,Not convinced this is practical day-to-day. (build quality) ⚠️,negative
tweet_000001,c_04329,username_4329,2026-02-21T17:30:12Z,Take my money. (kidding… mostly) 😄,positive
tweet_000001,c_04330,username_4330,2026-02-20T04:53:26Z,Limited-time offers feel gimmicky. (range),negative
tweet_000001,c_04331,username_4331,2026-02-21T12:32:49Z,AWD option is a big win. 🔥,positive
tweet_000001,c_04332,username_4332,2026-02-20T17:40:22Z,Design grows on you. The utility matters most. (price),positive
tweet_000001,c_04333,username_4333,2026-02-21T22:21:18Z,Design grows on you. The utility matters most. (stainless steel) ✅,positive
tweet_000001,c_04334,username_4334,2026-02-20T09:12:56Z,How does this compare to the earlier announced configuration? (delivery) 📅,neutral
tweet_000001,c_04335,username_4335,2026-02-21T05:29:22Z,AWD option is a big win. 🔥 (build quality),positive
tweet_000001,c_04336,username_4336,2026-02-20T13:09:33Z,This is awesome — Cybertruck looks like the future! 🚀 (towing) 🚀,positive
tweet_000001,c_04337,username_4337,2026-02-21T04:36:22Z,Curious about charging speed on 800V. (stainless steel),neutral
tweet_000001,c_04338,username_4338,2026-02-20T20:13:53Z,So many delays… what's different now?,negative
tweet_000001,c_04339,username_4339,2026-02-20T15:15:25Z,The engineering is wild. Congrats to the team! 🙌,positive
tweet_000001,c_04340,username_4340,2026-02-20T15:29:09Z,The engineering is wild. Congrats to the team! 😄,positive
tweet_000001,c_04341,username_4341,2026-02-20T02:35:55Z,AWD option is a big win. 🔥 (build quality),positive
tweet_000001,c_04342,username_4342,2026-02-21T20:53:02Z,Design grows on you. The utility matters most. 😄,positive
tweet_000001,c_04343,username_4343,2026-02-20T02:45:55Z,I’ll believe it when I see consistent deliveries. (stainless steel),negative
tweet_000001,c_04344,username_4344,2026-02-21T04:44:25Z,Not convinced this is practical day-to-day. ⚠️,negative
tweet_000001,c_04345,username_4345,2026-02-20T15:02:47Z,How does this compare to the earlier announced configuration? (serviceability),neutral
tweet_000001,c_04346,username_4346,2026-02-20T14:28:40Z,Take my money. (kidding… mostly) 😄 (efficiency) 🙌,positive
tweet_000001,c_04347,username_4347,2026-02-21T00:17:57Z,Concerned about safety and repairs. (delivery),negative
tweet_000001,c_04348,username_4348,2026-02-21T13:30:49Z,How does this compare to the earlier announced configuration? (delivery) 🧐,neutral
tweet_000001,c_04349,username_4349,2026-02-21T18:33:18Z,I’ll believe it when I see consistent deliveries. (price),negative
tweet_000001,c_04350,username_4350,2026-02-21T02:41:04Z,What’s the estimated lead time? (features),neutral
tweet_000001,c_04351,username_4351,2026-02-20T03:16:21Z,This rollout has been messy. (delivery) ⚠️,negative
tweet_000001,c_04352,username_4352,2026-02-20T09:46:17Z,When will deliveries start in more regions? (features),neutral
tweet_000001,c_04353,username_4353,2026-02-20T04:18:40Z,Finally! Can't wait to see these on the road. (stainless steel),positive
tweet_000001,c_04354,username_4354,2026-02-21T19:35:53Z,Concerned about safety and repairs. (AWD),negative
tweet_000001,c_04355,username_4355,2026-02-20T12:28:34Z,Will there be different trims later? (serviceability),neutral
tweet_000001,c_04356,username_4356,2026-02-20T14:20:55Z,Interesting update. Any details on range and pricing? (price),neutral
tweet_000001,c_04357,username_4357,2026-02-20T20:07:30Z,Design grows on you. The utility matters most. (efficiency),positive
tweet_000001,c_04358,username_4358,2026-02-21T01:58:55Z,When will deliveries start in more regions? (suspension) 🤔,neutral
tweet_000001,c_04359,username_4359,2026-02-20T04:25:31Z,Is the limited-time offer available everywhere? (AWD),neutral
tweet_000001,c_04360,username_4360,2026-02-20T12:41:05Z,"Love the utilitarian focus. If specs hold, I'm in. 🔥",positive
tweet_000001,c_04361,username_4361,2026-02-20T08:07:16Z,Finally! Can't wait to see these on the road. ✅,positive
tweet_000001,c_04362,username_4362,2026-02-21T14:29:10Z,When will deliveries start in more regions?,neutral
tweet_000001,c_04363,username_4363,2026-02-21T08:57:28Z,Not convinced this is practical day-to-day. (charging),negative
tweet_000001,c_04364,username_4364,2026-02-20T22:56:46Z,Interesting update. Any details on range and pricing? (serviceability) 🧐,neutral
tweet_000001,c_04365,username_4365,2026-02-20T20:20:19Z,I like the direction — keep iterating. (software updates) ✅,positive
tweet_000001,c_04366,username_4366,2026-02-20T10:58:33Z,Still too expensive for what it is. (software updates) 😒,negative
tweet_000001,c_04367,username_4367,2026-02-21T13:30:02Z,This could be great for work sites and towing.,positive
tweet_000001,c_04368,username_4368,2026-02-21T00:05:28Z,I like the direction — keep iterating. (suspension),positive
tweet_000001,c_04369,username_4369,2026-02-21T23:41:36Z,Take my money. (kidding… mostly) 😄 (software updates),positive
tweet_000001,c_04370,username_4370,2026-02-20T09:53:50Z,Design grows on you. The utility matters most. (delivery) ⚡,positive
tweet_000001,c_04371,username_4371,2026-02-20T14:22:42Z,"Love the utilitarian focus. If specs hold, I'm in.",positive
tweet_000001,c_04372,username_4372,2026-02-21T09:00:25Z,Finally! Can't wait to see these on the road. (AWD) ✅,positive
tweet_000001,c_04373,username_4373,2026-02-20T05:54:27Z,This is awesome — Cybertruck looks like the future! 🚀 (serviceability) 🔥,positive
tweet_000001,c_04374,username_4374,2026-02-20T09:27:41Z,AWD option is a big win. 🔥,positive
tweet_000001,c_04375,username_4375,2026-02-21T18:38:10Z,When will deliveries start in more regions? (serviceability),neutral
tweet_000001,c_04376,username_4376,2026-02-21T06:49:56Z,Hope the build quality is solid.,neutral
tweet_000001,c_04377,username_4377,2026-02-20T21:28:13Z,Design grows on you. The utility matters most. 🔥,positive
tweet_000001,c_04378,username_4378,2026-02-21T14:39:20Z,Design is… not for me. (build quality) 🙄,negative
tweet_000001,c_04379,username_4379,2026-02-21T08:42:23Z,Take my money. (kidding… mostly) 😄 (suspension),positive
tweet_000001,c_04380,username_4380,2026-02-20T13:29:24Z,Interesting update. Any details on range and pricing? (stainless steel),neutral
tweet_000001,c_04381,username_4381,2026-02-20T12:59:42Z,I like the direction — keep iterating. (build quality) 🚀,positive
tweet_000001,c_04382,username_4382,2026-02-20T01:31:48Z,Looks like Tesla is pushing boundaries again. 🔥,positive
tweet_000001,c_04383,username_4383,2026-02-20T20:55:18Z,Do we have confirmed specs yet?,neutral
tweet_000001,c_04384,username_4384,2026-02-21T17:17:15Z,Interesting update. Any details on range and pricing?,neutral
tweet_000001,c_04385,username_4385,2026-02-20T13:02:05Z,Concerned about safety and repairs.,negative
tweet_000001,c_04386,username_4386,2026-02-21T18:21:34Z,Hope the build quality is solid. (charging),neutral
tweet_000001,c_04387,username_4387,2026-02-21T08:43:17Z,I’ll believe it when I see consistent deliveries.,negative
tweet_000001,c_04388,username_4388,2026-02-20T19:01:20Z,The engineering is wild. Congrats to the team! (build quality),positive
tweet_000001,c_04389,username_4389,2026-02-20T16:18:33Z,I like the direction — keep iterating. 🔥,positive
tweet_000001,c_04390,username_4390,2026-02-20T16:52:07Z,This could be great for work sites and towing. (suspension) ✅,positive
tweet_000001,c_04391,username_4391,2026-02-21T23:29:21Z,"Love the utilitarian focus. If specs hold, I'm in.",positive
tweet_000001,c_04392,username_4392,2026-02-21T06:33:30Z,Curious about charging speed on 800V. (price) 🧐,neutral
tweet_000001,c_04393,username_4393,2026-02-20T09:09:44Z,Interesting update. Any details on range and pricing? ℹ️,neutral
tweet_000001,c_04394,username_4394,2026-02-20T15:53:43Z,The engineering is wild. Congrats to the team! ⚡,positive
tweet_000001,c_04395,username_4395,2026-02-21T16:36:45Z,Not convinced this is practical day-to-day. 🙄,negative
tweet_000001,c_04396,username_4396,2026-02-21T10:49:31Z,So many delays… what's different now? 🤦,negative
tweet_000001,c_04397,username_4397,2026-02-21T00:56:32Z,This is awesome — Cybertruck looks like the future! 🚀 (charging),positive
tweet_000001,c_04398,username_4398,2026-02-20T08:09:56Z,This is awesome — Cybertruck looks like the future! 🚀 (efficiency),positive
tweet_000001,c_04399,username_4399,2026-02-21T19:37:48Z,Finally! Can't wait to see these on the road. (build quality),positive
tweet_000001,c_04400,username_4400,2026-02-22T00:53:11Z,AWD option is a big win. 🔥 (price),positive
tweet_000001,c_04401,username_4401,2026-02-21T11:15:44Z,Design grows on you. The utility matters most. (software updates) 🙌,positive
tweet_000001,c_04402,username_4402,2026-02-20T09:18:31Z,Waiting for real-world reviews.,neutral
tweet_000001,c_04403,username_4403,2026-02-21T16:04:45Z,The engineering is wild. Congrats to the team! (towing) 😄,positive
tweet_000001,c_04404,username_4404,2026-02-20T14:13:32Z,This is awesome — Cybertruck looks like the future! 🚀,positive
tweet_000001,c_04405,username_4405,2026-02-20T12:13:18Z,Concerned about safety and repairs. (suspension),negative
tweet_000001,c_04406,username_4406,2026-02-21T06:19:21Z,Not convinced this is practical day-to-day. (delivery),negative
tweet_000001,c_04407,username_4407,2026-02-21T03:01:13Z,So many delays… what's different now? 🤦,negative
tweet_000001,c_04408,username_4408,2026-02-20T16:06:54Z,AWD option is a big win. 🔥,positive
tweet_000001,c_04409,username_4409,2026-02-20T13:05:00Z,Looks like Tesla is pushing boundaries again. (serviceability) 😄,positive
tweet_000001,c_04410,username_4410,2026-02-21T22:59:58Z,Interesting update. Any details on range and pricing?,neutral
tweet_000001,c_04411,username_4411,2026-02-20T11:11:23Z,Design grows on you. The utility matters most. ✅,positive
tweet_000001,c_04412,username_4412,2026-02-21T22:56:09Z,This could be great for work sites and towing. (serviceability),positive
tweet_000001,c_04413,username_4413,2026-02-21T20:13:54Z,Specs keep changing — hard to plan. (charging),negative
tweet_000001,c_04414,username_4414,2026-02-21T06:06:42Z,How does this compare to the earlier announced configuration? (range),neutral
tweet_000001,c_04415,username_4415,2026-02-21T20:35:51Z,This could be great for work sites and towing. (efficiency),positive
tweet_000001,c_04416,username_4416,2026-02-21T17:57:57Z,Waiting for real-world reviews.,neutral
tweet_000001,c_04417,username_4417,2026-02-20T21:56:48Z,Take my money. (kidding… mostly) 😄 (build quality) 🙌,positive
tweet_000001,c_04418,username_4418,2026-02-21T13:57:18Z,AWD option is a big win. 🔥 (charging) 😄,positive
tweet_000001,c_04419,username_4419,2026-02-21T15:02:29Z,Looks like Tesla is pushing boundaries again. (suspension),positive
tweet_000001,c_04420,username_4420,2026-02-21T16:04:39Z,"Love the utilitarian focus. If specs hold, I'm in. 🙌",positive
tweet_000001,c_04421,username_4421,2026-02-21T16:06:47Z,This is awesome — Cybertruck looks like the future! 🚀 (stainless steel) 🙌,positive
tweet_000001,c_04422,username_4422,2026-02-20T13:23:10Z,Not convinced this is practical day-to-day.,negative
tweet_000001,c_04423,username_4423,2026-02-21T01:02:13Z,Curious about charging speed on 800V. (range) ℹ️,neutral
tweet_000001,c_04424,username_4424,2026-02-21T10:39:00Z,Still too expensive for what it is. (towing),negative
tweet_000001,c_04425,username_4425,2026-02-20T05:42:24Z,This is awesome — Cybertruck looks like the future! 🚀 🙌,positive
tweet_000001,c_04426,username_4426,2026-02-20T19:38:54Z,Looks like Tesla is pushing boundaries again. (features) 🙌,positive
tweet_000001,c_04427,username_4427,2026-02-21T16:32:39Z,Design grows on you. The utility matters most. (efficiency),positive
tweet_000001,c_04428,username_4428,2026-02-21T01:16:16Z,This could be great for work sites and towing. (build quality),positive
tweet_000001,c_04429,username_4429,2026-02-21T22:18:48Z,Design grows on you. The utility matters most. ⚡,positive
tweet_000001,c_04430,username_4430,2026-02-20T08:58:03Z,Not convinced this is practical day-to-day. (AWD) 🤦,negative
tweet_000001,c_04431,username_4431,2026-02-21T04:13:59Z,Still too expensive for what it is. (AWD) ⚠️,negative
tweet_000001,c_04432,username_4432,2026-02-21T05:40:35Z,Will there be different trims later? (features),neutral
tweet_000001,c_04433,username_4433,2026-02-22T00:13:15Z,Do we have confirmed specs yet? (stainless steel),neutral
tweet_000001,c_04434,username_4434,2026-02-20T08:19:11Z,Not convinced this is practical day-to-day. (serviceability) 🤦,negative
tweet_000001,c_04435,username_4435,2026-02-21T16:40:14Z,AWD option is a big win. 🔥 (serviceability) 😄,positive
tweet_000001,c_04436,username_4436,2026-02-20T02:40:13Z,"Love the utilitarian focus. If specs hold, I'm in. (delivery)",positive
tweet_000001,c_04437,username_4437,2026-02-22T00:03:10Z,This is awesome — Cybertruck looks like the future! 🚀 (efficiency),positive
tweet_000001,c_04438,username_4438,2026-02-21T08:23:46Z,This rollout has been messy. 🙄,negative
tweet_000001,c_04439,username_4439,2026-02-20T21:00:41Z,Specs keep changing — hard to plan. (towing) 😒,negative
tweet_000001,c_04440,username_4440,2026-02-20T04:24:01Z,Take my money. (kidding… mostly) 😄 (efficiency) 😄,positive
tweet_000001,c_04441,username_4441,2026-02-21T17:55:40Z,Concerned about safety and repairs.,negative
tweet_000001,c_04442,username_4442,2026-02-20T23:09:34Z,Still too expensive for what it is. (features),negative
tweet_000001,c_04443,username_4443,2026-02-20T09:45:26Z,Looks like Tesla is pushing boundaries again.,positive
tweet_000001,c_04444,username_4444,2026-02-21T09:00:44Z,This could be great for work sites and towing. (software updates),positive
tweet_000001,c_04445,username_4445,2026-02-20T14:39:56Z,Finally! Can't wait to see these on the road. (range) 🔥,positive
tweet_000001,c_04446,username_4446,2026-02-21T23:30:14Z,Specs keep changing — hard to plan. (range) ⚠️,negative
tweet_000001,c_04447,username_4447,2026-02-21T12:13:54Z,Take my money. (kidding… mostly) 😄 (towing),positive
tweet_000001,c_04448,username_4448,2026-02-21T00:57:55Z,This rollout has been messy. (serviceability),negative
tweet_000001,c_04449,username_4449,2026-02-20T13:40:53Z,"Love the utilitarian focus. If specs hold, I'm in.",positive
tweet_000001,c_04450,username_4450,2026-02-21T16:09:43Z,Design is… not for me. (charging),negative
tweet_000001,c_04451,username_4451,2026-02-20T11:14:20Z,AWD option is a big win. 🔥 (stainless steel) 🔥,positive
tweet_000001,c_04452,username_4452,2026-02-21T20:38:40Z,Interesting update. Any details on range and pricing? (AWD),neutral
tweet_000001,c_04453,username_4453,2026-02-22T01:11:38Z,I’ll believe it when I see consistent deliveries.,negative
tweet_000001,c_04454,username_4454,2026-02-20T06:12:03Z,Feels like hype more than substance. (features),negative
tweet_000001,c_04455,username_4455,2026-02-21T23:21:57Z,Feels like hype more than substance. (software updates),negative
tweet_000001,c_04456,username_4456,2026-02-21T16:17:07Z,I like the direction — keep iterating.,positive
tweet_000001,c_04457,username_4457,2026-02-21T17:42:49Z,This rollout has been messy. ⚠️,negative
tweet_000001,c_04458,username_4458,2026-02-20T13:41:58Z,Finally! Can't wait to see these on the road. (towing) ✅,positive
tweet_000001,c_04459,username_4459,2026-02-20T11:26:25Z,Looks like Tesla is pushing boundaries again. (price),positive
tweet_000001,c_04460,username_4460,2026-02-21T01:06:42Z,How does this compare to the earlier announced configuration? (price),neutral
tweet_000001,c_04461,username_4461,2026-02-20T05:14:09Z,Looks like Tesla is pushing boundaries again.,positive
tweet_000001,c_04462,username_4462,2026-02-21T23:36:55Z,Interesting update. Any details on range and pricing? (serviceability) 📅,neutral
tweet_000001,c_04463,username_4463,2026-02-21T10:19:01Z,Specs keep changing — hard to plan. (AWD),negative
tweet_000001,c_04464,username_4464,2026-02-21T23:45:12Z,The engineering is wild. Congrats to the team! (delivery) 🙌,positive
tweet_000001,c_04465,username_4465,2026-02-20T22:47:21Z,Limited-time offers feel gimmicky.,negative
tweet_000001,c_04466,username_4466,2026-02-20T09:55:16Z,Looks like Tesla is pushing boundaries again. (suspension),positive
tweet_000001,c_04467,username_4467,2026-02-21T18:50:04Z,This could be great for work sites and towing. (towing),positive
tweet_000001,c_04468,username_4468,2026-02-21T21:09:41Z,The engineering is wild. Congrats to the team! (AWD),positive
tweet_000001,c_04469,username_4469,2026-02-21T16:09:27Z,Still too expensive for what it is. (price),negative
tweet_000001,c_04470,username_4470,2026-02-21T07:55:37Z,Limited-time offers feel gimmicky. 🙄,negative
tweet_000001,c_04471,username_4471,2026-02-20T18:42:01Z,Not convinced this is practical day-to-day.,negative
tweet_000001,c_04472,username_4472,2026-02-21T08:21:07Z,Still too expensive for what it is. (build quality),negative
tweet_000001,c_04473,username_4473,2026-02-20T13:59:56Z,I like the direction — keep iterating. (features) 🙌,positive
tweet_000001,c_04474,username_4474,2026-02-21T11:51:15Z,The engineering is wild. Congrats to the team! (build quality),positive
tweet_000001,c_04475,username_4475,2026-02-21T00:15:29Z,Limited-time offers feel gimmicky. (price),negative
tweet_000001,c_04476,username_4476,2026-02-20T23:30:45Z,Will there be different trims later? (efficiency) 🧐,neutral
tweet_000001,c_04477,username_4477,2026-02-20T17:44:16Z,This could be great for work sites and towing.,positive
tweet_000001,c_04478,username_4478,2026-02-20T04:53:27Z,"Love the utilitarian focus. If specs hold, I'm in. (price) ⚡",positive
tweet_000001,c_04479,username_4479,2026-02-21T12:05:00Z,Do we have confirmed specs yet? (software updates),neutral
tweet_000001,c_04480,username_4480,2026-02-21T12:08:36Z,How does this compare to the earlier announced configuration?,neutral
tweet_000001,c_04481,username_4481,2026-02-21T20:23:37Z,Take my money. (kidding… mostly) 😄 (price),positive
tweet_000001,c_04482,username_4482,2026-02-20T17:35:47Z,Do we have confirmed specs yet? 🧐,neutral
tweet_000001,c_04483,username_4483,2026-02-21T04:38:04Z,Will there be different trims later? (stainless steel) 🤔,neutral
tweet_000001,c_04484,username_4484,2026-02-20T03:56:21Z,When will deliveries start in more regions? (serviceability),neutral
tweet_000001,c_04485,username_4485,2026-02-21T12:10:48Z,The engineering is wild. Congrats to the team! (build quality),positive
tweet_000001,c_04486,username_4486,2026-02-21T02:02:08Z,I’ll believe it when I see consistent deliveries. (price),negative
tweet_000001,c_04487,username_4487,2026-02-21T07:04:33Z,I like the direction — keep iterating. (towing) ✅,positive
tweet_000001,c_04488,username_4488,2026-02-21T05:38:20Z,AWD option is a big win. 🔥,positive
tweet_000001,c_04489,username_4489,2026-02-21T14:52:30Z,Specs keep changing — hard to plan.,negative
tweet_000001,c_04490,username_4490,2026-02-21T22:02:17Z,How does this compare to the earlier announced configuration? (charging) 🧐,neutral
tweet_000001,c_04491,username_4491,2026-02-21T12:57:03Z,Looks like Tesla is pushing boundaries again.,positive
tweet_000001,c_04492,username_4492,2026-02-21T15:06:28Z,I’ll believe it when I see consistent deliveries.,negative
tweet_000001,c_04493,username_4493,2026-02-21T20:22:57Z,Interesting update. Any details on range and pricing? (price),neutral
tweet_000001,c_04494,username_4494,2026-02-21T19:45:41Z,Feels like hype more than substance.,negative
tweet_000001,c_04495,username_4495,2026-02-21T23:12:45Z,Limited-time offers feel gimmicky. 😒,negative
tweet_000001,c_04496,username_4496,2026-02-20T14:54:20Z,Hope the build quality is solid.,neutral
tweet_000001,c_04497,username_4497,2026-02-20T07:13:02Z,How does this compare to the earlier announced configuration? (stainless steel),neutral
tweet_000001,c_04498,username_4498,2026-02-21T15:46:45Z,AWD option is a big win. 🔥 ✅,positive
tweet_000001,c_04499,username_4499,2026-02-20T08:27:01Z,AWD option is a big win. 🔥 😄,positive
tweet_000001,c_04500,username_4500,2026-02-20T12:53:30Z,I like the direction — keep iterating.,positive
tweet_000001,c_04501,username_4501,2026-02-20T08:52:55Z,When will deliveries start in more regions? (AWD),neutral
tweet_000001,c_04502,username_4502,2026-02-20T16:32:09Z,What’s the estimated lead time? (features),neutral
tweet_000001,c_04503,username_4503,2026-02-21T16:18:27Z,"Love the utilitarian focus. If specs hold, I'm in.",positive
tweet_000001,c_04504,username_4504,2026-02-21T21:39:03Z,This could be great for work sites and towing. ✅,positive
tweet_000001,c_04505,username_4505,2026-02-21T19:13:29Z,Interesting update. Any details on range and pricing? ℹ️,neutral
tweet_000001,c_04506,username_4506,2026-02-20T08:55:21Z,This could be great for work sites and towing. (range) 🔥,positive
tweet_000001,c_04507,username_4507,2026-02-21T18:02:52Z,Concerned about safety and repairs.,negative
tweet_000001,c_04508,username_4508,2026-02-20T17:20:36Z,Looks like Tesla is pushing boundaries again. (efficiency) 🙌,positive
tweet_000001,c_04509,username_4509,2026-02-21T16:27:34Z,Interesting update. Any details on range and pricing?,neutral
tweet_000001,c_04510,username_4510,2026-02-20T02:06:56Z,This rollout has been messy. (efficiency),negative
tweet_000001,c_04511,username_4511,2026-02-20T10:06:00Z,"Love the utilitarian focus. If specs hold, I'm in. (features)",positive
tweet_000001,c_04512,username_4512,2026-02-20T02:00:35Z,Do we have confirmed specs yet?,neutral
tweet_000001,c_04513,username_4513,2026-02-21T19:00:40Z,This could be great for work sites and towing. (efficiency),positive
tweet_000001,c_04514,username_4514,2026-02-21T02:42:15Z,When will deliveries start in more regions? (software updates) 🤔,neutral
tweet_000001,c_04515,username_4515,2026-02-21T15:55:29Z,Waiting for real-world reviews.,neutral
tweet_000001,c_04516,username_4516,2026-02-21T13:49:31Z,"Love the utilitarian focus. If specs hold, I'm in. (stainless steel) 🔥",positive
tweet_000001,c_04517,username_4517,2026-02-20T23:02:49Z,Do we have confirmed specs yet? 🤔,neutral
tweet_000001,c_04518,username_4518,2026-02-21T02:14:41Z,Not convinced this is practical day-to-day. (software updates),negative
tweet_000001,c_04519,username_4519,2026-02-20T11:26:03Z,This could be great for work sites and towing. (suspension) ⚡,positive
tweet_000001,c_04520,username_4520,2026-02-21T20:54:37Z,Take my money. (kidding… mostly) 😄 (AWD) 🙌,positive
tweet_000001,c_04521,username_4521,2026-02-20T05:38:41Z,Still too expensive for what it is.,negative
tweet_000001,c_04522,username_4522,2026-02-21T08:34:34Z,When will deliveries start in more regions? (towing),neutral
tweet_000001,c_04523,username_4523,2026-02-20T19:11:08Z,Limited-time offers feel gimmicky.,negative
tweet_000001,c_04524,username_4524,2026-02-21T04:35:54Z,Do we have confirmed specs yet? (serviceability) 🧐,neutral
tweet_000001,c_04525,username_4525,2026-02-20T09:40:27Z,Limited-time offers feel gimmicky. (AWD),negative
tweet_000001,c_04526,username_4526,2026-02-21T21:55:10Z,This is awesome — Cybertruck looks like the future! 🚀,positive
tweet_000001,c_04527,username_4527,2026-02-20T18:43:30Z,Feels like hype more than substance. (charging) 🙄,negative
tweet_000001,c_04528,username_4528,2026-02-21T16:54:50Z,So many delays… what's different now? (features),negative
tweet_000001,c_04529,username_4529,2026-02-21T07:05:42Z,Interesting update. Any details on range and pricing? (AWD) 🤔,neutral
tweet_000001,c_04530,username_4530,2026-02-21T04:45:14Z,AWD option is a big win. 🔥 (suspension),positive
tweet_000001,c_04531,username_4531,2026-02-20T06:49:25Z,This is awesome — Cybertruck looks like the future! 🚀,positive
tweet_000001,c_04532,username_4532,2026-02-21T10:52:45Z,Looks like Tesla is pushing boundaries again. 🙌,positive
tweet_000001,c_04533,username_4533,2026-02-21T23:28:32Z,AWD option is a big win. 🔥 (towing) ✅,positive
tweet_000001,c_04534,username_4534,2026-02-20T10:18:41Z,This is awesome — Cybertruck looks like the future! 🚀 (build quality),positive
tweet_000001,c_04535,username_4535,2026-02-20T11:06:26Z,How does this compare to the earlier announced configuration? ℹ️,neutral
tweet_000001,c_04536,username_4536,2026-02-21T12:41:00Z,Will there be different trims later? (delivery),neutral
tweet_000001,c_04537,username_4537,2026-02-21T14:19:20Z,"Love the utilitarian focus. If specs hold, I'm in. (towing)",positive
tweet_000001,c_04538,username_4538,2026-02-21T10:15:26Z,When will deliveries start in more regions? (serviceability) 🧐,neutral
tweet_000001,c_04539,username_4539,2026-02-20T16:38:41Z,This is awesome — Cybertruck looks like the future! 🚀 (serviceability),positive
tweet_000001,c_04540,username_4540,2026-02-21T07:42:58Z,This could be great for work sites and towing. (suspension),positive
tweet_000001,c_04541,username_4541,2026-02-21T21:26:12Z,This is awesome — Cybertruck looks like the future! 🚀 (delivery),positive
tweet_000001,c_04542,username_4542,2026-02-20T21:30:33Z,Hope the build quality is solid. (features) 🧐,neutral
tweet_000001,c_04543,username_4543,2026-02-21T02:46:48Z,"Love the utilitarian focus. If specs hold, I'm in. ✅",positive
tweet_000001,c_04544,username_4544,2026-02-21T16:23:58Z,This could be great for work sites and towing. (charging) ✅,positive
tweet_000001,c_04545,username_4545,2026-02-20T15:33:43Z,This is awesome — Cybertruck looks like the future! 🚀,positive
tweet_000001,c_04546,username_4546,2026-02-21T17:30:12Z,Not convinced this is practical day-to-day.,negative
tweet_000001,c_04547,username_4547,2026-02-21T05:11:37Z,AWD option is a big win. 🔥,positive
tweet_000001,c_04548,username_4548,2026-02-20T03:48:25Z,Do we have confirmed specs yet? (AWD),neutral
tweet_000001,c_04549,username_4549,2026-02-21T15:18:47Z,Limited-time offers feel gimmicky. (AWD),negative
tweet_000001,c_04550,username_4550,2026-02-21T09:31:18Z,This rollout has been messy. 🙄,negative
tweet_000001,c_04551,username_4551,2026-02-20T16:51:56Z,Concerned about safety and repairs. (charging),negative
tweet_000001,c_04552,username_4552,2026-02-20T19:31:56Z,"Love the utilitarian focus. If specs hold, I'm in. (range)",positive
tweet_000001,c_04553,username_4553,2026-02-21T22:35:34Z,"Love the utilitarian focus. If specs hold, I'm in. 🙌",positive
tweet_000001,c_04554,username_4554,2026-02-21T23:37:43Z,Concerned about safety and repairs. 🙄,negative
tweet_000001,c_04555,username_4555,2026-02-21T06:04:42Z,Curious about charging speed on 800V. (features) 🤔,neutral
tweet_000001,c_04556,username_4556,2026-02-20T20:19:32Z,When will deliveries start in more regions? ℹ️,neutral
tweet_000001,c_04557,username_4557,2026-02-20T07:26:20Z,So many delays… what's different now? (efficiency),negative
tweet_000001,c_04558,username_4558,2026-02-21T10:52:44Z,I’ll believe it when I see consistent deliveries. (features) 😕,negative
tweet_000001,c_04559,username_4559,2026-02-20T05:22:16Z,Feels like hype more than substance.,negative
tweet_000001,c_04560,username_4560,2026-02-20T21:03:52Z,Limited-time offers feel gimmicky. (delivery) 🙄,negative
tweet_000001,c_04561,username_4561,2026-02-21T17:21:38Z,Limited-time offers feel gimmicky. (charging),negative
tweet_000001,c_04562,username_4562,2026-02-20T23:47:30Z,"Love the utilitarian focus. If specs hold, I'm in.",positive
tweet_000001,c_04563,username_4563,2026-02-20T11:45:00Z,Specs keep changing — hard to plan. (charging) 😒,negative
tweet_000001,c_04564,username_4564,2026-02-21T11:48:51Z,Finally! Can't wait to see these on the road.,positive
tweet_000001,c_04565,username_4565,2026-02-21T19:04:18Z,Take my money. (kidding… mostly) 😄 (delivery) 😄,positive
tweet_000001,c_04566,username_4566,2026-02-20T22:59:22Z,I’ll believe it when I see consistent deliveries. (range) 🙄,negative
tweet_000001,c_04567,username_4567,2026-02-20T13:48:11Z,Take my money. (kidding… mostly) 😄 (build quality),positive
tweet_000001,c_04568,username_4568,2026-02-20T05:00:31Z,This is awesome — Cybertruck looks like the future! 🚀 (software updates),positive
tweet_000001,c_04569,username_4569,2026-02-20T08:28:29Z,Take my money. (kidding… mostly) 😄 (charging) 🙌,positive
tweet_000001,c_04570,username_4570,2026-02-21T06:19:48Z,Feels like hype more than substance. 🙄,negative
tweet_000001,c_04571,username_4571,2026-02-20T03:48:33Z,Interesting update. Any details on range and pricing? (features),neutral
tweet_000001,c_04572,username_4572,2026-02-21T05:42:58Z,Concerned about safety and repairs. ⚠️,negative
tweet_000001,c_04573,username_4573,2026-02-20T15:33:55Z,Take my money. (kidding… mostly) 😄,positive
tweet_000001,c_04574,username_4574,2026-02-20T01:58:35Z,This rollout has been messy. (serviceability) 😕,negative
tweet_000001,c_04575,username_4575,2026-02-20T08:13:28Z,Feels like hype more than substance. (stainless steel),negative
tweet_000001,c_04576,username_4576,2026-02-21T18:15:09Z,This is awesome — Cybertruck looks like the future! 🚀 (charging) 😄,positive
tweet_000001,c_04577,username_4577,2026-02-20T07:45:55Z,The engineering is wild. Congrats to the team! 😄,positive
tweet_000001,c_04578,username_4578,2026-02-20T13:45:00Z,Finally! Can't wait to see these on the road. (AWD),positive
tweet_000001,c_04579,username_4579,2026-02-21T04:58:11Z,So many delays… what's different now? (build quality),negative
tweet_000001,c_04580,username_4580,2026-02-20T06:45:10Z,Will there be different trims later? (delivery) 🧐,neutral
tweet_000001,c_04581,username_4581,2026-02-21T00:16:33Z,Specs keep changing — hard to plan.,negative
tweet_000001,c_04582,username_4582,2026-02-21T13:21:57Z,"Love the utilitarian focus. If specs hold, I'm in. (build quality)",positive
tweet_000001,c_04583,username_4583,2026-02-20T06:13:51Z,Feels like hype more than substance.,negative
tweet_000001,c_04584,username_4584,2026-02-20T23:33:39Z,Design is… not for me. (delivery),negative
tweet_000001,c_04585,username_4585,2026-02-20T23:12:25Z,Specs keep changing — hard to plan.,negative
tweet_000001,c_04586,username_4586,2026-02-20T10:50:36Z,I’ll believe it when I see consistent deliveries. (price),negative
tweet_000001,c_04587,username_4587,2026-02-20T02:22:16Z,Finally! Can't wait to see these on the road. (AWD),positive
tweet_000001,c_04588,username_4588,2026-02-20T20:54:06Z,"Love the utilitarian focus. If specs hold, I'm in. (suspension)",positive
tweet_000001,c_04589,username_4589,2026-02-20T02:29:21Z,So many delays… what's different now? (suspension),negative
tweet_000001,c_04590,username_4590,2026-02-21T11:47:56Z,I’ll believe it when I see consistent deliveries. (range) 🙄,negative
tweet_000001,c_04591,username_4591,2026-02-21T07:52:55Z,Waiting for real-world reviews. (AWD),neutral
tweet_000001,c_04592,username_4592,2026-02-21T11:29:52Z,Take my money. (kidding… mostly) 😄 (charging),positive
tweet_000001,c_04593,username_4593,2026-02-20T23:06:11Z,What’s the estimated lead time? (efficiency) 🧐,neutral
tweet_000001,c_04594,username_4594,2026-02-21T03:23:53Z,Design grows on you. The utility matters most. (price) 🔥,positive
tweet_000001,c_04595,username_4595,2026-02-20T08:57:06Z,"Love the utilitarian focus. If specs hold, I'm in. (price) 🙌",positive
tweet_000001,c_04596,username_4596,2026-02-21T19:35:21Z,When will deliveries start in more regions? (software updates),neutral
tweet_000001,c_04597,username_4597,2026-02-21T06:42:44Z,Specs keep changing — hard to plan.,negative
tweet_000001,c_04598,username_4598,2026-02-21T07:22:09Z,AWD option is a big win. 🔥 (software updates),positive
tweet_000001,c_04599,username_4599,2026-02-21T14:39:22Z,Take my money. (kidding… mostly) 😄 (charging) 🚀,positive
tweet_000001,c_04600,username_4600,2026-02-20T01:57:15Z,I like the direction — keep iterating. (towing),positive
tweet_000001,c_04601,username_4601,2026-02-20T02:58:15Z,I like the direction — keep iterating.,positive
tweet_000001,c_04602,username_4602,2026-02-22T01:07:00Z,Not convinced this is practical day-to-day.,negative
tweet_000001,c_04603,username_4603,2026-02-20T09:13:34Z,So many delays… what's different now? (towing),negative
tweet_000001,c_04604,username_4604,2026-02-21T18:33:22Z,Finally! Can't wait to see these on the road. (towing) 😄,positive
tweet_000001,c_04605,username_4605,2026-02-21T18:50:57Z,Not convinced this is practical day-to-day.,negative
tweet_000001,c_04606,username_4606,2026-02-20T15:55:48Z,Concerned about safety and repairs.,negative
tweet_000001,c_04607,username_4607,2026-02-20T10:33:37Z,Design is… not for me.,negative
tweet_000001,c_04608,username_4608,2026-02-20T21:32:13Z,I like the direction — keep iterating. (software updates) 🚀,positive
tweet_000001,c_04609,username_4609,2026-02-21T13:57:45Z,I’ll believe it when I see consistent deliveries. (serviceability),negative
tweet_000001,c_04610,username_4610,2026-02-21T07:07:16Z,Looks like Tesla is pushing boundaries again. (delivery) 🚀,positive
tweet_000001,c_04611,username_4611,2026-02-20T13:29:45Z,"Love the utilitarian focus. If specs hold, I'm in. ⚡",positive
tweet_000001,c_04612,username_4612,2026-02-21T13:03:07Z,Finally! Can't wait to see these on the road. ✅,positive
tweet_000001,c_04613,username_4613,2026-02-20T01:21:30Z,Do we have confirmed specs yet? 🤔,neutral
tweet_000001,c_04614,username_4614,2026-02-20T02:34:24Z,I like the direction — keep iterating. (AWD),positive
tweet_000001,c_04615,username_4615,2026-02-21T06:37:04Z,This could be great for work sites and towing. (price),positive
tweet_000001,c_04616,username_4616,2026-02-20T01:29:40Z,I like the direction — keep iterating. (features),positive
tweet_000001,c_04617,username_4617,2026-02-20T07:48:08Z,Limited-time offers feel gimmicky. (software updates),negative
tweet_000001,c_04618,username_4618,2026-02-20T02:56:06Z,So many delays… what's different now?,negative
tweet_000001,c_04619,username_4619,2026-02-21T05:14:49Z,Design grows on you. The utility matters most.,positive
tweet_000001,c_04620,username_4620,2026-02-20T18:22:09Z,I’ll believe it when I see consistent deliveries. 🤦,negative
tweet_000001,c_04621,username_4621,2026-02-21T19:37:40Z,Not convinced this is practical day-to-day.,negative
tweet_000001,c_04622,username_4622,2026-02-21T10:44:01Z,So many delays… what's different now? (range),negative
tweet_000001,c_04623,username_4623,2026-02-21T01:46:40Z,AWD option is a big win. 🔥 (price),positive
tweet_000001,c_04624,username_4624,2026-02-21T17:07:33Z,Concerned about safety and repairs. (towing),negative
tweet_000001,c_04625,username_4625,2026-02-20T04:12:31Z,Still too expensive for what it is. (serviceability),negative
tweet_000001,c_04626,username_4626,2026-02-21T20:10:30Z,Not convinced this is practical day-to-day. (AWD) 😕,negative
tweet_000001,c_04627,username_4627,2026-02-20T08:17:50Z,The engineering is wild. Congrats to the team! 🚀,positive
tweet_000001,c_04628,username_4628,2026-02-21T15:21:43Z,When will deliveries start in more regions? (efficiency),neutral
tweet_000001,c_04629,username_4629,2026-02-22T00:16:22Z,Waiting for real-world reviews.,neutral
tweet_000001,c_04630,username_4630,2026-02-20T11:33:19Z,Hope the build quality is solid.,neutral
tweet_000001,c_04631,username_4631,2026-02-20T02:34:23Z,The engineering is wild. Congrats to the team!,positive
tweet_000001,c_04632,username_4632,2026-02-20T02:07:35Z,"Love the utilitarian focus. If specs hold, I'm in. (stainless steel)",positive
tweet_000001,c_04633,username_4633,2026-02-20T21:28:26Z,Concerned about safety and repairs. (charging) 😒,negative
tweet_000001,c_04634,username_4634,2026-02-21T21:27:56Z,So many delays… what's different now? (serviceability),negative
tweet_000001,c_04635,username_4635,2026-02-20T21:09:13Z,Take my money. (kidding… mostly) 😄 (delivery),positive
tweet_000001,c_04636,username_4636,2026-02-20T08:12:12Z,Still too expensive for what it is. (towing),negative
tweet_000001,c_04637,username_4637,2026-02-20T02:25:02Z,Finally! Can't wait to see these on the road.,positive
tweet_000001,c_04638,username_4638,2026-02-20T07:55:12Z,Not convinced this is practical day-to-day. (delivery),negative
tweet_000001,c_04639,username_4639,2026-02-21T14:37:48Z,Feels like hype more than substance. (features) 😕,negative
tweet_000001,c_04640,username_4640,2026-02-20T12:07:15Z,Concerned about safety and repairs. (build quality) 😕,negative
tweet_000001,c_04641,username_4641,2026-02-21T13:25:54Z,Specs keep changing — hard to plan.,negative
tweet_000001,c_04642,username_4642,2026-02-21T11:17:50Z,The engineering is wild. Congrats to the team! 🔥,positive
tweet_000001,c_04643,username_4643,2026-02-21T07:13:14Z,Specs keep changing — hard to plan. (AWD) 🤦,negative
tweet_000001,c_04644,username_4644,2026-02-20T02:31:00Z,This is awesome — Cybertruck looks like the future! 🚀 (delivery),positive
tweet_000001,c_04645,username_4645,2026-02-21T18:01:44Z,I’ll believe it when I see consistent deliveries. (stainless steel) 😕,negative
tweet_000001,c_04646,username_4646,2026-02-21T07:44:12Z,Limited-time offers feel gimmicky.,negative
tweet_000001,c_04647,username_4647,2026-02-21T01:05:16Z,This rollout has been messy. (towing),negative
tweet_000001,c_04648,username_4648,2026-02-21T06:12:03Z,"Love the utilitarian focus. If specs hold, I'm in. 🙌",positive
tweet_000001,c_04649,username_4649,2026-02-20T13:50:22Z,Design is… not for me. (software updates),negative
tweet_000001,c_04650,username_4650,2026-02-20T05:09:58Z,"Love the utilitarian focus. If specs hold, I'm in. (AWD)",positive
tweet_000001,c_04651,username_4651,2026-02-21T10:37:15Z,"Love the utilitarian focus. If specs hold, I'm in. (suspension)",positive
tweet_000001,c_04652,username_4652,2026-02-20T14:02:59Z,Design is… not for me. 🤦,negative
tweet_000001,c_04653,username_4653,2026-02-20T06:14:54Z,Waiting for real-world reviews. (range),neutral
tweet_000001,c_04654,username_4654,2026-02-20T20:30:34Z,Not convinced this is practical day-to-day. 🤦,negative
tweet_000001,c_04655,username_4655,2026-02-21T08:56:31Z,Looks like Tesla is pushing boundaries again. (features),positive
tweet_000001,c_04656,username_4656,2026-02-20T20:04:37Z,AWD option is a big win. 🔥 (range),positive
tweet_000001,c_04657,username_4657,2026-02-20T23:29:34Z,I’ll believe it when I see consistent deliveries.,negative
tweet_000001,c_04658,username_4658,2026-02-21T07:45:28Z,Do we have confirmed specs yet? 🤔,neutral
tweet_000001,c_04659,username_4659,2026-02-20T09:02:48Z,Design grows on you. The utility matters most. (AWD) 😄,positive
tweet_000001,c_04660,username_4660,2026-02-21T22:49:41Z,Design is… not for me. 🙄,negative
tweet_000001,c_04661,username_4661,2026-02-20T20:08:39Z,Do we have confirmed specs yet? (software updates) 📅,neutral
tweet_000001,c_04662,username_4662,2026-02-21T16:11:23Z,Curious about charging speed on 800V. (stainless steel),neutral
tweet_000001,c_04663,username_4663,2026-02-20T10:26:27Z,How does this compare to the earlier announced configuration? 📅,neutral
tweet_000001,c_04664,username_4664,2026-02-20T01:31:34Z,Not convinced this is practical day-to-day. (software updates),negative
tweet_000001,c_04665,username_4665,2026-02-21T05:27:41Z,This rollout has been messy.,negative
tweet_000001,c_04666,username_4666,2026-02-20T12:21:54Z,I’ll believe it when I see consistent deliveries. (price),negative
tweet_000001,c_04667,username_4667,2026-02-21T22:29:56Z,This could be great for work sites and towing.,positive
tweet_000001,c_04668,username_4668,2026-02-21T16:59:32Z,Feels like hype more than substance. (towing),negative
tweet_000001,c_04669,username_4669,2026-02-20T22:37:06Z,Feels like hype more than substance. (price),negative
tweet_000001,c_04670,username_4670,2026-02-21T19:21:06Z,Still too expensive for what it is.,negative
tweet_000001,c_04671,username_4671,2026-02-20T03:54:28Z,Take my money. (kidding… mostly) 😄 🙌,positive
tweet_000001,c_04672,username_4672,2026-02-20T23:20:10Z,Not convinced this is practical day-to-day. (towing),negative
tweet_000001,c_04673,username_4673,2026-02-20T10:23:33Z,Design is… not for me. (towing),negative
tweet_000001,c_04674,username_4674,2026-02-20T23:38:55Z,This is awesome — Cybertruck looks like the future! 🚀 (software updates),positive
tweet_000001,c_04675,username_4675,2026-02-21T04:48:16Z,I like the direction — keep iterating. (price) ✅,positive
tweet_000001,c_04676,username_4676,2026-02-21T23:38:57Z,Concerned about safety and repairs.,negative
tweet_000001,c_04677,username_4677,2026-02-21T03:11:36Z,Finally! Can't wait to see these on the road. (serviceability),positive
tweet_000001,c_04678,username_4678,2026-02-20T02:30:06Z,Concerned about safety and repairs. ⚠️,negative
tweet_000001,c_04679,username_4679,2026-02-22T00:03:30Z,Limited-time offers feel gimmicky. 😒,negative
tweet_000001,c_04680,username_4680,2026-02-21T13:09:12Z,Do we have confirmed specs yet? (price),neutral
tweet_000001,c_04681,username_4681,2026-02-21T11:00:29Z,The engineering is wild. Congrats to the team! (efficiency),positive
tweet_000001,c_04682,username_4682,2026-02-20T23:35:05Z,The engineering is wild. Congrats to the team! (serviceability),positive
tweet_000001,c_04683,username_4683,2026-02-21T13:41:28Z,Not convinced this is practical day-to-day.,negative
tweet_000001,c_04684,username_4684,2026-02-21T15:42:53Z,I like the direction — keep iterating. (features),positive
tweet_000001,c_04685,username_4685,2026-02-20T02:56:21Z,Concerned about safety and repairs. (features) 😕,negative
tweet_000001,c_04686,username_4686,2026-02-20T08:35:12Z,This is awesome — Cybertruck looks like the future! 🚀 (delivery),positive
tweet_000001,c_04687,username_4687,2026-02-21T04:16:13Z,AWD option is a big win. 🔥 (suspension) ⚡,positive
tweet_000001,c_04688,username_4688,2026-02-20T14:49:46Z,The engineering is wild. Congrats to the team! 😄,positive
tweet_000001,c_04689,username_4689,2026-02-20T04:57:38Z,Is the limited-time offer available everywhere?,neutral
tweet_000001,c_04690,username_4690,2026-02-21T08:06:58Z,Still too expensive for what it is. 🙄,negative
tweet_000001,c_04691,username_4691,2026-02-20T08:34:00Z,I like the direction — keep iterating. (range) 🚀,positive
tweet_000001,c_04692,username_4692,2026-02-20T15:55:59Z,"Love the utilitarian focus. If specs hold, I'm in. (build quality)",positive
tweet_000001,c_04693,username_4693,2026-02-21T22:36:28Z,Design grows on you. The utility matters most. 🚀,positive
tweet_000001,c_04694,username_4694,2026-02-20T21:20:57Z,Interesting update. Any details on range and pricing? 📅,neutral
tweet_000001,c_04695,username_4695,2026-02-20T09:45:12Z,The engineering is wild. Congrats to the team! (suspension),positive
tweet_000001,c_04696,username_4696,2026-02-20T08:27:06Z,So many delays… what's different now?,negative
tweet_000001,c_04697,username_4697,2026-02-21T17:38:51Z,Will there be different trims later? (suspension) 📅,neutral
tweet_000001,c_04698,username_4698,2026-02-20T12:34:46Z,Waiting for real-world reviews.,neutral
tweet_000001,c_04699,username_4699,2026-02-20T04:57:30Z,I like the direction — keep iterating. (serviceability),positive
tweet_000001,c_04700,username_4700,2026-02-21T23:34:18Z,Feels like hype more than substance. ⚠️,negative
tweet_000001,c_04701,username_4701,2026-02-20T01:56:10Z,"Love the utilitarian focus. If specs hold, I'm in. (charging) ✅",positive
tweet_000001,c_04702,username_4702,2026-02-21T15:51:04Z,Finally! Can't wait to see these on the road. 🔥,positive
tweet_000001,c_04703,username_4703,2026-02-21T17:53:25Z,Not convinced this is practical day-to-day.,negative
tweet_000001,c_04704,username_4704,2026-02-21T15:18:12Z,Interesting update. Any details on range and pricing? (features),neutral
tweet_000001,c_04705,username_4705,2026-02-20T05:20:42Z,The engineering is wild. Congrats to the team! (software updates) 🚀,positive
tweet_000001,c_04706,username_4706,2026-02-21T17:29:01Z,I like the direction — keep iterating. (serviceability),positive
tweet_000001,c_04707,username_4707,2026-02-20T12:30:34Z,I’ll believe it when I see consistent deliveries.,negative
tweet_000001,c_04708,username_4708,2026-02-21T20:04:21Z,Take my money. (kidding… mostly) 😄 (charging),positive
tweet_000001,c_04709,username_4709,2026-02-21T16:14:31Z,Design is… not for me. (AWD) 🤦,negative
tweet_000001,c_04710,username_4710,2026-02-21T18:00:11Z,When will deliveries start in more regions? 🧐,neutral
tweet_000001,c_04711,username_4711,2026-02-21T17:05:00Z,This is awesome — Cybertruck looks like the future! 🚀,positive
tweet_000001,c_04712,username_4712,2026-02-21T03:55:32Z,Waiting for real-world reviews. (build quality) ℹ️,neutral
tweet_000001,c_04713,username_4713,2026-02-22T00:40:42Z,AWD option is a big win. 🔥 🔥,positive
tweet_000001,c_04714,username_4714,2026-02-20T16:46:51Z,Concerned about safety and repairs. 😕,negative
tweet_000001,c_04715,username_4715,2026-02-21T05:42:00Z,Hope the build quality is solid. (software updates),neutral
tweet_000001,c_04716,username_4716,2026-02-21T05:05:50Z,I like the direction — keep iterating. (charging) ⚡,positive
tweet_000001,c_04717,username_4717,2026-02-21T11:37:53Z,Interesting update. Any details on range and pricing? (charging),neutral
tweet_000001,c_04718,username_4718,2026-02-21T03:12:36Z,Limited-time offers feel gimmicky. (suspension) 😒,negative
tweet_000001,c_04719,username_4719,2026-02-21T03:48:17Z,Finally! Can't wait to see these on the road. (range),positive
tweet_000001,c_04720,username_4720,2026-02-21T06:51:20Z,Specs keep changing — hard to plan.,negative
tweet_000001,c_04721,username_4721,2026-02-20T01:34:16Z,This could be great for work sites and towing. ✅,positive
tweet_000001,c_04722,username_4722,2026-02-20T04:37:48Z,I like the direction — keep iterating.,positive
tweet_000001,c_04723,username_4723,2026-02-20T12:38:56Z,AWD option is a big win. 🔥,positive
tweet_000001,c_04724,username_4724,2026-02-20T09:26:32Z,Design grows on you. The utility matters most. (AWD),positive
tweet_000001,c_04725,username_4725,2026-02-20T22:15:43Z,I like the direction — keep iterating.,positive
tweet_000001,c_04726,username_4726,2026-02-20T17:17:54Z,This is awesome — Cybertruck looks like the future! 🚀 (price),positive
tweet_000001,c_04727,username_4727,2026-02-21T20:59:26Z,Limited-time offers feel gimmicky. 🙄,negative
tweet_000001,c_04728,username_4728,2026-02-20T04:39:41Z,I’ll believe it when I see consistent deliveries. (price),negative
tweet_000001,c_04729,username_4729,2026-02-21T03:48:31Z,Not convinced this is practical day-to-day.,negative
tweet_000001,c_04730,username_4730,2026-02-21T06:41:19Z,The engineering is wild. Congrats to the team! (serviceability),positive
tweet_000001,c_04731,username_4731,2026-02-20T18:11:33Z,AWD option is a big win. 🔥 (price) 🚀,positive
tweet_000001,c_04732,username_4732,2026-02-20T09:52:41Z,AWD option is a big win. 🔥,positive
tweet_000001,c_04733,username_4733,2026-02-20T12:34:15Z,Feels like hype more than substance. (features),negative
tweet_000001,c_04734,username_4734,2026-02-21T08:09:36Z,Limited-time offers feel gimmicky. (AWD),negative
tweet_000001,c_04735,username_4735,2026-02-21T00:37:15Z,"Love the utilitarian focus. If specs hold, I'm in. (features) 😄",positive
tweet_000001,c_04736,username_4736,2026-02-21T13:07:32Z,Looks like Tesla is pushing boundaries again. 🙌,positive
tweet_000001,c_04737,username_4737,2026-02-21T04:20:47Z,Hope the build quality is solid. (price),neutral
tweet_000001,c_04738,username_4738,2026-02-20T20:09:11Z,Finally! Can't wait to see these on the road. (efficiency) ⚡,positive
tweet_000001,c_04739,username_4739,2026-02-21T20:50:08Z,This could be great for work sites and towing. (suspension) 🔥,positive
tweet_000001,c_04740,username_4740,2026-02-20T22:46:39Z,Is the limited-time offer available everywhere? (suspension),neutral
tweet_000001,c_04741,username_4741,2026-02-21T04:10:43Z,Specs keep changing — hard to plan. (charging),negative
tweet_000001,c_04742,username_4742,2026-02-20T03:55:15Z,Looks like Tesla is pushing boundaries again. (price) 🔥,positive
tweet_000001,c_04743,username_4743,2026-02-20T05:42:09Z,I like the direction — keep iterating. (stainless steel) ✅,positive
tweet_000001,c_04744,username_4744,2026-02-22T00:45:06Z,Feels like hype more than substance. (efficiency),negative
tweet_000001,c_04745,username_4745,2026-02-21T12:17:11Z,This is awesome — Cybertruck looks like the future! 🚀 (charging) 🔥,positive
tweet_000001,c_04746,username_4746,2026-02-21T15:50:56Z,This is awesome — Cybertruck looks like the future! 🚀,positive
tweet_000001,c_04747,username_4747,2026-02-20T22:50:27Z,"Love the utilitarian focus. If specs hold, I'm in.",positive
tweet_000001,c_04748,username_4748,2026-02-21T00:51:57Z,This could be great for work sites and towing. 🔥,positive
tweet_000001,c_04749,username_4749,2026-02-21T18:13:08Z,Finally! Can't wait to see these on the road. (features),positive
tweet_000001,c_04750,username_4750,2026-02-21T15:42:12Z,Concerned about safety and repairs.,negative
tweet_000001,c_04751,username_4751,2026-02-20T14:47:22Z,I like the direction — keep iterating. (towing),positive
tweet_000001,c_04752,username_4752,2026-02-21T09:55:22Z,Take my money. (kidding… mostly) 😄 (delivery) ⚡,positive
tweet_000001,c_04753,username_4753,2026-02-21T04:43:13Z,Design is… not for me. (price),negative
tweet_000001,c_04754,username_4754,2026-02-20T16:17:19Z,Waiting for real-world reviews. (build quality),neutral
tweet_000001,c_04755,username_4755,2026-02-21T06:26:30Z,Feels like hype more than substance. (delivery),negative
tweet_000001,c_04756,username_4756,2026-02-20T10:22:47Z,Design is… not for me.,negative
tweet_000001,c_04757,username_4757,2026-02-21T13:56:47Z,This could be great for work sites and towing.,positive
tweet_000001,c_04758,username_4758,2026-02-20T03:26:59Z,Specs keep changing — hard to plan. (build quality),negative
tweet_000001,c_04759,username_4759,2026-02-21T20:18:31Z,Do we have confirmed specs yet? (suspension),neutral
tweet_000001,c_04760,username_4760,2026-02-21T04:13:48Z,Design is… not for me. (stainless steel),negative
tweet_000001,c_04761,username_4761,2026-02-21T15:28:00Z,Hope the build quality is solid.,neutral
tweet_000001,c_04762,username_4762,2026-02-21T19:19:03Z,Concerned about safety and repairs.,negative
tweet_000001,c_04763,username_4763,2026-02-21T01:05:18Z,So many delays… what's different now?,negative
tweet_000001,c_04764,username_4764,2026-02-20T19:59:28Z,This is awesome — Cybertruck looks like the future! 🚀 (efficiency),positive
tweet_000001,c_04765,username_4765,2026-02-21T00:40:23Z,Will there be different trims later? (suspension),neutral
tweet_000001,c_04766,username_4766,2026-02-21T20:36:14Z,Feels like hype more than substance. (stainless steel) 🙄,negative
tweet_000001,c_04767,username_4767,2026-02-21T09:01:22Z,Limited-time offers feel gimmicky. (range) 😒,negative
tweet_000001,c_04768,username_4768,2026-02-20T20:09:31Z,Finally! Can't wait to see these on the road.,positive
tweet_000001,c_04769,username_4769,2026-02-21T06:33:17Z,I’ll believe it when I see consistent deliveries. (AWD) 🙄,negative
tweet_000001,c_04770,username_4770,2026-02-20T14:01:30Z,Finally! Can't wait to see these on the road. (price),positive
tweet_000001,c_04771,username_4771,2026-02-21T11:05:41Z,Looks like Tesla is pushing boundaries again.,positive
tweet_000001,c_04772,username_4772,2026-02-21T21:25:55Z,"Love the utilitarian focus. If specs hold, I'm in. 🔥",positive
tweet_000001,c_04773,username_4773,2026-02-20T05:24:56Z,AWD option is a big win. 🔥 (build quality) ✅,positive
tweet_000001,c_04774,username_4774,2026-02-20T20:46:48Z,Not convinced this is practical day-to-day. (build quality) ⚠️,negative
tweet_000001,c_04775,username_4775,2026-02-20T14:02:44Z,"Love the utilitarian focus. If specs hold, I'm in.",positive
tweet_000001,c_04776,username_4776,2026-02-20T01:49:21Z,Design is… not for me. (features) 😕,negative
tweet_000001,c_04777,username_4777,2026-02-20T14:22:13Z,Take my money. (kidding… mostly) 😄,positive
tweet_000001,c_04778,username_4778,2026-02-21T17:16:12Z,This is awesome — Cybertruck looks like the future! 🚀 (towing) 😄,positive
tweet_000001,c_04779,username_4779,2026-02-20T20:48:41Z,This could be great for work sites and towing. 🙌,positive
tweet_000001,c_04780,username_4780,2026-02-20T03:05:25Z,"Love the utilitarian focus. If specs hold, I'm in. (features) 🔥",positive
tweet_000001,c_04781,username_4781,2026-02-20T07:06:12Z,Take my money. (kidding… mostly) 😄,positive
tweet_000001,c_04782,username_4782,2026-02-20T04:06:52Z,Looks like Tesla is pushing boundaries again.,positive
tweet_000001,c_04783,username_4783,2026-02-20T22:27:17Z,Hope the build quality is solid. (delivery),neutral
tweet_000001,c_04784,username_4784,2026-02-21T10:39:41Z,Finally! Can't wait to see these on the road. (towing) 🔥,positive
tweet_000001,c_04785,username_4785,2026-02-20T09:29:16Z,This could be great for work sites and towing. (towing),positive
tweet_000001,c_04786,username_4786,2026-02-21T08:47:48Z,The engineering is wild. Congrats to the team! 🔥,positive
tweet_000001,c_04787,username_4787,2026-02-21T18:14:00Z,Still too expensive for what it is.,negative
tweet_000001,c_04788,username_4788,2026-02-21T00:55:22Z,Specs keep changing — hard to plan. (stainless steel),negative
tweet_000001,c_04789,username_4789,2026-02-21T21:52:08Z,What’s the estimated lead time? (suspension),neutral
tweet_000001,c_04790,username_4790,2026-02-21T21:17:01Z,The engineering is wild. Congrats to the team! (suspension) 😄,positive
tweet_000001,c_04791,username_4791,2026-02-20T14:22:13Z,I like the direction — keep iterating. 🙌,positive
tweet_000001,c_04792,username_4792,2026-02-20T09:49:59Z,Concerned about safety and repairs. (efficiency) 😒,negative
tweet_000001,c_04793,username_4793,2026-02-21T08:30:22Z,This is awesome — Cybertruck looks like the future! 🚀 (software updates),positive
tweet_000001,c_04794,username_4794,2026-02-21T10:12:16Z,Take my money. (kidding… mostly) 😄,positive
tweet_000001,c_04795,username_4795,2026-02-21T10:16:53Z,Finally! Can't wait to see these on the road. (towing) 🔥,positive
tweet_000001,c_04796,username_4796,2026-02-21T20:04:30Z,This could be great for work sites and towing. (suspension),positive
tweet_000001,c_04797,username_4797,2026-02-21T04:27:26Z,This is awesome — Cybertruck looks like the future! 🚀 (range),positive
tweet_000001,c_04798,username_4798,2026-02-21T17:01:05Z,Concerned about safety and repairs. (range),negative
tweet_000001,c_04799,username_4799,2026-02-21T13:18:23Z,Looks like Tesla is pushing boundaries again.,positive
tweet_000001,c_04800,username_4800,2026-02-20T02:49:48Z,Curious about charging speed on 800V. (range),neutral
tweet_000001,c_04801,username_4801,2026-02-20T08:46:14Z,Design grows on you. The utility matters most.,positive
tweet_000001,c_04802,username_4802,2026-02-21T20:34:41Z,This is awesome — Cybertruck looks like the future! 🚀 (features) ✅,positive
tweet_000001,c_04803,username_4803,2026-02-20T23:02:37Z,Design is… not for me. 😒,negative
tweet_000001,c_04804,username_4804,2026-02-21T18:55:57Z,This is awesome — Cybertruck looks like the future! 🚀 (delivery),positive
tweet_000001,c_04805,username_4805,2026-02-21T02:37:36Z,Design is… not for me. (delivery) 🙄,negative
tweet_000001,c_04806,username_4806,2026-02-20T19:04:01Z,Waiting for real-world reviews. (delivery),neutral
tweet_000001,c_04807,username_4807,2026-02-22T00:43:31Z,Looks like Tesla is pushing boundaries again. (range) ⚡,positive
tweet_000001,c_04808,username_4808,2026-02-20T17:43:28Z,This rollout has been messy. (features),negative
tweet_000001,c_04809,username_4809,2026-02-20T03:40:53Z,The engineering is wild. Congrats to the team!,positive
tweet_000001,c_04810,username_4810,2026-02-21T17:37:08Z,Not convinced this is practical day-to-day. (features) 🙄,negative
tweet_000001,c_04811,username_4811,2026-02-20T19:08:03Z,The engineering is wild. Congrats to the team! 🔥,positive
tweet_000001,c_04812,username_4812,2026-02-21T05:56:54Z,I’ll believe it when I see consistent deliveries. (delivery) 😒,negative
tweet_000001,c_04813,username_4813,2026-02-20T03:11:26Z,Looks like Tesla is pushing boundaries again. (suspension),positive
tweet_000001,c_04814,username_4814,2026-02-22T00:13:31Z,Do we have confirmed specs yet? (features) 🧐,neutral
tweet_000001,c_04815,username_4815,2026-02-20T07:50:15Z,I’ll believe it when I see consistent deliveries. ⚠️,negative
tweet_000001,c_04816,username_4816,2026-02-21T20:49:38Z,Concerned about safety and repairs. (serviceability),negative
tweet_000001,c_04817,username_4817,2026-02-20T11:00:00Z,Still too expensive for what it is. (AWD),negative
tweet_000001,c_04818,username_4818,2026-02-21T06:29:07Z,Design is… not for me. (charging) ⚠️,negative
tweet_000001,c_04819,username_4819,2026-02-20T21:28:58Z,I’ll believe it when I see consistent deliveries. (range),negative
tweet_000001,c_04820,username_4820,2026-02-21T20:35:53Z,AWD option is a big win. 🔥,positive
tweet_000001,c_04821,username_4821,2026-02-21T09:52:56Z,Looks like Tesla is pushing boundaries again.,positive
tweet_000001,c_04822,username_4822,2026-02-21T19:55:05Z,Finally! Can't wait to see these on the road. (charging) 🔥,positive
tweet_000001,c_04823,username_4823,2026-02-20T08:31:21Z,This could be great for work sites and towing. (suspension),positive
tweet_000001,c_04824,username_4824,2026-02-21T08:05:31Z,AWD option is a big win. 🔥 (delivery),positive
tweet_000001,c_04825,username_4825,2026-02-21T14:17:31Z,Will there be different trims later? (price),neutral
tweet_000001,c_04826,username_4826,2026-02-20T11:34:49Z,This is awesome — Cybertruck looks like the future! 🚀,positive
tweet_000001,c_04827,username_4827,2026-02-21T09:54:49Z,Design is… not for me. (serviceability),negative
tweet_000001,c_04828,username_4828,2026-02-21T16:03:54Z,AWD option is a big win. 🔥 (delivery) 🔥,positive
tweet_000001,c_04829,username_4829,2026-02-20T13:21:12Z,"Love the utilitarian focus. If specs hold, I'm in. (suspension) ✅",positive
tweet_000001,c_04830,username_4830,2026-02-21T03:04:23Z,Interesting update. Any details on range and pricing? (towing) ℹ️,neutral
tweet_000001,c_04831,username_4831,2026-02-20T08:33:30Z,So many delays… what's different now? 😕,negative
tweet_000001,c_04832,username_4832,2026-02-21T14:55:39Z,Feels like hype more than substance. (serviceability),negative
tweet_000001,c_04833,username_4833,2026-02-20T11:25:10Z,Is the limited-time offer available everywhere? (delivery),neutral
tweet_000001,c_04834,username_4834,2026-02-20T19:33:03Z,Finally! Can't wait to see these on the road. (price),positive
tweet_000001,c_04835,username_4835,2026-02-20T18:27:15Z,Is the limited-time offer available everywhere?,neutral
tweet_000001,c_04836,username_4836,2026-02-21T16:32:59Z,"Love the utilitarian focus. If specs hold, I'm in. (suspension)",positive
tweet_000001,c_04837,username_4837,2026-02-20T01:47:26Z,AWD option is a big win. 🔥,positive
tweet_000001,c_04838,username_4838,2026-02-20T04:16:05Z,Take my money. (kidding… mostly) 😄 (software updates),positive
tweet_000001,c_04839,username_4839,2026-02-20T15:41:16Z,The engineering is wild. Congrats to the team!,positive
tweet_000001,c_04840,username_4840,2026-02-21T20:07:59Z,Design grows on you. The utility matters most.,positive
tweet_000001,c_04841,username_4841,2026-02-20T08:11:15Z,This rollout has been messy.,negative
tweet_000001,c_04842,username_4842,2026-02-20T13:19:57Z,This rollout has been messy. (build quality),negative
tweet_000001,c_04843,username_4843,2026-02-21T08:48:04Z,AWD option is a big win. 🔥 (build quality) 🙌,positive
tweet_000001,c_04844,username_4844,2026-02-21T03:24:42Z,I like the direction — keep iterating. (suspension),positive
tweet_000001,c_04845,username_4845,2026-02-21T00:35:53Z,Take my money. (kidding… mostly) 😄,positive
tweet_000001,c_04846,username_4846,2026-02-21T06:42:25Z,Finally! Can't wait to see these on the road. (build quality) 😄,positive
tweet_000001,c_04847,username_4847,2026-02-20T10:22:34Z,So many delays… what's different now?,negative
tweet_000001,c_04848,username_4848,2026-02-20T17:01:48Z,Looks like Tesla is pushing boundaries again. 🙌,positive
tweet_000001,c_04849,username_4849,2026-02-21T05:46:45Z,I’ll believe it when I see consistent deliveries. (delivery) ⚠️,negative
tweet_000001,c_04850,username_4850,2026-02-20T01:52:40Z,"Love the utilitarian focus. If specs hold, I'm in. (stainless steel)",positive
tweet_000001,c_04851,username_4851,2026-02-21T23:32:06Z,Concerned about safety and repairs. (towing),negative
tweet_000001,c_04852,username_4852,2026-02-21T17:28:46Z,Take my money. (kidding… mostly) 😄 (features) 🔥,positive
tweet_000001,c_04853,username_4853,2026-02-22T00:17:56Z,Still too expensive for what it is. (delivery),negative
tweet_000001,c_04854,username_4854,2026-02-20T19:08:24Z,AWD option is a big win. 🔥 (serviceability),positive
tweet_000001,c_04855,username_4855,2026-02-21T20:30:19Z,Interesting update. Any details on range and pricing?,neutral
tweet_000001,c_04856,username_4856,2026-02-22T00:57:16Z,Take my money. (kidding… mostly) 😄 (suspension),positive
tweet_000001,c_04857,username_4857,2026-02-20T11:02:06Z,Take my money. (kidding… mostly) 😄 (towing),positive
tweet_000001,c_04858,username_4858,2026-02-21T02:12:14Z,Still too expensive for what it is.,negative
tweet_000001,c_04859,username_4859,2026-02-20T15:23:29Z,I’ll believe it when I see consistent deliveries. (towing),negative
tweet_000001,c_04860,username_4860,2026-02-20T02:36:58Z,Design is… not for me. 😕,negative
tweet_000001,c_04861,username_4861,2026-02-21T19:06:52Z,Do we have confirmed specs yet? (features) ℹ️,neutral
tweet_000001,c_04862,username_4862,2026-02-20T11:02:30Z,I’ll believe it when I see consistent deliveries. (charging) 😒,negative
tweet_000001,c_04863,username_4863,2026-02-20T17:25:46Z,Take my money. (kidding… mostly) 😄,positive
tweet_000001,c_04864,username_4864,2026-02-21T07:49:26Z,This is awesome — Cybertruck looks like the future! 🚀 😄,positive
tweet_000001,c_04865,username_4865,2026-02-22T01:14:32Z,This is awesome — Cybertruck looks like the future! 🚀 (towing),positive
tweet_000001,c_04866,username_4866,2026-02-21T07:41:12Z,Interesting update. Any details on range and pricing? (software updates),neutral
tweet_000001,c_04867,username_4867,2026-02-21T05:42:57Z,AWD option is a big win. 🔥 (build quality),positive
tweet_000001,c_04868,username_4868,2026-02-21T03:01:35Z,This is awesome — Cybertruck looks like the future! 🚀 (stainless steel) 🔥,positive
tweet_000001,c_04869,username_4869,2026-02-20T15:48:18Z,Is the limited-time offer available everywhere? (charging),neutral
tweet_000001,c_04870,username_4870,2026-02-22T01:14:22Z,I’ll believe it when I see consistent deliveries.,negative
tweet_000001,c_04871,username_4871,2026-02-20T16:13:13Z,The engineering is wild. Congrats to the team! ⚡,positive
tweet_000001,c_04872,username_4872,2026-02-21T22:11:40Z,AWD option is a big win. 🔥 (price),positive
tweet_000001,c_04873,username_4873,2026-02-20T23:04:16Z,Finally! Can't wait to see these on the road.,positive
tweet_000001,c_04874,username_4874,2026-02-21T05:34:57Z,Looks like Tesla is pushing boundaries again. (towing) ⚡,positive
tweet_000001,c_04875,username_4875,2026-02-20T15:34:04Z,This could be great for work sites and towing. (charging),positive
tweet_000001,c_04876,username_4876,2026-02-21T05:31:46Z,What’s the estimated lead time? (software updates),neutral
tweet_000001,c_04877,username_4877,2026-02-20T03:33:15Z,Will there be different trims later? 🧐,neutral
tweet_000001,c_04878,username_4878,2026-02-21T21:15:41Z,Specs keep changing — hard to plan. (range),negative
tweet_000001,c_04879,username_4879,2026-02-21T08:27:26Z,"Love the utilitarian focus. If specs hold, I'm in. (stainless steel) 🙌",positive
tweet_000001,c_04880,username_4880,2026-02-21T09:23:25Z,Still too expensive for what it is.,negative
tweet_000001,c_04881,username_4881,2026-02-21T13:15:07Z,Design grows on you. The utility matters most. ✅,positive
tweet_000001,c_04882,username_4882,2026-02-20T14:33:27Z,Interesting update. Any details on range and pricing? ℹ️,neutral
tweet_000001,c_04883,username_4883,2026-02-21T09:40:31Z,Specs keep changing — hard to plan. (towing) 🤦,negative
tweet_000001,c_04884,username_4884,2026-02-20T13:29:57Z,The engineering is wild. Congrats to the team! (software updates),positive
tweet_000001,c_04885,username_4885,2026-02-20T15:32:57Z,I like the direction — keep iterating.,positive
tweet_000001,c_04886,username_4886,2026-02-21T09:55:07Z,So many delays… what's different now? ⚠️,negative
tweet_000001,c_04887,username_4887,2026-02-20T22:36:58Z,I like the direction — keep iterating. (AWD) 🔥,positive
tweet_000001,c_04888,username_4888,2026-02-21T07:41:21Z,Not convinced this is practical day-to-day. (towing),negative
tweet_000001,c_04889,username_4889,2026-02-20T13:50:39Z,The engineering is wild. Congrats to the team! (suspension),positive
tweet_000001,c_04890,username_4890,2026-02-20T05:51:12Z,Still too expensive for what it is. ⚠️,negative
tweet_000001,c_04891,username_4891,2026-02-20T17:47:22Z,I like the direction — keep iterating.,positive
tweet_000001,c_04892,username_4892,2026-02-21T00:02:18Z,This could be great for work sites and towing. 🚀,positive
tweet_000001,c_04893,username_4893,2026-02-21T05:42:29Z,Is the limited-time offer available everywhere? (features),neutral
tweet_000001,c_04894,username_4894,2026-02-20T02:24:55Z,This is awesome — Cybertruck looks like the future! 🚀 (AWD),positive
tweet_000001,c_04895,username_4895,2026-02-20T06:54:16Z,AWD option is a big win. 🔥 😄,positive
tweet_000001,c_04896,username_4896,2026-02-22T00:24:09Z,Take my money. (kidding… mostly) 😄 😄,positive
tweet_000001,c_04897,username_4897,2026-02-21T14:02:12Z,I like the direction — keep iterating. (AWD),positive
tweet_000001,c_04898,username_4898,2026-02-21T06:05:56Z,Take my money. (kidding… mostly) 😄 (features),positive
tweet_000001,c_04899,username_4899,2026-02-22T00:42:52Z,Looks like Tesla is pushing boundaries again. 😄,positive
tweet_000001,c_04900,username_4900,2026-02-21T11:16:54Z,I’ll believe it when I see consistent deliveries.,negative
tweet_000001,c_04901,username_4901,2026-02-20T18:16:39Z,Take my money. (kidding… mostly) 😄 (features),positive
tweet_000001,c_04902,username_4902,2026-02-20T06:08:21Z,Waiting for real-world reviews.,neutral
tweet_000001,c_04903,username_4903,2026-02-20T07:35:40Z,I like the direction — keep iterating. (build quality),positive
tweet_000001,c_04904,username_4904,2026-02-21T18:50:50Z,This is awesome — Cybertruck looks like the future! 🚀 😄,positive
tweet_000001,c_04905,username_4905,2026-02-20T13:24:21Z,So many delays… what's different now? 😒,negative
tweet_000001,c_04906,username_4906,2026-02-20T23:40:57Z,Looks like Tesla is pushing boundaries again. (charging),positive
tweet_000001,c_04907,username_4907,2026-02-21T18:10:50Z,Concerned about safety and repairs. (AWD),negative
tweet_000001,c_04908,username_4908,2026-02-21T08:26:43Z,This is awesome — Cybertruck looks like the future! 🚀 (range) 🔥,positive
tweet_000001,c_04909,username_4909,2026-02-21T09:35:46Z,Specs keep changing — hard to plan.,negative
tweet_000001,c_04910,username_4910,2026-02-20T19:08:14Z,Do we have confirmed specs yet? (charging),neutral
tweet_000001,c_04911,username_4911,2026-02-20T16:36:49Z,Still too expensive for what it is.,negative
tweet_000001,c_04912,username_4912,2026-02-20T10:00:20Z,What’s the estimated lead time? ℹ️,neutral
tweet_000001,c_04913,username_4913,2026-02-21T07:52:45Z,Will there be different trims later?,neutral
tweet_000001,c_04914,username_4914,2026-02-21T19:05:37Z,AWD option is a big win. 🔥,positive
tweet_000001,c_04915,username_4915,2026-02-21T14:31:31Z,This could be great for work sites and towing. (build quality),positive
tweet_000001,c_04916,username_4916,2026-02-20T17:07:35Z,Not convinced this is practical day-to-day.,negative
tweet_000001,c_04917,username_4917,2026-02-20T04:38:59Z,Take my money. (kidding… mostly) 😄 (AWD),positive
tweet_000001,c_04918,username_4918,2026-02-20T16:07:49Z,AWD option is a big win. 🔥 🙌,positive
tweet_000001,c_04919,username_4919,2026-02-21T22:14:43Z,Not convinced this is practical day-to-day.,negative
tweet_000001,c_04920,username_4920,2026-02-20T03:00:09Z,Looks like Tesla is pushing boundaries again.,positive
tweet_000001,c_04921,username_4921,2026-02-20T02:50:42Z,Specs keep changing — hard to plan. (delivery),negative
tweet_000001,c_04922,username_4922,2026-02-21T10:24:43Z,Still too expensive for what it is. (build quality),negative
tweet_000001,c_04923,username_4923,2026-02-20T06:54:41Z,What’s the estimated lead time?,neutral
tweet_000001,c_04924,username_4924,2026-02-21T09:29:32Z,Still too expensive for what it is. (AWD) 😕,negative
tweet_000001,c_04925,username_4925,2026-02-20T06:19:38Z,Take my money. (kidding… mostly) 😄,positive
tweet_000001,c_04926,username_4926,2026-02-20T02:19:47Z,This could be great for work sites and towing. (features),positive
tweet_000001,c_04927,username_4927,2026-02-20T14:09:41Z,What’s the estimated lead time? ℹ️,neutral
tweet_000001,c_04928,username_4928,2026-02-21T12:58:11Z,"Love the utilitarian focus. If specs hold, I'm in. (software updates)",positive
tweet_000001,c_04929,username_4929,2026-02-20T16:06:36Z,Design is… not for me. (charging),negative
tweet_000001,c_04930,username_4930,2026-02-20T01:41:32Z,Not convinced this is practical day-to-day. (towing),negative
tweet_000001,c_04931,username_4931,2026-02-20T13:44:48Z,Take my money. (kidding… mostly) 😄 (delivery) ⚡,positive
tweet_000001,c_04932,username_4932,2026-02-21T20:18:41Z,I like the direction — keep iterating.,positive
tweet_000001,c_04933,username_4933,2026-02-20T07:35:32Z,Design is… not for me. 😒,negative
tweet_000001,c_04934,username_4934,2026-02-20T02:39:13Z,"Love the utilitarian focus. If specs hold, I'm in. (features)",positive
tweet_000001,c_04935,username_4935,2026-02-21T07:43:39Z,How does this compare to the earlier announced configuration? (software updates),neutral
tweet_000001,c_04936,username_4936,2026-02-20T05:52:28Z,Design grows on you. The utility matters most. (build quality),positive
tweet_000001,c_04937,username_4937,2026-02-20T01:23:42Z,This rollout has been messy. (serviceability),negative
tweet_000001,c_04938,username_4938,2026-02-20T21:01:26Z,Do we have confirmed specs yet? (build quality),neutral
tweet_000001,c_04939,username_4939,2026-02-20T21:29:19Z,Design is… not for me.,negative
tweet_000001,c_04940,username_4940,2026-02-20T06:44:11Z,Feels like hype more than substance. 🤦,negative
tweet_000001,c_04941,username_4941,2026-02-21T13:48:15Z,This is awesome — Cybertruck looks like the future! 🚀 (software updates),positive
tweet_000001,c_04942,username_4942,2026-02-20T20:59:21Z,The engineering is wild. Congrats to the team! ⚡,positive
tweet_000001,c_04943,username_4943,2026-02-21T15:40:34Z,So many delays… what's different now?,negative
tweet_000001,c_04944,username_4944,2026-02-20T05:01:20Z,"Love the utilitarian focus. If specs hold, I'm in. (towing)",positive
tweet_000001,c_04945,username_4945,2026-02-21T19:33:04Z,I’ll believe it when I see consistent deliveries.,negative
tweet_000001,c_04946,username_4946,2026-02-20T08:01:59Z,This rollout has been messy. (charging),negative
tweet_000001,c_04947,username_4947,2026-02-20T09:34:59Z,How does this compare to the earlier announced configuration? (serviceability),neutral
tweet_000001,c_04948,username_4948,2026-02-21T07:16:13Z,Specs keep changing — hard to plan. (range) 😒,negative
tweet_000001,c_04949,username_4949,2026-02-21T23:03:35Z,Not convinced this is practical day-to-day. (efficiency),negative
tweet_000001,c_04950,username_4950,2026-02-20T06:01:34Z,Feels like hype more than substance. (delivery),negative
tweet_000001,c_04951,username_4951,2026-02-21T20:59:13Z,Take my money. (kidding… mostly) 😄 (efficiency),positive
tweet_000001,c_04952,username_4952,2026-02-20T22:48:10Z,AWD option is a big win. 🔥 🚀,positive
tweet_000001,c_04953,username_4953,2026-02-20T02:39:03Z,This could be great for work sites and towing. (build quality),positive
tweet_000001,c_04954,username_4954,2026-02-21T01:55:35Z,So many delays… what's different now? (efficiency),negative
tweet_000001,c_04955,username_4955,2026-02-20T21:19:09Z,When will deliveries start in more regions? (build quality) 🤔,neutral
tweet_000001,c_04956,username_4956,2026-02-21T20:55:44Z,Concerned about safety and repairs. 🤦,negative
tweet_000001,c_04957,username_4957,2026-02-21T06:49:28Z,Take my money. (kidding… mostly) 😄 (build quality) 🔥,positive
tweet_000001,c_04958,username_4958,2026-02-20T02:28:09Z,Do we have confirmed specs yet?,neutral
tweet_000001,c_04959,username_4959,2026-02-21T23:31:59Z,Finally! Can't wait to see these on the road.,positive
tweet_000001,c_04960,username_4960,2026-02-20T20:30:53Z,Specs keep changing — hard to plan. (stainless steel),negative
tweet_000001,c_04961,username_4961,2026-02-21T05:01:44Z,Curious about charging speed on 800V.,neutral
tweet_000001,c_04962,username_4962,2026-02-21T15:15:18Z,This could be great for work sites and towing. 🚀,positive
tweet_000001,c_04963,username_4963,2026-02-20T22:44:54Z,Finally! Can't wait to see these on the road. (efficiency),positive
tweet_000001,c_04964,username_4964,2026-02-20T16:54:07Z,Concerned about safety and repairs. (serviceability) 🙄,negative
tweet_000001,c_04965,username_4965,2026-02-20T17:28:33Z,How does this compare to the earlier announced configuration? (range) 🧐,neutral
tweet_000001,c_04966,username_4966,2026-02-21T18:44:49Z,This could be great for work sites and towing. (suspension) 🙌,positive
tweet_000001,c_04967,username_4967,2026-02-21T04:40:55Z,Feels like hype more than substance. (features) 🤦,negative
tweet_000001,c_04968,username_4968,2026-02-21T00:25:26Z,I’ll believe it when I see consistent deliveries.,negative
tweet_000001,c_04969,username_4969,2026-02-20T23:42:09Z,Still too expensive for what it is. (AWD),negative
tweet_000001,c_04970,username_4970,2026-02-21T08:11:28Z,AWD option is a big win. 🔥 (price),positive
tweet_000001,c_04971,username_4971,2026-02-21T09:15:42Z,Waiting for real-world reviews. 🤔,neutral
tweet_000001,c_04972,username_4972,2026-02-20T18:56:59Z,Concerned about safety and repairs. 😒,negative
tweet_000001,c_04973,username_4973,2026-02-21T17:03:56Z,Curious about charging speed on 800V. (suspension),neutral
tweet_000001,c_04974,username_4974,2026-02-21T13:32:35Z,Design is… not for me. (towing),negative
tweet_000001,c_04975,username_4975,2026-02-21T06:22:54Z,Take my money. (kidding… mostly) 😄 (AWD),positive
tweet_000001,c_04976,username_4976,2026-02-20T18:03:28Z,Take my money. (kidding… mostly) 😄 (software updates),positive
tweet_000001,c_04977,username_4977,2026-02-21T21:15:18Z,Design grows on you. The utility matters most.,positive
tweet_000001,c_04978,username_4978,2026-02-21T19:52:14Z,"Love the utilitarian focus. If specs hold, I'm in. (serviceability) 😄",positive
tweet_000001,c_04979,username_4979,2026-02-20T13:56:00Z,Finally! Can't wait to see these on the road.,positive
tweet_000001,c_04980,username_4980,2026-02-20T14:47:37Z,Design grows on you. The utility matters most. (delivery) 😄,positive
tweet_000001,c_04981,username_4981,2026-02-21T18:17:44Z,So many delays… what's different now? (software updates),negative
tweet_000001,c_04982,username_4982,2026-02-20T06:32:30Z,This could be great for work sites and towing.,positive
tweet_000001,c_04983,username_4983,2026-02-21T06:58:22Z,I’ll believe it when I see consistent deliveries. (stainless steel),negative
tweet_000001,c_04984,username_4984,2026-02-21T20:12:47Z,So many delays… what's different now? 😒,negative
tweet_000001,c_04985,username_4985,2026-02-21T17:09:57Z,Do we have confirmed specs yet? (features),neutral
tweet_000001,c_04986,username_4986,2026-02-21T12:01:03Z,Take my money. (kidding… mostly) 😄 (charging),positive
tweet_000001,c_04987,username_4987,2026-02-21T10:05:11Z,So many delays… what's different now? (features),negative
tweet_000001,c_04988,username_4988,2026-02-20T23:10:33Z,When will deliveries start in more regions? (build quality) 🧐,neutral
tweet_000001,c_04989,username_4989,2026-02-21T21:31:25Z,Design is… not for me. (AWD),negative
tweet_000001,c_04990,username_4990,2026-02-20T15:03:22Z,So many delays… what's different now? (delivery),negative
tweet_000001,c_04991,username_4991,2026-02-20T03:23:08Z,Still too expensive for what it is. 😕,negative
tweet_000001,c_04992,username_4992,2026-02-22T00:45:15Z,How does this compare to the earlier announced configuration? 🤔,neutral
tweet_000001,c_04993,username_4993,2026-02-20T23:27:23Z,The engineering is wild. Congrats to the team!,positive
tweet_000001,c_04994,username_4994,2026-02-21T18:19:15Z,When will deliveries start in more regions? (price) 📅,neutral
tweet_000001,c_04995,username_4995,2026-02-21T00:39:12Z,Finally! Can't wait to see these on the road.,positive
tweet_000001,c_04996,username_4996,2026-02-21T11:28:47Z,I’ll believe it when I see consistent deliveries. (serviceability),negative
tweet_000001,c_04997,username_4997,2026-02-22T00:10:32Z,Looks like Tesla is pushing boundaries again. 🔥,positive
tweet_000001,c_04998,username_4998,2026-02-20T11:06:42Z,AWD option is a big win. 🔥 ⚡,positive
tweet_000001,c_04999,username_4999,2026-02-22T00:30:22Z,I’ll believe it when I see consistent deliveries. (delivery) 🙄,negative
tweet_000001,c_05000,username_5000,2026-02-20T03:30:21Z,Hope the build quality is solid.,neutral
